make_year,mileage_kmpl,engine_cc,owner_count,accidents_reported,car_age,fuel_type_Electric,fuel_type_Petrol,brand_Chevrolet,brand_Ford,brand_Honda,brand_Hyundai,brand_Kia,brand_Nissan,brand_Tesla,brand_Toyota,brand_Volkswagen,transmission_Manual,color_Blue,color_Gray,color_Red,color_Silver,color_White,service_history_Partial,insurance_valid_Yes
1067.852448763861,-713.9713525599425,4059.2185127528405,1153.642238320137,34.112566422859786,0.0,-248.1583409952845,2.984359753090912,0.4939129227715546,1.0189957636619664,-6.784135643181847,9.948319884641103,-1.551462038784047,-23.92407852084921,-3.243900596470394,0.6810978714057444,2.0823271237831924,-2.753680813373768,1.815582266483361,1.8776835412763535,-6.149482729868806,13.93138149531136,22.632364801140106,1.6145212761994308,43.554303835358525
1045.2498564406926,-348.0928549562436,-2197.5448753107285,-493.9969440897142,2.131795818709895,0.0,-314.09282885168335,-4.445925010068202,-4.9636065548442225,0.787262765902518,0.968675198798912,1.43767446868364,1.6544574897923259,-1.5133430572737165,0.21781947383196576,0.7153397509322585,-4.3279262702138555,0.08939967425671261,2.510392927101791,-2.624296888893464,-7.204575000136899,3.6369793379531776,10.503053464725662,6.149161126754558,10.18069539872581
-720.0316796172599,297.19863378897384,-349.73628171900054,982.3847989666666,-14.505044195286606,0.0,-284.2121221856898,-18.895083190556043,0.6359837122077571,0.5762212478886313,-1.3659677028809911,15.490996254489971,-7.070860088940255,-1.2200444775024613,0.5903427841455469,0.35822762891449816,-5.8114497465426025,-5.364306822714658,-25.734463462844506,17.406879184719838,-12.748735857514593,6.2974820884725204,-0.7344604626644499,-2.5872483207932606,-12.202501471501902
-2119.6920883988755,862.2919560230298,-2286.6822822012127,36.23717915021855,4.101403642034712,0.0,-309.14180970484426,9.949922438787581,3.2257234518773186,1.4926263941937612,4.672926749331356,0.5843051113026327,-1.6389424345755892,-0.6830002336093614,14.202755397165033,4.058022952436682,22.162989598111796,0.8028958536082661,1.964794505805223,1.7242353082237067,-2.070961750470735,15.03017076153715,4.874523423872928,12.429392700015915,0.30148553300504977
-1873.2777686498848,233.3749628693687,4079.0608217508134,-961.151871495806,8.304260725681889,0.0,-257.8782973977427,-3.281313049145446,10.443795351862352,12.920088473874808,-14.856565937092714,-10.142633108571246,0.8665330545985417,8.686514253777537,-4.122009597262274,7.014619336997827,1.350686295969321,3.7221139837782107,-9.196337778487731,-7.802724789197688,-5.31228682407101,-1.0477133053650534,-1.5612357544814857,50.667595504975274,59.642287256419465
277.0283615456518,1509.1976968795136,-1703.201392636062,-76.96345932487404,28.16209626393868,0.0,-313.24025807159825,3.8356173165923333,0.3883053063027635,-1.0181799417161757,-0.794645245979297,1.4423631225969542,0.20964025557789492,-27.734546627750593,0.9149917751744427,0.3150715366822136,-3.014988311980039,2.199532748213005,1.8597304913287447,-58.84461533046162,-9.813521229043353,7.468628270203109,2.58993933340484,16.41239939195033,11.164874123806008
2159.7039903209593,-462.74414787776635,-821.8893726497284,1057.4512882569347,10.26080630728917,0.0,-271.4047789097725,39.41061121773374,1.0703600979359174,12.671242992815639,0.2842628863241483,5.73011667036316,1.5664414657019863,-0.5031288743472091,1.6497027958019248,2.9262694766931796,-0.7835367558202113,33.898449860151246,13.683826162804634,11.608817325973414,1.2733012153507526,3.3032092395800348,-1.2706652288911504,3.855667926499244,7.054867457532579
-1470.0773891511194,-68.7617216640553,2519.213546101922,1006.5946467982382,-1.342652501811796,0.0,-272.4748975856732,36.067857730276856,2.6627297934020495,0.7219881846589696,-2.6715212169885225,1.946047026111558,0.7099053095892907,-3.315997875379499,2.0714391321959558,-5.460811071317313,-0.7786139141280319,4.016865664867722,-8.607897958732556,4.909893382658991,-10.734279700567129,10.280089955926025,-0.3885093306338769,8.427324222515946,-12.911800286125768
-703.3063110237881,-35.289932249831125,-1537.2685139503658,-397.00401947216494,-2.1452094418017995,0.0,-291.2348659462916,6.053518298263187,0.6364401095329884,-4.2446511131304385,-0.38515539888366906,1.2309669663294,4.517305278662863,0.8803538770708971,-0.7553230313364574,-1.7787423723510494,-0.32135795280914303,0.2367242212769913,-17.32406265777804,16.565713263222968,-1.3184852665263693,1.0650593760060039,-0.527812820287321,3.0454622285257638,0.9830375449026066
-1718.5939848440203,-224.48590056314123,294.40376380145557,-873.7795424500763,-3.296408062109176,0.0,-319.1928196803799,-0.8880849786331634,2.2701155839975713,1.4889799177311722,3.2787600574755764,1.398983547425941,-1.342475973771867,-1.9384366645533189,-25.98701064493476,-0.3119056887807738,-0.8661554321783395,-16.510867159026912,2.9636392541475476,9.240752599299244,40.94094139956089,1.1800899221102015,-6.033428119643136,-22.533712093682016,-2.1705207179226216
540.0457727063557,-282.8952237866808,2432.26154046532,507.16949788532463,-6.748850242567355,0.0,-306.5761248062399,-0.19133558518629726,-0.4508707610898754,1.6462650001212344,-1.7690764447226681,3.3832591882094047,-7.388096245202072,-0.9100861363461172,-5.042949573264684,3.1419756170134634,-1.6941846687481092,2.3866205676809695,1.929144709262509,0.5234827704445537,36.63628822162804,11.731032531868323,-0.8984202539304351,15.892161553544138,-2.7527613117327463
-219.99609263886853,-798.1821075306293,4011.960687796108,1152.1018347823128,-1.5248234913828984,0.0,-274.33431951077586,6.269671542091342,0.5801014892846976,9.769659115520216,-8.48718123507945,-38.08475597925959,-0.9593917662586173,8.114864376762744,-3.5530296099570187,0.6502355408599035,3.05556338601919,8.228487582003273,35.91656281256211,-7.8749744852320775,-0.014545907547637273,7.72619420129569,-2.744703160167801,-6.141757812029516,60.828994244579164
-1458.4579657072698,-287.5906763087548,-1130.2945979819249,-383.94047848295503,-8.12484923473168,0.0,-326.54796008082286,-3.4736487408728123,1.090863291273136,2.178725892468482,2.083964366477661,1.747492191670523,1.3966807143453883,-1.0629469175419306,7.7056466047714,-0.39822489929195515,-0.6140737194002334,-2.553934709257333,3.280088820096014,3.831342364738049,12.790745940253567,5.412622845754768,-1.3865883179863794,-1.6206104863666897,-5.42750228913247
1864.1964488749268,902.2110799839882,-366.1390157791229,-912.2232762401316,50.53926899651635,0.0,-308.22957025367555,0.7928707139114485,0.4026547557955127,0.04332831296826533,-1.0555471759924302,0.8767834687621189,1.0737043175652288,-3.2813313053276967,-0.059534015764583406,-5.850785270129116,-1.0228796872963408,5.614159987699503,4.584435818777499,-38.7810132576339,-24.04076222118859,10.238606679420734,1.3139233168464388,89.36352455458812,-2.150141024250289
276.6532581092903,598.9822852171498,-721.5746623939516,14.009110945145954,-0.7597053075248604,0.0,-294.96337781724577,-3.415500935890833,0.12749144505583937,1.5725749403516507,-22.942071719861893,1.9602387996027042,0.09842739007789802,-0.0795963851939454,7.198848229056352,0.6917532118114775,-4.1611437772703415,-2.5646514387314023,1.9382581574582196,4.246018871910021,-9.478126023663522,-37.654960255226776,-0.04255629836091031,-3.4201522612345867,-4.328075108142085
1811.5066314562787,-82.75748933157826,-281.6338849372197,938.3231951871547,16.339861223990216,0.0,2490.58576550826,39.20656072119787,0.5139198189099652,0.2773803191671952,-7.96349957412335,8.263580551443367,0.9151708901600011,9.216735328190813,0.3265789244130065,-1.5031255416519855,-0.17494518787957963,4.127117106157671,-19.170650783971116,-4.646176030067647,-0.4105918224665434,6.218901042481257,6.179517942841805,3.5065325707224284,-7.293065429243291
538.4256478455352,913.6250745367248,-1857.445084306474,23.528153575350323,-7.85725991495642,0.0,-309.67089948334615,0.7505742192718702,-0.022411906748601412,1.120188610381665,5.309135539526416,-9.349575103374818,-0.7894677317433558,0.3974104482664881,6.136423059384753,1.613411332532939,-0.8733387297887066,2.053217162700805,1.8630932496781478,11.25922532310456,-7.9497954068858245,-23.755296584371905,0.27379273363141443,-23.98203827725207,-3.388678544353629
-395.8037870683836,585.5601894309441,-395.04743083803095,-36.44876470932827,-2.0046364590129233,0.0,-319.0136227951454,-1.4567459896982793,0.6871471590276147,0.3590562712743366,-1.2019238312733698,1.5050754754646805,0.3200862446915769,0.2695421441821192,3.3081302124486123,0.6604949319585969,-4.747823275959672,-2.8603032422904366,1.6474051510307444,5.2981385724655645,-6.879827852192997,6.268259994730946,0.037268902372857564,5.607675042588309,-4.306027553330649
1986.2269857759732,-917.1680755521597,-1189.7164660808098,-500.4600384295911,30.584451156007333,0.0,-291.241260451546,10.195376168481262,0.3818965959270342,-3.2238229909253633,0.01071505060965252,2.6081604021007645,-0.3895208133067781,-1.1101475811936685,4.801158030394235,1.7521430342462117,-0.5893247701547392,2.9376996017449786,-46.01976935720915,-1.1526322535410067,1.2293848649254144,2.5269518128450357,-2.2992353196092403,4.923181917013002,20.602076229127423
173.83450215038172,-240.39279823860494,-394.2254864742761,-56.63069620095261,20.59708828259796,0.0,-295.70271191434205,-0.10829371064163892,2.5639830129513115,1.5388906401860838,0.5978699735425922,0.3357403981141513,1.9903579816839356,2.9482133973788387,0.7906487139264048,0.01298740696958288,35.932436448462475,-1.341542946568806,4.308144329970206,2.052585056083765,-1.9900398435307103,3.5755819952495105,0.7651488600401983,11.218364925229464,0.9267227642084798
-1943.829275049493,-156.44840802423533,2553.4319545395265,-920.5279720073454,-0.11860712947174543,0.0,-297.8632244600529,-0.8210952577251337,-63.17783596362316,0.7271270636980434,-2.1416857765312174,2.3244756550702603,2.161652603464138,-3.9223008877820615,1.4683238539001788,3.4058484087574277,-0.6737992459329877,-6.259637941937953,2.510186977696669,-81.8636991061892,-4.6868317173718115,-2.9619098575423712,-4.43277838913416,-6.175814696596671,-1.558015898969026
1943.6818153062652,-300.8190542066334,-2322.6967669521837,927.76117088789,-1.9371012146818845,0.0,-277.6821647244558,-54.461662073065476,0.4126120769792579,1.0380353838426941,0.1693340254115472,9.380836805166926,-20.898398120654136,-3.557184296482245,0.9752456195020635,5.196774551182095,-3.7474377031336643,-23.29002797860052,4.535952196346881,-8.981671689656142,-1.9092636214890335,4.878312884681065,-55.81591196580034,2.761478441601415,5.864338553981119
1924.3015190474398,915.2704982805132,1193.291557808523,46.70691869863474,-2.9457885296908444,0.0,-281.2290307189056,4.110108977889734,0.041861369988761686,-0.7866270893491021,3.5052322883427034,1.04329246954444,-0.8026474127551881,-4.558225584255827,3.5158397153728176,12.452282054489134,-4.384485310993241,3.1367585295502884,1.630688353560998,10.078730617050061,-9.604530936991331,2.876319238965391,22.04443191893352,3.3801014716193807,-0.7716283854149063
-1892.9391465107828,-386.6316331602826,-1148.282573304122,-425.8613267005878,12.435204071014523,0.0,-326.65409701764514,3.9096190773281587,-92.41808964505167,1.4584777180322188,-0.19022243313482143,0.8064434777139361,2.293469211557295,-0.8280106796653773,0.16021320165534403,-0.5827306494402666,-0.7452984134320122,-0.3185452038793249,-15.231749127879809,0.1267099441954589,-2.37035144896046,4.9485996288970515,-0.07348685724260506,-2.11143822632823,1.114601275067969
-1211.933863948802,-253.7170240532607,2516.052906986559,911.1437553901262,-0.6425039504411575,0.0,-280.45533931864435,3.0649572251048216,3.3476275486240894,0.7831803102012008,3.826655287530042,3.574084307544323,4.425294326049708,13.34566499004138,-1.7327152282265956,0.19858222303355363,1.4479982147000299,0.42219978515388684,-6.220184984692892,5.577135734873466,-2.635099052161061,11.099844177048388,-6.378752958235842,-6.331707175442591,-11.053011618107833
1404.8970379456684,-63.81096287079308,3899.973322019504,434.01375627812,-12.867757055827115,0.0,-269.2812453995951,10.280573746977483,-0.3006063101059308,3.8682656407427043,-8.392245255639578,3.580549300764663,1.1437777156696831,-64.2048979269476,-3.1501665715312783,-1.4882245374817589,-0.4200426232367222,3.631752523875871,2.4913014181014783,-8.214391546125997,-1.209258023924342,7.044303306609545,-3.0571489113153936,-17.170607684712596,-1.5705815484461405
1955.6983454123965,-196.32615367214254,-2330.839332170653,-920.4792868980992,9.949238647589882,0.0,-281.10006108419503,-7.0748424069400055,0.5992356990943648,0.07803267679488736,0.5173556340097349,-0.32826487673899984,1.999092764256932,2.215620407873606,-38.02034358345532,-0.9691985048511368,-5.574440970010594,-3.413020906262989,-78.9863240705263,-3.770026100083235,-5.416058742740541,3.8062972089361105,9.735322958488947,7.7624106845664205,12.339993663184103
-789.3061553152721,306.1271493877961,286.78911624264197,985.6270388816673,8.875427159727483,0.0,-287.6821355209109,31.272863112120312,0.7717918130598916,0.5874434955411346,-2.1295269766235716,5.051949768488466,1.6559969161514347,3.926860243783751,-4.2794591591088516,0.4862288019711944,-4.700714862779874,-19.507589511343852,1.8320483547855957,-34.45104081225098,-12.981097360297015,3.8791286919208834,-1.3321196117078618,-13.757220744807968,-9.879048590551951
-1213.4681626763977,-290.98296724187344,-2229.3020346584035,-866.303332089449,-8.009131460787673,0.0,-299.2342415618535,-18.256514908680494,0.9212313431054904,-13.658642383338101,2.946062855847264,0.9962451145719106,0.6627771749587561,-0.4584496182305233,1.2521269899482754,0.48388553660943234,-5.753338027690175,-7.400009086820237,8.950975407638913,-2.8585194746808753,66.67215601381302,8.145630551854676,-4.561113123242372,15.999858384740772,1.903427978330668
-832.0634409435792,-512.7926451042181,-1611.9397902822138,-63.99736776499783,-2.284644032329806,0.0,-320.0757041656873,8.233307087078336,0.6253737681372125,1.1751465117969309,0.025040436573822426,1.992350255679796,2.681092371907903,0.7422552977236886,13.985695636096395,0.48918539130928385,-0.9958761591337524,5.955524554700373,2.2123321929878967,2.7885382837465555,-4.5130155856125045,13.151888724320406,-3.1610057673787315,-1.6283513647562393,4.25671831448967
1477.8089579831785,6.428579874242936,-764.1393855546949,-926.6471616648795,-8.74804844552515,0.0,-289.92852493058945,-14.530505584583077,1.9009041969831655,0.53782510374343,-0.4328362434506422,-1.9279226572597912,2.32947895602885,2.006180523089928,2.014870133987307,-4.755327639328433,5.828770298551075,3.459282752315016,3.3793890546882888,8.719689111875038,16.877346292198677,-6.642172207992121,-0.3096848450112866,23.654628084315963,-23.13320514719828
1469.185347425599,198.3814220120152,-1560.3240261941285,507.25847015111907,-0.6330468872598907,0.0,-277.35734161875627,-5.371587507008861,0.4424822421907178,-0.04372651614079113,-1.2576653532991442,4.02577728671048,1.178377693866244,2.082365235793544,-16.002355440274165,-1.3275727581046122,-0.9327911351486537,3.6361232224559488,-6.719934331346841,4.82332763137033,-7.098602542693422,4.3621361842093584,-2.3447269883038087,13.333478881432722,-5.457702339619452
-407.08174832636604,-304.31328324328774,318.18671102420416,477.9509216571495,2.6118340500422117,0.0,-300.66820317713444,1.3163239867733194,0.541863212020158,1.2832243593243398,-0.31234439362926075,3.4765539183200755,0.5244077841585373,-0.015957250288285624,-0.6149147024857758,0.21759124289918652,-2.928213530018894,4.877879426577843,-9.78513900745594,0.2794731516438902,2.1619132609191922,11.540137299797504,-0.7273899221077328,-2.3412433614541697,-2.074350661008314
1936.1354404198119,39.739444760142355,2566.21857859283,-152.62753479145215,42.36726610584468,0.0,-250.37952431644715,0.17400790650406384,0.05567343525034782,-3.0180256474850933,-0.533561374180695,-15.65113241436229,0.5803351335807094,-0.3920375802036853,0.3718348505884757,0.3273844770310884,1.485963835711616,3.0087950402770005,6.4997005488747845,6.651017200692994,-3.8728650366351975,6.774366254150168,9.767914747464578,-8.473124216144601,-26.884802253417835
-395.72692555681954,-141.1713219366353,319.24712184476226,465.41484761175025,0.20627238373438092,0.0,-293.2174788819463,-2.59984851950882,0.9621261579049698,0.9763665576341007,-21.323563129127574,2.714068174295249,0.5837144837934192,0.640563773914481,0.8775210951524646,0.3816459469565615,-2.573887629146736,7.887692395556223,1.9662992835376474,3.6137283852593725,-12.03573632708599,10.386607546773286,-0.32578695206139296,-2.596326209892262,5.913562361962969
1526.3312935858169,-308.70552920028894,-284.1675012453369,960.9049179650551,8.497856025388794,0.0,-280.289827967086,-11.796481838333612,1.567428572049262,0.6691578354424451,2.1751287855745494,9.290913409336707,2.6895571643347043,-50.75429506514991,-0.22094820914766866,-2.2378708670489,-4.3148307150847085,4.577992273898649,8.74163439122777,0.4645120187600589,10.67473946851309,3.5629934447698637,1.8924080334230038,12.834198938797913,-7.753591228610549
-1908.4689259556142,574.7277666839492,295.0671671430989,968.8521090027292,3.388767951851181,0.0,-327.06419303553895,3.9067756355415337,4.797361466571511,-1.0576827745377186,-0.9373211090356781,2.4100365523554586,-1.8193837180370278,5.7136490972228415,2.171830972562764,2.806067771313339,-1.2895539060317533,4.57112080477045,1.5088792485994258,-1.7877095628199104,-6.399617186025448,7.454625751910313,-5.09227961982477,15.791006313882033,-6.351534508385646
-1296.8303855438944,-274.52255401816274,1088.4128829886276,-462.61599829481867,14.661498519036417,0.0,-288.2593315747457,-5.814006330292043,0.6772489581935066,-0.2186978994927329,2.6485283645199313,1.1214716758639887,1.6889110957356568,-1.2760940418195044,-0.6050190345440376,-0.6516104154285519,-1.1856521082632532,-1.4957510736468804,3.3159793688101407,2.0680509381834176,-5.72822255192149,5.057845973827357,16.040816561292687,2.161313669351026,-1.909099789678185
1831.9335637002036,1074.9938899214171,1099.5823245717816,479.15322716842866,-4.72307091862768,0.0,-295.4424026502068,-24.818560639832707,0.09638923365852911,-0.47816051762878653,-1.8714156666923658,1.7650421631159783,-0.3516176341237098,-0.04104612040974432,2.55451238999423,2.7082213854004684,-2.7926337222592936,3.9428244321988224,-8.112735532426443,3.563828983759569,-11.09807399108239,0.8656030349423548,-4.147758041117362,27.464539807693292,-3.469942805616238
1160.1214763419982,683.1412277816545,-810.259519325685,947.7114483489481,7.422708161255264,0.0,-274.1762110304928,-23.391147845084443,0.29363498675288713,-3.641086344979939,-48.672186336767055,13.757277396880921,-0.4027242055550827,-0.2827279909592019,5.154452856792966,0.7885317316773862,-4.0535695193557695,-5.816673241578528,5.4035884359897945,9.876107679684317,-7.8976836333105185,-29.576645575651533,0.25604680571856364,4.660008490445926,-7.171397653635555
-2018.2270740582117,484.5524642855119,-819.4346351756284,-72.9371508545829,5.560432140696139,0.0,-326.8047806288147,5.244202772071587,6.9631129351432195,2.990162110908498,-0.14681223010998934,0.24640253877767543,-1.5645624936364542,3.06488827041469,-79.34073572708408,3.706506292620167,-1.390547647918484,-1.9279601988557857,5.05763507675718,5.714703659191577,-2.2567846269110743,-26.12492767684309,-0.8601703907114073,-9.421564155445632,28.838044895949942
1458.9924816823732,205.48599857610452,336.18859103772814,337.83740406740674,-91.751935018325,0.0,-281.4304802698499,-7.844696992474449,0.6879715179015767,14.093884091797154,-1.502414505882122,4.899648984978647,-1.442119673620385,0.751832921797417,1.922803491888136,-3.1290750730723844,-7.664411842351425,1.7646577025180679,1.6677063134573877,4.9461677086834905,-3.9112680358496466,-14.914827801791988,-5.302678192465506,-6.096993732042827,-3.5705656503333953
-298.4055750498777,57.141269422000754,-1652.9903823867164,990.3204262504889,1.3364618650858637,0.0,-285.95744397786143,-37.0629722471538,0.7537410827834646,0.7821991797176745,-0.42862221941821915,7.412637851405664,3.7392478138219825,0.8774267147615743,-3.721608090746084,0.23318822423685198,-0.17494468932966392,7.174717227470712,-11.431805917424096,1.731006278793824,-2.752148301853836,2.370079841876698,-0.868051365294394,9.670907432922286,14.571343831123416
-1299.025125261817,1012.427861158166,3864.1487770528834,1011.1400803604453,-10.37973780269224,0.0,-278.05999623614343,50.69916950337464,-2.108315313924736,-62.48984469432421,-19.47497135346129,2.480468513061834,0.16976351525207778,15.551305502425445,-0.39696936977008096,1.8723107142541728,2.813053168736792,-3.7883591726287715,0.5190267957992423,-0.060537009158701374,4.889616304417223,5.354445735398354,-3.6000312432191692,11.081086167428289,-17.806860691787524
-1796.9254300822765,196.59741755046403,-1992.944960417681,-493.842539073708,-1.0703484393738232,0.0,-297.15315537407986,-4.365104023998209,-7.473091124541326,0.6361626538760752,-0.8675316138348361,1.3442843789774288,0.2535123630075776,-1.5341750919420059,3.5594705299434692,0.20742041517965615,-0.2569726904546291,-2.729064287143277,-5.786057822141122,2.732940096560686,-1.52105137766607,2.4529040359539827,-0.9796681539348167,4.77726464763065,-0.8533135117963215
-753.4027790251611,-433.6073756886933,-2152.2114236638527,-402.90504836007585,-3.358706900387804,0.0,-290.5808557827788,5.155773986257259,0.5244680988624232,-12.626927549310833,0.8844687228110075,1.0866429411060556,1.7452355514403717,-0.6540834123723005,-0.5641298327187119,0.34667186569293285,-4.772454927874797,6.8317372879758445,2.826406396970394,-0.8232509023581963,-4.735903748665478,11.750884168079024,18.45690409255701,14.443214431198973,8.773645824480724
-977.4431735070239,665.4602187585216,-787.0272626617078,-76.09411197755159,-2.3835845728974956,0.0,-311.4805138426312,-3.6719149232458674,-0.014372598589390299,-2.035433186851344,1.0900582818434095,1.5529714704208977,-2.9634957829608237,3.075072945248593,4.269435792141937,1.3690843538369586,-2.1514467657570893,-2.092935641050027,1.544506804939596,18.74646364065033,-6.9827129909759105,-4.147523397664497,11.376791519095264,-2.70443640789508,-3.121731114886881
769.4383796536159,555.1956095127383,-792.3887827995123,541.860542138437,-51.9127671768195,0.0,2812.951011036385,6.812271455468794,0.4839883962995865,-3.7883123170810187,0.40775522356811295,6.751132937970056,-7.6462812890480185,-2.087378321956637,-0.2999032747050559,-1.13340383370877,-2.101636562891301,0.33838816891517576,-38.60100132190397,6.37454858759189,-6.82537980012335,0.27894271192107617,-4.751312126054735,3.408375516962191,-5.965858145529638
-419.3745668709462,-101.3128253820169,-319.48772655998107,-76.80912802894065,11.340286612988402,0.0,-298.5227897901884,-1.2097758512466525,1.031362739365965,8.885530825194298,6.74355885025837,-0.38599018935661084,1.7503452585165091,0.7598845811001725,5.618623013263856,0.2811717803106748,23.430431743638472,-1.4713809496716892,2.7190719364212455,3.8891149344999674,1.0720655532138024,1.0610234923835804,-0.7178555532300928,-2.3108452737353096,-1.8303883911531333
-288.92455561299494,-327.1820923629252,-357.25916684631517,1027.802577848806,-0.7542558178772196,0.0,-321.0038691535481,23.850691303408073,0.856546153286414,8.99750361166228,3.907583180829445,9.407919050905925,1.1461509156195266,28.51256187474554,1.9265710799645344,0.43030717079381253,-2.614064961757044,-2.0161008863624503,5.094719300120954,-0.03840760332308294,-0.6125918775011,-10.949905707680756,-1.155708731880875,0.7482187118331087,-6.795760453587144
-803.2020075400751,-495.4118897166597,2545.714579894075,-378.7517490329793,16.290788945506034,0.0,-281.3492279240213,-1.6384823128176789,-0.15036742732200864,0.9746705804942675,-0.42649966965214164,0.17338683602930655,1.7598926662126804,-3.332217817700878,1.6433700232991375,-1.8791406793627468,0.8387443126837898,0.9451407878793697,3.5067387164241945,-16.21718616376956,-2.7011779272770338,2.5130861183518913,-2.1075213475013403,1.2716463899037067,-1.2664436301488657
-1783.497575786422,-426.9057064842867,-1645.655253692221,979.2269090407217,-5.987625550677958,0.0,-311.26965326255277,28.516673883445428,4.271234931331743,-12.634384986864456,4.4850584654443475,6.328649322321884,4.975809927313433,-0.3005558199392849,1.0355901019660856,0.21264053665315918,-0.5237847219126902,-0.5808342393716399,-9.97037187698938,0.607689229173336,-5.549043648578007,17.37861128291892,-2.0698306393015935,-0.32976620098603265,-3.0513582387827163
-1541.86100364572,-487.7533810843249,-1207.3010939198427,-361.5823416921072,33.7878443332266,0.0,-314.71150067279,-3.0722824337706,2.0735978669828175,1.3295833284269418,-0.18880862685752198,3.449596075693608,2.509210069930119,1.6217345772866356,5.5007021892851435,-1.7459463815890752,-0.5677865149480986,8.72624517268443,7.660775304348248,0.8358049644667841,-3.4511313031454347,2.939991918344523,0.7285620299635519,10.153196882901955,-8.057734412825612
1146.2339160695424,542.2344086021486,-2195.794318547392,-605.8099064734741,5.674483732557992,0.0,-295.94095053269314,-1.3600362513529167,0.8218160774016224,-0.35685056162020845,4.245278459577742,0.835419110064964,2.535377145119153,0.2401241454985004,8.691848450718595,0.5424468784408256,-0.30521290728937345,0.4835845530417176,3.5568858403377006,-3.6589164910160417,-6.812062399611573,-8.115762190247592,2.620527843234697,0.8642132627125343,-1.9666377210203245
-347.73927701232856,743.4465890083217,-319.2074280003544,-987.552901994844,28.848748130141622,0.0,-314.7973734248238,1.8934741478793136,0.49556051365983966,-1.2227261517077235,-0.7229494148800999,0.6477552205639757,-3.388693209145941,1.0017799312940534,4.231887830634775,1.0798066502922783,11.775130880852373,0.2979867840334431,3.013508747406174,9.321078758229154,-17.076236939061264,-2.8266879732453654,-0.9368444613036153,-3.9349106819210244,15.203607356350206
-10.518887724673268,-170.75896858695447,1079.3997391988585,-449.4425131371277,0.5082600759621171,0.0,-280.42211819983225,-4.396902740398883,0.8769581044529637,1.509091758948639,-0.28416591105961375,0.7949284662252564,3.3726987809900395,-0.626300775379495,-2.109596070466262,-1.5224561034294928,19.518979761426795,2.5859123466666865,-17.316017852898057,6.449401792117667,-3.662295386389878,-2.5470242131462544,-0.6219697272527622,-0.5704430734353544,-3.481522216606384
183.4253942507288,307.4788814331368,-427.80163578786704,1052.9208789439638,7.989462564509188,0.0,-297.8973817008436,13.044682348396114,1.2306414800427945,0.8443430969953514,-2.2556076112057792,7.601400515285313,0.9089584594365776,3.2887891195638654,-0.8467742316176379,0.7810056183737402,59.658699679058536,4.81431304152029,5.4847825274504025,-2.624993588643553,-3.894354033899738,-42.67469166923817,0.7741624932936529,5.638975956480344,-6.094838522389954
1042.6878842782896,583.499855388861,-1621.5233350027456,-1043.7422694244592,-10.850788282498774,0.0,-300.66447381074175,-2.129417215243391,-8.44280971633871,-0.08466852258224719,-0.5155200428405796,0.2836279435076541,-1.4987824407948422,-1.0712401539695342,2.382783249514932,-0.27852045607485976,-0.7296634664617252,10.807208852291353,-33.29147157521811,8.51140843916737,-15.461347561717417,-8.523749923625761,0.10447052585422277,-2.742914917099482,-4.575576296798841
-475.2819085178499,-653.4805719404154,-2079.344862903224,-870.0400589972323,-5.034902365582117,0.0,-295.76853211809595,-1.8201532589483602,1.0546923191384796,7.09164020134644,2.0863230572718066,1.4377631423901542,0.35189020903123547,-0.1734478976456485,1.3518969621853512,2.5981801056249676,-5.152078006704857,-6.036401465197884,10.009920049329525,-2.3875006803076464,-4.239969763856264,58.531693461095145,0.7892501303467933,-1.569753231000451,-0.06456617715020035
-381.1560283521923,-94.59557786877133,-1117.6145227588925,-876.8795047625846,14.96571160479807,0.0,-305.2085975983059,-2.6059753075449605,0.7307156509265417,1.4365731667171027,0.2097564303948516,1.4672972465175342,1.382837148153526,-5.672235384344485,3.091715289000398,-5.90579463339094,-0.422650526229758,0.6945675812294608,-16.39634358672943,4.41416283031043,-13.046714623951605,-12.626789145653998,-0.47232986454448883,6.460399184881233,-0.7858115782892433
-1430.682738737871,388.14905452835745,-373.9768021853562,511.0301760300309,4.255599433173778,0.0,-290.9640527133468,3.6979598785969516,2.3066906246370675,-0.01672773256880839,-2.5331767105263183,4.970550944110726,0.46575306998396515,-0.7282665554695272,5.428764776143986,0.3553545908079929,16.901089086699013,-2.5649689646541116,1.6144245360966865,1.4648603301819925,60.38474591428042,4.776849384228712,-1.1541913587787296,-9.470170338723195,-7.192281584705224
-518.0377975108757,543.2646243189467,980.226386061272,949.5031965833803,2.2164580043099043,0.0,-317.7517362279753,22.236821421454838,0.8269837893648415,13.196210572423007,0.3187071629883334,1.2754427791222793,-0.5418122426422668,8.122016912197866,-1.041751926632438,2.073090841830335,-2.999493615719225,15.243721047408057,1.907624376407211,2.2651863599317514,-3.226502737277902,5.673074132664507,2.6728346716261093,-3.9336570042180083,33.54145664688488
-463.6042991870227,-87.6569183091674,-1147.0952305375756,-435.6426931665938,17.242493354050346,0.0,-303.9745206850815,-6.907915453189185,3.54953313015456,9.067362930922362,6.591526461841004,-0.5169561787999519,2.854102308764746,1.1563546721212479,5.239602420889224,-2.1873075939379985,6.872624288674274,2.802175236615037,5.275289456326317,1.693772379647444,-1.2660898686048587,2.3164003385948577,0.8243432389372367,-2.0094898595251043,-1.4672155090095924
109.58315092420929,-396.69246974912596,-2257.969301584023,-143.80781101777683,34.99504665315444,0.0,-295.6741215531505,-10.951344751786634,0.6272134435928141,1.2148538079687514,0.724852880192942,2.083809267780503,0.47911635094460103,1.1129357136310154,2.7748932498267855,1.0289276782178678,59.53661783579255,-0.33558511260492974,2.8504009353061974,1.2811905761396558,31.84310540560794,5.910216206228591,-3.7603938055342225,-8.156131080592731,9.561382657871464
-788.6638589735069,865.8944106798621,-2188.642350835189,-883.188723496208,5.406509036535129,0.0,-311.3817909064433,-3.3231688000208908,1.132962490774504,0.5186346919082575,-0.9441250595834911,-0.6894408574968557,20.431637258251076,1.5100557929997258,8.591381531791692,1.4688979283499835,-3.2693205572658455,-9.14278781269997,4.988493662409835,5.191186533316229,96.75163346424749,-7.197139310893211,10.27449358294915,-5.98899788845292,-2.5742637209166483
-1814.4099943375695,1317.8919767546367,-2179.997292075482,48.63236492956206,-3.869231006997181,0.0,-291.0040343658701,-7.145229433670416,1.9904588024043848,-0.08213263575203578,-0.5740236992375038,1.5132264216448799,-2.393611124591501,0.9786911274657789,8.145174030797929,1.377709351955687,-1.3429940065977166,3.91331672430092,2.087333596797153,14.448901792583007,56.58662521649926,2.6056493009798456,3.3857347523129793,-4.72697225353608,-0.7861316286436623
1066.6805431878881,546.9423795740781,4018.0786321097453,12.746005843571545,-9.73621519982179,0.0,-262.8838124065118,-1.33871004363882,-7.608274846418518,3.3582468136497674,-27.146705046443564,1.427255899038539,6.065386261207405,12.685414680279962,4.765111148181663,-45.31893780070341,-3.2789067008646606,7.108183035373597,10.402318308863112,-10.64898125745825,-7.728380813593404,-6.599339635382926,1.2558940247131303,-24.494737210825505,-3.0746306639005647
-764.7748546318293,913.9475758581227,1029.9183723437648,-445.0004705193946,3.140674011629658,0.0,-309.7034288811185,-2.617721170368385,0.896830050438763,2.636591874431766,5.063236785145572,-3.9784699874586513,-2.4267605346503576,0.042337721896937595,1.4084049149861129,1.1577924048676447,-1.4443127021462514,-1.4895607281126775,1.0857536436559512,5.267524400832739,-7.039442845218185,-10.492884828961197,-1.0619471357583001,-56.320470364306736,24.211408858148875
550.7356505241374,41.59225290487812,-1653.184546975407,-61.56958889882667,23.405374671332705,0.0,-291.9712157823991,9.142230543217483,0.8204170506201325,0.3704449700599147,1.745627677538146,-1.8848015201775161,2.776807815307249,3.820745328637211,2.5308979148033663,0.10159369860531808,-0.8860091274358382,1.770360144213353,5.234422205410542,4.775381456940047,21.93210654699058,-0.07877369330523107,0.9558132086608028,22.783484826162518,2.603260247194122
216.43122432219042,-1442.390120633089,-458.60768382403097,-587.3556082862964,8.318104073620939,0.0,-293.8728159330425,-4.5450584812395,0.5573393372411657,2.00562709751608,-0.22647761801853472,1.5682252467005093,0.3598284773148658,-0.5406684920188378,0.37066143139472524,-1.2365297110724713,8.047710374303183,-1.385472394055138,-15.423334017159696,-0.5555381884945829,-5.020112850761689,-0.19373386527366832,-5.1154525628927745,-1.6245898072512146,-22.68721534409549
1156.2553727622121,618.1898916977851,-726.8451248632915,20.92044431472368,-5.273272216140798,0.0,-276.97145037777034,-2.223722385105583,0.23640318423487897,5.31628245904286,-1.174173733628692,2.333211902795342,-2.3142750351602226,-1.6837357980892345,5.691462738820947,-1.3587970561823175,-3.12405571074364,4.645676688688773,-11.406116211115926,11.661569107895765,-6.793487939995408,-1.5375444826934077,-5.167990110831743,-3.3226736504569927,17.31643434458368
582.4413751573345,-151.11279043563977,-1940.7497314365728,503.7943990582394,-1.8658511358294512,0.0,-294.9384854302693,-6.2191088847807245,0.6562153485876636,0.4245123747430555,-18.92793471258755,4.333782119940027,1.3080863650906662,1.0480788269081434,-0.5858487649843187,0.3328416699924934,-0.8660348114355672,-3.3227755906512044,1.7197257868333602,9.634021124551497,-2.5542416755802324,8.306390693149146,-0.0983320109847824,4.387932001117876,5.147666208139434
226.526815325122,104.10682369386991,-2360.5069753264183,-531.1644119213626,-7.9238638228631375,0.0,2634.1583693859097,9.161435689199982,0.3775897980902352,0.25617407860381963,-0.4303849693697163,3.084091580737371,23.197557975632645,-0.045394094420494774,3.9144550009567323,1.7734857074825943,-4.271492320557138,3.793035143750603,4.503581541694344,2.4140220108414363,-13.967699627729642,0.2016970263592791,-2.0905485000512813,-2.053937705915595,-2.4060733545704367
-1271.6555332516223,-76.28907072878648,4042.3372078374437,492.5889280826511,3.8760404958180628,0.0,-294.2857104927154,-37.22087457867985,1.108959347533038,18.733298612196464,-16.40381136663095,2.110937850152585,2.106025989788728,9.36292191588005,-3.145535525021929,8.911832925597164,0.057408902939865857,12.300030412913383,2.9304240908214503,-7.330164111046096,7.718394648588,-42.33781563258457,3.2137275754794197,48.51974091256562,6.719683908784218
2033.6823694239738,-313.0753821776032,-1201.3822877117434,-108.87292533703224,18.075853318525766,0.0,-298.7189200492052,5.039010776375462,0.8491829109288798,-0.17533118665415484,-3.324256006368925,3.6701869866656835,1.8148047329040748,-1.0378192179910914,0.409127185745387,1.3029353324705482,-0.767544749152453,0.6037666317925681,10.334089797193364,2.5890331933777166,16.279535640057688,5.808357826862589,-1.263188047831939,-0.8335891893232503,20.655333240051867
1595.1878165753344,1104.0907442358491,2600.410477508806,-455.1370554119273,-22.457906027855827,0.0,-289.3587862232867,-13.746157528179879,-3.820865991225943,-0.13786158041118213,-0.8393248344838639,1.79444002892416,6.71168347457659,-0.35247643977311144,0.38391816368682125,7.395071500995844,-2.4043458868609684,3.991926566814287,1.9514889482008755,-53.27721284610545,-11.41524274638277,-1.4370963097159977,-3.167441040166599,-34.3629008950872,-8.342169419003131
-1968.8837249178637,-1165.4906645801484,-1182.1774321759094,-453.83779844679776,12.896830758355845,0.0,-312.079021070272,-13.481469449554485,6.504423686685804,1.9738480831120278,0.19170915192316537,-3.2356427429167716,1.7898182148506092,1.7058552874126756,-2.6011295056484065,-35.59222210462321,-0.5488409261571786,-0.2990073973530085,-0.8936392729807148,-4.594741347158908,-2.2640434431066447,2.8485867438547023,-9.078273457141622,-21.605965804542233,58.5596265127657
1349.846882482989,-117.57677691190187,-2327.7959075073495,-894.9959290134638,-73.5014829285777,0.0,-284.0620876661171,5.217730296936913,-3.963073806655739,0.12435403263151684,-0.13357772969054282,0.4914194833296703,1.778139625158897,0.7251798161301484,2.412001562245914,-3.203790675067083,-1.7986157354640098,-3.533226950043719,5.802931295790431,6.144282667869064,-5.823244739709989,-14.881101787559968,9.448894069657648,-3.7777266248843437,10.790511496873965
1089.739301603002,598.676600112376,-1088.9812840462366,-949.2381615692243,-5.3264472597193935,0.0,-306.99655996729274,-1.7867442091887948,0.37872882959939685,0.3811563102839799,-0.5405342650937952,-0.03836648469584344,-1.2396780877765052,19.898025221134535,1.9760488290656717,-0.5111431080653916,-0.9469998043100077,-8.34547381377259,-9.940445109274346,13.29373201983136,-27.771888503739163,-4.122677023404705,-0.06714368133128984,7.849998420801642,-6.975735523687617
-1690.6222448020424,-419.2132872181447,2652.151166179485,930.013263720353,-2.705247454547028,0.0,-281.80983323459066,-31.06782848106189,2.3692385737115047,0.8665576763087189,3.320495049924864,-9.37146587829381,0.8951477896012432,-8.591247899629423,-0.7621150422140391,0.17214525654568108,-3.150529367733377,-15.879641612199633,3.93118962366723,-0.35142783380461046,60.15611501688883,12.848321194459748,-1.6227719706269976,-6.841847162039842,-11.44724508623841
-300.2768474435486,517.7199934114504,-1173.0755641607616,-468.3196553468414,16.758407398500328,0.0,-315.0202570121219,5.602696413480377,-7.378440245603394,0.18058145932578626,-1.408479527318113,0.5499102909944922,2.1364654438419985,1.2715134594951238,2.249625692639976,0.2862623242905188,-1.276839598777216,3.3476128406018484,2.426827161024431,0.6101015338273994,-3.6297935803900088,0.39493646529302684,1.3129631234638555,-1.64911480595579,18.988875619349276
-1445.31459559577,404.8866655350427,-1653.6430248347037,-455.2517233675357,22.651712107508537,0.0,-303.5728565438324,5.997626414344827,0.8796312338188553,-0.21335670953068128,11.009341250417224,1.6042446200047245,1.5824220473395574,0.259767630671752,6.683675695256131,0.15414241132044695,-2.0991554768165592,8.405097289057007,2.234323878263024,4.151133979515645,-10.912219546449682,4.1329615487514175,0.7820386678986113,1.1158141356074949,-7.580692331922536
1254.305615801055,338.4692259629997,-1221.1500002736384,963.9366411049169,-0.05945912470459469,0.0,-274.8347648357771,37.24769888675804,0.8794961712225028,-0.9084559513414167,-0.6268219204434364,8.370052153929628,-16.36648161661225,7.527077544285173,1.609395104366268,2.5412872726838374,-2.002041778772613,4.579745347457757,1.4923696445093741,4.055553602279206,-14.128689953299396,-2.7891316533379484,-1.2451907990493414,5.1224550486702025,-6.047714814289146
1833.2667165136927,485.8935477734355,2570.1248590724135,-30.8262797855553,-2.2144641619320224,0.0,-272.5427418742034,-7.534118816343669,-0.07060284631614633,0.9193964725433683,-3.029468795354322,1.9691394198609784,1.7453012669183339,-2.534113889716452,-26.307143893491236,0.6945780416431521,-0.10832720024821112,-10.798706305144703,-15.776778835337312,9.404707290584794,-7.436136641451984,4.0067691849002545,-6.780092538692224,-10.173523741733986,-4.519481833850821
1073.195629155918,1135.4646037201035,2497.3315377019794,543.1461604904523,0.3308422684832665,0.0,-297.1416313762672,-18.808145121395437,-2.806715856837244,-0.8502670292495431,19.86525358176553,4.305075934167062,-1.7044952913277056,-0.7195954419350942,0.70643962480155,1.2068541576048433,0.4186308274168199,-7.020440644956382,3.6010988684182927,6.678844892673158,-10.312932721870155,9.435947765488043,-4.024932867758195,-6.326922290071768,18.092155138515484
345.40782124986004,-1356.3188388846054,3931.1501213580377,-611.6253528910433,44.90149207996487,0.0,-252.24158247886183,-3.975069261547962,-0.6499354509247469,-84.52840045011685,-8.023734021573565,0.6483228819219249,-2.3435488098049504,1.3730778063837221,-1.0579970548436062,-0.5435826294116977,2.5139851300582836,40.523323328005446,1.9345772868029065,-1.077234758582978,1.212746999631462,12.707666137025688,-2.599121368048063,12.082796838524741,-19.768615342313506
-843.2900669967813,558.2087911586831,-1892.8111133397308,-439.4974347684525,14.34475825010514,0.0,-311.5354044497418,-9.30200982774116,-0.04264185822995664,-0.08605955316650152,5.713348171537422,1.7162045688144956,-0.20688796327437134,0.5193431263808638,4.568810532450231,0.6658379416911828,-1.8905036063443816,-3.9662136533606165,2.4015080946970455,12.171674347762599,-10.288187849288366,5.966408981649546,0.38311484537260804,-4.732354780562084,-4.596722123349646
-904.3329187629669,-684.5246682547606,-734.5644658572768,467.3357282250237,17.29138355341657,0.0,-306.45932161228944,3.0222300409241982,0.9675447342438246,7.078773289480368,2.972310431230257,6.147262765161556,2.0823026467283388,2.1880496733333796,-31.45097243565158,1.025257741778907,-0.7580789847946247,-3.2398995476694195,2.718155229410956,-6.952452128427491,-1.2038791137964142,-14.599572794040931,-4.705563612072677,6.643766271993584,-2.650675326974442
86.50850326536936,-333.6356624688055,-417.5365623330926,-522.0978138622268,-20.458970548485205,0.0,-310.18433389151215,-10.340622850166934,0.4212874510090611,6.745093283465984,1.2222320035946828,1.9634754066156375,1.9462680646770107,-0.6357531206859,3.079279283630198,-2.2612958223625284,-3.110046448786469,0.47954768884855287,5.236073705959296,4.216991938748765,-5.976691245770063,-37.63419894456588,-5.237367034659098,-4.114192347070405,-1.382162479558796
504.1330038504364,-288.89884569033495,440.6036385910489,8.129322995876363,-2.5823391118078933,0.0,-300.944074323136,-2.390628291681541,-5.842632141710638,1.3755461902072803,0.22139416696871572,1.8542844912207788,1.2794752051364424,0.036422844361871605,-0.6776928875412382,0.5057647021978844,-4.529472810695829,1.2435902312149112,2.032003508827703,2.345238368415951,33.345892716735136,1.8785382500253944,-1.3902143370008453,-2.550174347868445,0.8359068661634897
-1414.8289863154178,-58.388814787054116,2559.5691985763806,921.8043221318716,22.10250933143893,0.0,2567.0900668768295,18.525560734051766,2.7129114035315025,-3.969584951717475,8.15872189207549,6.981485506895271,-2.1757304783376035,5.5048015351949875,2.068758916921717,1.5033221169542714,-1.337367110619289,-11.823059876628554,3.330621617924745,-5.535477609137571,-5.884708397773745,11.47097114689755,1.1025850965847488,-2.93360939731805,-18.954787807450245
-1761.7485139365033,-10.525351701260938,-2277.0283349677097,-38.819329826373036,7.88111410164531,0.0,-300.01061411600296,-11.895054454246667,0.9713959663713232,0.9899723538833015,-0.17227945874404726,0.3226581869943818,4.511464858738495,1.855260827325261,-67.92909231224776,0.635026096806066,-1.2339188798636305,-0.2731415158190288,3.02512140894332,-1.2965529158611326,-5.09220930168439,0.5676912521702204,-3.7385658652995932,13.480519954806141,2.5538050322950228
-403.3490250369097,310.9029136336914,947.1222249404628,914.6273859043569,23.14745467728898,0.0,-278.3116787687439,-12.932013612915531,4.619166881644145,0.32528934278845945,-1.0959894815489852,8.617265672762356,0.43874004042302506,1.858534233213844,0.44157071231300876,0.41341712486308363,-4.4632498659036575,-4.5322192801272045,5.613634833574097,2.9959039528302007,-0.023719021973130788,9.108068797125494,6.075730292851248,16.912652324867807,-2.4229019041597764
-1084.1138176295265,388.9715237198219,-1842.474060717785,-7.338873970378967,11.537381509356488,0.0,-291.6533888820368,-7.046071543463561,0.5160102883222469,-0.042983838353010624,-2.786555025120095,1.6380126037428697,1.9928639372383092,0.1817951891691846,1.9971926347578532,-3.086013839475585,-1.1710743230341634,2.4141168450451875,-1.943807154100476,11.04207793947951,72.13465742403501,4.6364100043064385,1.0489590819458905,-6.2583439174561875,-1.8297653678761683
-182.45241436096035,-266.6647462306566,2642.1637601889884,-925.4774474720595,-13.549694521839902,0.0,-294.27273049100495,-2.6076133515613313,1.6860088573163252,-1.4062555524002054,0.5981536361604887,1.8956721704082238,1.2769381950275382,-2.2338543474292196,-2.0603192731982185,0.2053839637668418,2.227097183184223,-3.0510823558489997,2.6556905090262726,6.2520963299758305,-8.320376992420497,3.512246539651966,10.147851010418254,0.7467089379215489,-0.19433639243912565
551.1224516587778,-484.0151597444723,-2173.0470028734676,531.8189631336709,3.6299072746578243,0.0,-304.3091152827582,-8.954730861061332,0.5162868278313719,1.142692314332762,0.3107254622055185,4.136186149052668,-15.071304256508677,-2.0805140284283667,8.9547659510933,1.9007146842611604,-2.1705166645997163,1.6105799448648808,1.8328613443217168,22.893994344849723,-2.1614559596817844,2.3151645590102845,5.817397767343611,-1.3089594787398044,0.938948918271945
-474.433045918669,-396.7220044708576,3934.839290577983,977.3007536358842,4.296482665413222,0.0,-281.31357332318703,-37.59387883150607,-11.225169633214378,8.103502817100965,-10.532451480205099,0.11476644388690249,3.32543047502058,-1.3818308893688065,-0.22858903818370752,2.016820798180371,3.8168524526030794,-10.991445774304799,-46.61933969515202,-13.963418338709207,1.8245624461482537,6.085673629116711,-1.8009534011923003,-17.1785923385551,-15.981902807193219
-516.9776631010454,995.535130622989,-819.4284615941689,874.1741913736977,-8.265015811929237,0.0,-315.28580452470504,-50.935918692514726,-13.637736137187945,-0.491754671637451,-3.5783462279346105,6.462099174499617,-0.4094652210520251,-1.883492428753535,0.40055364233497454,0.7113570220645383,-0.4206518315313451,7.454859873578504,5.067649445604538,8.582446924858722,28.661657542761315,4.7150523069735195,0.3013697265463724,11.950557963169222,-8.878798038458317
1811.1380189745,-368.2650800931867,-378.1363560052519,-511.7476693562999,-12.014316274411167,0.0,-316.9641024324739,-0.5289324535649133,0.8358265354417904,1.4893712741300136,-0.017239694058876313,4.414002142976179,1.4432297869628339,-4.024195500409016,-57.50192452492729,-0.3053945801075665,-1.0361462534276025,-16.591215717166715,2.0763313671907317,2.6895720963716268,-2.749233973305698,-55.40415081791967,-4.8705742422137694,-1.838221092379713,3.0139039592691743
701.9504523855525,-847.8699372735456,3990.592390715991,1122.0044778412953,-11.664700218411612,0.0,-268.01137481619975,-15.803105888675988,0.33631971297144986,10.518952240906446,-7.739735719045754,6.600801744886561,0.5496283295339723,0.8295787358410592,-1.635205185018757,1.2725443948464983,2.0313138501393455,17.99975759240747,-4.869327897204489,-12.355740002435597,-3.1394297911902975,14.76482608416628,-3.8502868914638397,-6.802109290471815,-15.923666711879335
-779.2123320775324,32.53279046173076,-1624.8119611276813,-925.7591345920346,18.64686283042003,0.0,-301.7379129677957,6.339501304503634,0.640864081177705,-5.411390314441793,-0.2730144588573041,1.7876710642056366,5.297175974043644,1.3713335583022181,2.9569582623098034,-2.7245260260998467,-0.2261294083776056,-1.7062298234585533,8.14176319734256,16.037950389655567,-5.468423807406215,-12.607299824090441,-2.963497620753685,-5.081288828404552,1.3503336993829125
1467.1743520833306,-225.01827596654527,-342.08029347143645,-38.88679013001137,-23.336303749045655,0.0,-272.836484851715,11.114687753118993,0.47017629143134054,0.7243237029553877,-0.4337233615815685,6.857884932057653,2.021088439063935,0.08142915224524501,3.1641240410423195,0.6433568701340905,-4.802653152248328,-3.592654433979676,2.5679596879116717,-21.334573132558596,-5.629642988035066,6.445180565828356,-4.961995424208888,-4.531509672646741,-2.4201225550192222
1590.8723480358112,550.5239879647455,-808.8626343383773,857.7877889146079,-5.7673992168587365,0.0,-274.7763764050824,-56.88960227253758,0.4764885310677952,-0.4259631796026141,1.0792565182407805,-85.26595626843468,2.22164030997812,-1.91067918751313,1.8593870087354976,0.5443942950365344,-0.6833696003694804,-12.583935889298528,5.317867302016402,6.0576217390814975,-9.455292202969385,-2.681769980182243,0.5438447785227334,43.02507987658192,-8.553196252264176
-371.0038238007489,-74.03651240038892,-1567.7521565438908,-471.13885104400003,-10.46484431805113,0.0,-291.1983331529665,10.378606969018552,0.801763043836434,0.5528759247277883,1.6615004039002725,1.6187962865553527,6.648978947275597,1.046392637691412,3.67380396798263,-2.4830071622271,-0.7118636782391751,29.97502641957195,5.52047589424533,17.437431617489448,10.401022406717203,11.187514708559075,-6.726681904691746,-6.160424377354996,4.279235140558425
-1256.8142123239925,604.2263482968242,1040.1213163481016,-456.2936024247347,16.776372939060046,0.0,-290.148109451631,-6.382003568147961,0.022067787156200367,-0.124055114559428,-0.7153066627761663,1.6782967256087775,-0.4746497585215355,-0.7598126435841309,-37.95766655908519,1.3426855993835851,-2.4444551331976734,-11.116776142497999,2.2122899531159756,18.124498888034644,-7.736660484486651,-0.8915429952066776,-2.5047898927324272,-9.152486585714747,-2.0631088226709733
2103.058552645321,355.3944855918835,2612.2655825337715,1106.280952790179,17.9720629548269,0.0,-256.3825587983962,-19.42713028659904,0.1081178393024586,-4.750538698877667,-4.938136149302875,5.84635190867418,3.7705117160340027,-3.0469182686487213,11.039231192016024,4.687331523065753,1.4787136680716493,-7.94840799976317,7.699362360268609,-0.0469637628552102,-8.708320674240694,-74.40228536382676,-1.8669565158721073,2.7272073163044404,-6.5727434510630545
-479.66754710210193,-367.70616656444184,-407.6180191553863,-107.43577984169522,12.057071725646209,0.0,-308.5038204134561,-0.622538310644489,1.0679379028593123,1.6168413879576056,0.14692220457762573,1.5186290051943847,2.0496993878962053,1.1179735229755816,2.9697466407834683,0.04349957150816673,-2.847512154587251,2.203804781436846,-20.525452336124367,0.7824309021840622,-0.8761654516968939,2.379731002216765,-0.9191767591421603,7.416195695092852,-1.4288729256393338
992.6569235534822,124.47482033525728,2530.4531786454704,487.29537684183913,-8.056708415354523,0.0,-290.5618198453406,-5.647237438714431,-0.7069669334172827,3.1361144086774173,-1.0698632064160685,0.8859153663011885,-0.014354896381891968,-0.35132558998338254,-2.769919540269015,3.0170811085582385,-0.23440733185977955,-5.4697876298542445,2.1297488186089506,12.61201218171685,-7.627182632390722,1.2557330226652212,0.1431094483808254,12.355141106645686,-2.5869326988331345
-906.371005560582,-988.1272928979502,1122.6675095905518,-75.10798221105607,-15.191390565189266,0.0,-261.5003928781443,5.02622287270891,0.4524386074315097,1.4785998208474818,1.8436899867229946,2.359170546394626,-1.8409782984846559,-0.42032810899748374,23.670567192265064,1.302313018553773,-1.0549565036506607,-6.322170990413912,1.1647833491965338,-12.83580236582557,14.94519376649192,5.489750284069895,-4.741699092730514,8.963840767547133,-7.723161032037639
205.99405203277738,-314.02394860393093,-2401.7725272607017,-500.23955053230145,-99.62707218226934,0.0,2660.3404461433092,12.479588958517185,0.46171074620574326,0.887904408504938,8.022479565872402,8.504324970334372,-0.6141046686892926,8.311918290117642,0.9429588655658246,-1.2643508072580283,47.67729545218775,7.7450554932563795,12.433943155752285,7.029712381064986,-5.057178121473406,4.272854735660244,-8.453068652718475,-0.8196764717443791,2.6333942762278766
-1449.0653629842818,-375.6542609958904,-387.98648942057116,-35.21001953823493,7.972424061512919,0.0,-321.0030621453304,1.9787352455317173,3.355164387803101,1.0858078429187095,0.007908545972078887,4.6620329238564935,1.2126855480092216,2.83327923129931,4.904727855753283,-0.05848679269837095,-1.3492100040638113,2.435183314658077,6.3817921275958,2.7935996070271436,-2.7281204902041245,4.745699861551171,-7.338122468352903,29.931147380420605,-5.761514209872067
195.4329538056875,220.92841149571203,-723.9726129099724,-54.72584667663735,8.106840855373422,0.0,-277.6625875535583,-2.112867421317001,0.6136229294975658,-32.16802925338746,-1.316846218450628,1.8337692754619148,1.0759670535446928,-0.2561807628928542,2.338303371494086,0.39271188914983013,-4.156612788993442,-1.0375268528551798,1.4756773981538873,3.76245270732465,-3.482034846229759,-50.792356249835606,-2.9027911181528103,-2.5192139302709236,-4.076296506189786
641.8589292001512,-76.64929159086313,363.80862637798833,456.75912224399707,0.45718290134098594,0.0,-312.0758945731325,6.647247810334786,0.9189343817193875,-13.656876195055133,-0.4934721222210728,4.364935848151722,0.29905824905489387,0.6055635198062086,0.9075340581734754,0.4744288937819659,-4.4187722326819285,10.972121447265996,2.128130170158328,-6.960124426213806,-1.7957416691680637,12.12184318448587,-2.3648465457944847,-3.124882944315132,19.172489372247608
-310.12906651607193,-136.4242281894094,-2125.022330518499,-882.9237659614973,19.936396398920017,0.0,-282.7802626072014,-13.54762313093606,0.6503165233242769,-11.347327587542472,0.07492294554839243,1.6612059215896449,0.8656284975172518,1.0736450227293686,10.700365088099494,-0.357103142012684,-0.8022401669979835,-5.114609446279755,7.9523191388412515,-9.053255366119966,-5.657309883017714,-8.798052751563011,9.122860244886226,-7.442980368442475,-22.55504171388205
637.8845553751851,-257.5841785981265,-1559.2702716436345,478.41393962166916,1.008987067808712,0.0,-302.4019572847945,2.2370477411447824,0.7719345990123266,6.764609708927748,8.345108258032912,3.2810298980608827,2.514909963270675,-5.063674578249591,2.6873059666043537,2.592679159405139,-1.0233773473283985,-0.19645894539822623,1.519107299094957,1.6618229263431072,-1.6482979297195124,-10.481678410806493,-0.9196651941938474,-1.4344708015285283,-1.1191050956586828
-1023.1628719075509,-715.0651797954501,2501.446678886921,922.3584526504334,1.7025748504964089,0.0,-290.24866424691237,6.862994282463503,0.46129119230950827,1.2452017067437204,-23.28990343584852,4.572477728574294,-1.7675601490231574,-6.98020199426414,-0.45576152393350744,2.6799324585350996,2.7871566529727447,23.42036166902589,1.3791499242770797,-0.384111034135238,0.6054241030803865,8.181082342920833,2.1367415902533695,8.541624296239421,-9.550928017692247
-747.418497443004,-683.8180090658283,1173.037149837345,506.5992941925576,15.821134805357904,0.0,-284.0145373607249,0.6489379751191571,0.7099663259104286,1.7189086274941376,2.174471267563612,3.938596770702724,1.735683071290408,-1.9111190198989179,-2.291266118980851,1.192004948013547,-2.5182505921666953,-0.6772010386670645,1.0591759083687604,36.88944721023319,-0.9538120416838392,-2.633852098557264,-0.28881573340522526,-6.9347350667885985,-0.916313468979872
1516.739715299484,-324.00254567589707,-1866.1627416463,-962.190229057573,0.13260779767818695,0.0,-298.636920446656,10.850848057174797,0.5287508595821742,0.5929871733136823,0.5840383770929599,0.18424055590914368,-17.863839222354265,0.7526324679987662,3.770773965527578,-2.2815884663288295,-0.6298158506049277,-3.882479139650823,6.4408985745666465,6.351295524807197,27.107832753400395,0.41244709751515957,-4.192364963899351,-8.03668822759421,2.755611286104282
-1669.113671085898,44.623803711022944,2620.4513431107325,-470.8186149932329,5.712425793358431,0.0,-289.97565128062894,11.927246792617497,-0.1756046819950987,-1.3378627564606638,-0.5374221360121844,4.091459120384791,3.026276654413604,-2.78840449520561,2.130072974142433,-12.947541335378222,-1.7483130021792246,3.887933806693581,1.638905583991463,7.808837549933075,-9.956523969300264,2.852642801494748,21.737114123106835,-2.2409314668636853,-3.3038122809599044
-1806.7947443499475,44.916776976190484,250.72604628792354,971.4376063635541,3.879700050463057,0.0,-307.9224670507688,3.3134677615444517,2.2590014732688926,0.2822210911178279,6.6863621288692565,5.347362031459988,3.1256940110211344,0.021739993596721813,1.2021593105463375,0.13325656853544282,-1.4040818124969334,-8.802942449185217,2.004961424753574,-4.36363842035474,0.42582740677271025,9.084867763450747,0.9107458019598653,-6.265135888381642,-6.972730249254364
1466.8804981262458,453.0488517247022,-409.9534237305534,-479.65049672904524,-7.195940885864704,0.0,-304.5544459142248,-4.622795919031844,0.09881425893726363,-0.43108023009236957,-0.7238487947985893,-18.564605608682538,1.4888106460461978,-0.6930157379154253,3.6278744524757665,-1.8899912632808193,-3.851152329203288,-2.578871881249782,-11.527774118770388,9.64258712967965,-8.823550155281724,3.3685966284177793,0.6345848419157097,-7.630050929656934,-9.691608078871058
-400.170145120787,59.237866170683965,2505.9358479636503,447.51486421650907,0.17058236956402767,0.0,-293.585476582204,-11.181292691381538,0.8485889279235094,-2.2623499624740693,0.5691360803417029,1.1910815292225596,1.1976174026316708,-0.5123128960572169,-3.5472022311328413,3.1504959929561185,1.2100755399170287,0.3473721869749515,3.0463558069247654,14.743523089131688,1.0488671673284735,1.6338644574726655,6.249581238872894,0.7612754664399632,8.510948704917661
-198.96820064552216,510.2648054768222,3636.827359270062,-466.53374955912085,-1.8199902663687324,0.0,2738.2850190520758,5.488821771725953,-5.724203019989705,0.31779178252960194,-13.491510607870236,8.222513021180276,-34.99712971515546,7.361225652717056,1.027130282875683,3.4359152029658815,-2.2364692183802384,16.46996329909971,12.731401643990827,-1.040774970434567,0.6670843122173504,0.8494826537536913,-7.102150520216225,-8.34949677823759,-12.7505552701863
2024.3935594248178,-42.31122442030899,-1530.7817350334537,-444.4380847640089,37.74097642058387,0.0,-280.9210615941204,-13.964408866451782,0.5419878573439776,0.043270588008498076,0.5555707540657041,1.4437247990057684,-16.74849404919378,-1.5053840103801774,3.796554934705976,-0.001826698731312748,-0.3658946271089698,-6.44146979115196,11.293984865994544,2.353037034869941,-2.3762434468504066,2.830117836033374,-2.768915460305129,11.505224246148623,19.885435248240295
1518.5969651871735,509.8844533458896,-820.7928638785963,-528.018074480571,-10.162167733556476,0.0,-298.2298371658521,-9.502636149906994,0.7273373464203583,-5.183091324804139,-1.2488532375207122,1.2178852468858306,1.121882272472367,1.4175218804274554,4.652885982230262,-1.7908312509091042,-2.3542349865943426,2.2963529089990544,2.3170925467296963,-45.475151192836165,-11.47801261357624,0.5311791347942988,1.0693654680351776,6.659003187759926,-5.911680129808138
-136.48438664262937,-569.3483373894954,186.98756764826913,962.1854813852665,6.635663980016813,0.0,-297.3097601257715,-12.112133423866082,1.1647053845826225,1.4707986818060341,1.9604083707651174,5.626586800130522,-24.599772374229765,1.557749045804249,-1.2645697584423403,-0.7046368188189317,-4.185950432810027,5.00529916807244,3.800530315738169,-3.92522069777585,-1.2992555427444923,1.4846604880250078,0.6572319067501027,0.19159286435129746,8.67788160260577
501.57989764572056,-258.58052586713114,-788.1513366188477,-992.7186141644326,-9.235608803380002,0.0,-312.816864713405,-0.6300632499532818,3.4422184501426125,1.9820247051572604,0.03685925683579906,0.7781171613460791,0.9087202221046994,-0.25431508579025675,4.813010470727564,-0.9538492774364287,8.797824367851213,4.763174783973959,4.331977358963106,4.695709192972099,-6.854261050819023,2.72948215188661,-1.1117349884108227,-1.9119068575918843,17.91850436513269
337.1636444267471,1612.3896378137931,1114.0332911190535,886.3114789613816,-2.1450043329844717,0.0,-306.0730989573719,25.501541565909424,0.7841209240967274,0.5704812430280553,-1.4082332795371464,-22.19159666689541,-0.07251154427736255,7.956709045714188,-0.5817275589886599,0.625074230570447,0.28603057862533,-1.868881701190668,1.4773808118682363,11.573519173689439,-6.114477161607733,-0.9685937152822032,-0.2738077273209161,-5.104818513748687,54.50042239950239
414.7047015976571,121.78771514540779,-1141.407684867664,555.8317499959827,-3.5524731965362215,0.0,-298.32382554080345,-12.669839611856139,0.4735774952110669,0.28560535221009387,-0.17011338270093687,4.729509437159456,1.1310112542132782,0.8023706774357189,1.548210735569168,-1.5749424025145704,-2.4882981337135597,-1.8748357286071435,1.1905151881790694,11.663493247470937,8.819120522698697,1.0647910733082222,-0.5069562945111916,-2.8757450384709315,0.9457253412399284
-1959.6099880502795,841.0928814642327,-1245.8422194856607,936.7464918526646,6.862548750997323,0.0,-310.5737570737177,-7.1199777489635405,3.8873242709633016,-1.431181333202964,-0.889802078971858,6.611122756244519,-1.7453201120141475,-5.667393657976147,2.8879343041013743,1.216100994217947,-0.34150781690452475,-3.0146656879615286,0.9355144102439483,8.168872204482941,-5.976744294610175,7.430339496740924,0.6816448097679224,5.079042450043176,-0.6957907016805752
-536.5014198697567,-376.7682202198992,-1190.5778672939668,-865.5504006643523,18.733486729554933,0.0,-307.19924443769133,0.7017250267576797,0.5416143226090363,1.2083199596332042,1.2716222560678827,1.6999838670328948,1.4880154108432517,-4.175451019154996,1.0275718091596684,-2.9051437634436703,-0.8760866752109723,-8.50535034432421,3.7250742424597374,3.9220250533973293,27.00849828350585,2.527518884444995,-1.1286061746136138,-7.860766499503617,0.2893852761563207
1735.0598308961105,453.1325908684838,-1873.9998286489704,-555.3572888922372,-3.569636524381133,0.0,-292.105604958039,-5.847428048150345,0.4994332486152322,-0.5881600150969537,2.317869925517231,1.8706833363579791,0.5000750842430495,-3.5394822448664662,6.617825732254354,0.8664585831948077,17.336909772821663,8.502475997702224,2.1729961911893816,5.2157441298426255,-5.328896410369288,-0.4298108021086192,-4.43682295953829,7.488557142448747,0.48090985049589885
1614.326289536079,68.48803227225126,-1901.0798769060013,-51.29327326663433,-3.829831403059803,0.0,-294.1473773960745,-11.956333040090833,0.5484517388680701,-0.3937137276409049,-0.7937569083577662,0.0074948149942062545,-16.884271159961017,2.509234309031608,3.402496606680647,-1.4227824801403641,-0.5863743380645916,13.034591028418742,1.6477952906182927,4.018590617899484,6.783840600578378,0.8662410907236846,-2.341515295024549,-4.935953411622769,-2.7507889498487073
1269.2933569432348,348.76398771547724,-1606.0550095711594,-63.34427857209317,-0.6812550027192058,0.0,-284.5123480561658,2.087300520705536,0.356316494972421,-0.15477282084963376,-1.9244752015603124,1.9230531671842983,2.1574979176197746,-17.998103895941224,3.286064101586066,-0.6419781122717295,-5.33161836874642,2.6487151822887682,1.8195468377099415,-43.72221468003082,-7.279339511545021,6.389493678876348,-0.9495563162890847,-1.3298643453424486,-3.0507942091557188
-1501.460085847405,691.0312463617871,267.2668572728126,-96.28228458089747,-0.4361053893178565,0.0,-309.0708434408401,-4.227983980498888,0.08028420655198783,-0.34922677489671794,6.994085256006344,1.5956302436264256,-1.422304554109275,-0.09435139633780636,6.965156881872925,1.157547120852106,-2.8747247070521595,-4.066152043303488,-7.037662642830638,14.791564117443988,-9.830335051307385,4.1117533148655045,0.7775231859754448,-3.7516523411623774,-3.796244774879064
-357.52103603585647,-1302.1844768600888,-1623.0474415940778,-926.4249170093399,-11.98239418009555,0.0,-286.5813897952424,2.9400553938301575,0.4464883166506727,2.064714244322458,1.2338536068882986,1.7458797970372477,-0.24959923011380042,1.4236691122254215,-0.5013577371772534,1.3397355506788204,-0.14252293196123836,6.371548588642958,2.6243645842269707,0.6063617156725387,58.016911124737184,-9.524579135662682,-0.9815636163050351,-14.28886254835518,-26.05221359211756
-1645.6138011392263,-106.7079165684583,-801.9535936270436,-964.9940114423736,-2.28972932690782,0.0,-331.51828818886844,-0.9426737339016266,2.33027011113346,2.559602624157806,0.1762790823872281,0.9442907354883129,-3.407236476931085,31.006693796968122,1.0423146326021921,0.31429007643863394,-0.3223479744779756,4.781899077754503,3.4922945567854295,6.047719405889103,-16.742521643868475,-8.357196863370032,3.380010728451475,4.740756614585256,0.25263593263897893
-1185.8219492936682,-745.5342263982366,-2119.9731320040246,-44.61203636130228,4.35426324469018,0.0,-307.27494967524086,-5.379555854075114,-2.755911242741424,1.357747005823473,0.23923388133239734,2.246054476837716,1.3823591838429996,-1.1040974380190263,2.039240606230869,2.776034748220499,-1.4035689028632923,3.009232190482368,3.6875771893304323,15.398686988062938,-1.318063492251619,-3.8673867153700887,-1.7466946207254275,-1.9796424801897958,0.21728737610031795
440.95332160701446,-737.1039777499983,4024.257625413435,516.3659058922896,36.03765152649128,0.0,-270.6171440875411,5.274627695741318,-0.5864084508125297,13.1545323812152,-1.7018939123189476,5.3898077652920575,-1.0319835708798784,-9.065762037677995,-3.5343260292938985,0.7057577433269276,1.9765111047825281,7.806478078572818,0.3114267691356384,43.20771116420305,-1.6353270496141452,7.121076241197343,-5.1230935316685215,0.3563079115531894,-1.1569477020661112
-1929.322530444843,596.8429317127583,-758.7040862522701,1053.5371751113046,-28.012353993595625,0.0,-317.979212038814,-34.37500760812366,4.886005609375805,10.161290959877967,-1.4141539256675362,9.606435445854444,-1.9788864476494905,-5.805632601821749,1.9544488958447677,1.3342709932216763,-2.23501226579077,5.554296009434086,1.3712217196646597,9.97261051808418,-0.8851724030607276,5.343781015544935,-1.0322854210755268,-6.566288595492508,-11.98634346134638
-947.9598812117167,453.36368818052506,1133.1374519419364,-27.15436578109005,-0.20955187892498,0.0,-285.1412981572587,-0.5882294774417616,0.55751898399516,-0.09061700890456673,-1.4119537523187304,1.1789596208074518,0.1671598570569004,11.455432214543038,0.20928605069239092,0.5731199248724527,-2.8312122335460743,-2.4951648275622498,1.2741504331523867,12.257400017577446,-5.0943048561562065,4.158859045412657,-0.3349128629940977,1.7945094914974282,-3.588752414329902
-1729.6264045205314,567.4265421194364,-731.6010317884209,535.0117627510864,2.6762864602759424,0.0,-312.05176812342864,-1.9627636339070536,0.9479783105269345,-0.16529322318088438,1.0541610619688475,1.3562583953684446,-4.161093391903225,-21.02910817651074,3.7227620599358167,1.8411721127325298,-0.9887738757890814,4.8861583787490535,1.7542138707226167,3.877718059564412,-8.161089729867953,0.7523954794024468,8.059903070838738,5.560447849991653,8.85419650046465
-325.89199595033216,-163.16241162945818,-2276.4968450032443,998.672058964752,-205.6626439308724,0.0,-288.1040817338107,-17.88274388455979,0.4897614593737048,1.9078420957509603,-0.08533511994671722,9.171517473702055,1.7594217798813676,22.199762946240238,1.2778934829138677,-2.1006695859977476,-0.30518266006215355,-7.938728443616925,-17.43384245759567,3.8855013537036354,-2.896353432963594,-0.5908624939418573,-3.4166042033184665,4.017749087006009,-1.6325506019185905
1920.3492831878273,-163.127213914148,-1644.9779097492205,963.3741305919029,-18.139564105974028,0.0,-277.7863356573614,52.663750209832735,-4.5244381621728635,0.10395253390100329,-2.033645497243621,4.611481608582905,0.7667606085069164,3.113030985035182,-0.9059890375338032,0.5074456947118702,1.760079680330461,-19.871368331167833,3.9726712081334994,-0.6194309671583823,-2.223151349851108,1.7194477421918801,-1.221035147555682,-0.14193894202503085,7.598847674268883
1462.0899138336333,437.24126850971925,298.3880163074138,-4.719809100011744,0.43937556516373105,0.0,-291.1625428396431,-1.1316887084228784,0.6171938494604468,-0.680553530815031,7.842838800536069,2.112404565368662,1.5508208913252393,0.07385108333499144,3.421987317779063,0.0008497232017704512,-7.622842300684202,-3.3215315447987024,-8.183625240718579,8.260614758840726,-7.355424612897181,5.322848655322211,0.2584972399065039,-6.087407303429481,-3.9509702907111675
276.5421371655263,782.247178999813,-1579.0761996282013,-483.782167139884,-4.596080003371481,0.0,-314.6016198383962,6.353424271607688,-0.0785457019996123,-0.023649006112851763,1.2416607435549347,-11.790162672961713,-1.895275412559112,0.5865490104551918,2.3364752496984966,0.9272458610544226,-1.9907254690428458,1.9335980417489786,-10.522716604657331,9.758598921676901,-10.032193251572938,-0.8441574793457738,0.1724728627579227,-3.6857396429934197,-1.634238602187959
-2157.33354803251,-888.9892827650875,-1677.4439965335448,1013.8586425879588,10.61035601550237,0.0,-304.10663782661305,-21.4414713685683,-28.323795307162808,1.7611506154204983,2.1038922038961716,9.034710530021544,2.0347079812920685,-3.7043880702077563,-0.43842343461750166,1.8269785963223564,-0.7641468310353909,5.455281583290872,0.1353192859586407,44.77642390411523,0.3408635359120644,6.71954667836069,-0.9313512503191241,2.007702119040997,-8.355779627332536
586.1686270679052,-736.5632405704129,1153.150733057189,-965.9807232350979,39.67059982764162,0.0,-307.1492469495039,-2.7337364261494246,0.6985776508568033,2.7445488023444273,0.7302161853641345,1.2011175562545702,2.41877942172579,-0.8192799611472307,-4.121306721886369,-3.717088498960215,-1.3244167566980527,-9.893583808050005,4.50878983804039,-1.0896258034663204,-18.226835028804196,-7.193146837504963,16.466829974748652,5.1615666284323005,-2.588374748909596
517.9206677610571,1219.077255833802,-2153.2243181762633,886.9947735640112,-5.958242248247669,0.0,-305.1812402801827,44.29797842244808,1.3017229626884375,-1.1938602398145275,-0.8297348859114316,4.534520376511385,-0.018348618332839784,6.84917922922507,4.187751147294545,1.0867977752028732,-0.7709679255159966,-1.6151114212640179,2.486621618336094,12.511628421444279,42.27160249821683,5.023127679006352,3.4879221184808835,-2.2119405275178763,-6.726374178035036
-51.45436680925267,-413.07304476920615,1191.2700172785767,1.69909032639153,13.068694890006988,0.0,-290.1352301839761,-1.5754624905070669,-7.183247556168559,2.993715388476133,0.19782714935248308,1.6132725200541453,2.0901297073662817,-0.14551768284197866,-2.873249026941679,-0.06491265415015327,-4.777282246267275,-3.135185952544852,2.286540243761191,-6.78404127860123,-2.6429741556153297,1.9141851068421825,-1.3314666382797236,-1.7865196561056635,-0.9314838917138918
1016.9377330061334,-2.5013936350938946,-1951.3150124081878,-523.3256349135092,-5.301863878846823,0.0,-299.6177114259361,-5.611157927023447,-3.7341189188302133,-0.20852625795544458,2.4177947560674466,2.048155068904908,1.927794154143798,0.23004705210718715,3.18801625177678,-1.7844012576660482,-0.6457571345302042,-1.0549602560777336,-18.892844715416846,21.94815702890102,-4.197486857194496,-0.7776546623623034,-1.0899219104188083,-2.3551436178474168,-1.5136069219847932
1464.1485193247534,-56.23243412231553,3980.999437912233,415.0716988332401,16.34635624810601,0.0,-272.24275366623135,25.23362376446038,0.4314987683464428,-82.62520327968912,-8.860383106399594,2.127089046888265,1.5657518172079175,8.03145608838612,-2.8529691310056546,1.8654870080852217,-0.6175789507230312,1.6034336100115234,-7.443134191706288,-3.0099815399801737,-0.8451694029136095,4.650040624118119,-1.9950226129180466,35.14261499246391,4.004598161793089
-1764.501895801708,55.99798240394236,-1159.3572372673839,-450.24506601313635,21.646103600275474,0.0,-315.2947876185105,-4.990616639477889,0.9988617342946619,-0.031179284657318153,-14.566983859644177,1.9502373220227407,6.1911384137526495,0.5134681454274452,3.002866386664252,-0.22664290764523423,-0.7227178263207186,10.77361288753187,1.9645403593202917,3.6494226131090572,-4.980449203205834,10.528421509141873,1.214518251846498,0.583119887028328,-1.6989338153337024
313.31771863163885,-514.6535422985113,490.8793928059398,24.04974809413399,2.116541540355096,0.0,-289.3841757014251,-2.2340093557818843,0.5908590734774003,1.2947696860747322,-0.3378052389924553,1.6246954504962212,1.4768100574265517,0.2574656983499606,1.2639847193283495,1.007504740459653,37.24474129182015,0.8964567887225389,-7.582097192190027,-0.5986411519085375,-3.9849406224351007,1.2745296455771395,-1.3876591913440373,-0.8810988228569764,5.595938081521992
634.4306450845457,-487.4494614672274,-1208.881516596244,944.7993178359303,-2.324724361186404,0.0,-315.57716919671196,29.15716134074345,2.01171997598868,0.7517821711583534,3.8142683362697443,-86.43409314263107,3.607349648369361,3.088789521471506,0.3163711462645793,0.006919730805751839,-2.4316026425801347,-3.617997657446706,1.792066885504638,-1.087765229457893,-6.206615692025827,4.2087517272315935,-1.037655265047215,-1.4311831470321486,-2.324340256294794
1019.0904972777042,181.24948114008035,-1758.073571155495,-103.17647500793319,-4.071995544843754,0.0,-285.2573612199083,-4.193650310930821,0.45644379393234796,0.4959830106319998,0.7180961107403507,1.4458238579910727,2.3577428299919476,0.06361807573211764,3.156822340153539,-4.200620110377828,-1.4338289841799259,3.285125266104754,1.1419765143676406,-21.649712240632926,-7.620107618220804,6.39729371663593,1.741409257693352,0.7382347663570297,-5.838803444881594
1504.378326200297,1463.1996112254235,-1671.7029214309312,-44.252396753928934,9.5221451067374,0.0,-287.73170825653074,-8.302397605455935,0.2506322203296406,21.983575911589536,-0.7242138193113835,1.974298923007694,-1.1431666369130926,-0.6884301422074255,1.6990560284304432,2.979206046675191,-2.1121402696141693,-4.277979872182957,1.9155395238036623,17.21548298690388,-10.55221670438954,0.43973533247217705,2.6813164147578235,-28.69057748812929,-3.239169313732723
1757.2339690980186,874.9697516414899,2554.0613385431766,-24.795268875070335,-5.952468220441507,0.0,-266.2070568819655,7.215822402934133,-3.8126870256796237,0.05861801412495201,2.954307467419199,1.757487523449256,2.0348930074711182,-1.822431393095895,6.235595992903612,10.97555726007732,-0.7131776519593788,7.6640452926853415,1.893960376212228,12.086709837083182,-9.62288079086358,9.38546437725965,-2.7110839000187985,-9.48808243693583,-2.3098872076131975
-708.0892153850814,533.4289491810732,2451.7634380531294,-41.784352089941244,-3.5186738246330593,0.0,-306.8214657987616,-12.62353093769699,-5.027603223589491,-0.9203485348845374,-3.289682902550541,1.9107809431528235,-2.721371081945417,-1.0317895840050222,3.8060963626628674,1.4706671721404496,-0.7705175756455361,-15.978116789309883,3.140484033139955,14.192539608680603,-6.103121456736102,-1.2136796455417875,4.339406259508752,-0.5603215960628952,-3.961891794753806
1112.4750905653327,148.89580406960667,-2268.1977060861927,1007.6203069535416,-1.4403936681880212,0.0,-263.36492929060296,-18.118377989687733,0.5052841146284935,0.4091328350256379,1.0709581274787727,12.4786990446679,1.155365319596263,-1.5054163003464165,3.9023347914725024,-18.358514845280137,-0.8210227136344458,5.04681418204676,3.3160978082112,0.8430175272260363,19.4996543923898,6.063030176430527,3.816048011809086,-4.893268244395375,-0.7461361827930348
-2031.3538851753099,322.1723777595506,-1620.9982356619412,515.5960717351788,1.04574280692839,0.0,-284.36933480490524,-4.657980276801932,8.377310902769645,0.2097252433179977,8.509040756055237,1.3945367768243588,0.20044228974872672,2.4540003485106974,1.6200359463242655,2.391438778632379,-0.9256396309193964,-1.7342064208005614,-5.551873339898604,1.9339228399698727,-3.8351992178452843,1.691212438385034,-0.49238478314438566,-1.7423928486516553,56.10210040598399
-2042.720526575611,-439.462473017497,-2193.2517615848947,437.8832979379983,10.284304185738124,0.0,-290.4528300921061,-1.7431406810469054,5.074549275344922,1.0887199366326403,-1.4087597650857697,3.116245951585688,2.2780971494749136,-3.9469307636802835,4.830766435201489,3.2318294127629468,-1.8042386586954084,-2.1060415537345865,-0.10640542309744772,26.720295002558107,-2.11227258426102,1.0020885122065766,1.9598737174516514,6.539175880488513,-6.542670728985763
-391.26582140318675,-27.64488605024227,-358.91187839828495,-925.0232285718382,-1.9775703001874603,0.0,-289.1142578632507,0.37681693006283073,0.8304472133390867,0.8797111298258391,0.03231959021724063,1.3717556593042586,0.8450973712247027,9.576338323246073,3.1033489763144355,-1.1089984322317754,-0.8820679798581532,-3.4747140680181614,3.757149727361382,10.731204813789589,-5.141579709503159,-13.283156072805568,-1.1843071577588193,-2.33328372977627,-2.7287459770282143
-1736.6269261655239,115.54555265412348,-2317.3124014619098,-31.732039657101424,7.913207893007597,0.0,2569.0308298922782,3.766751823122082,0.7881287252654487,-24.0509197024254,4.243043874703981,5.088611075999284,-5.364992981877416,3.686132353908771,11.354359967264298,1.231776170643705,-3.375042967380056,-21.049927307920765,4.676879765929519,-6.803749381317266,3.7922528768972263,-3.9971465838393314,7.058175731911487,0.5117064207767569,-2.4005333706803578
-1421.2843871228663,-329.1963712114177,275.2497613677212,-53.92327652703368,17.79260550537209,0.0,-318.4375446795206,-2.2738304948629473,0.692166285916853,0.9021904774491992,2.4817133003293654,1.9729979598884757,1.538427422275594,-0.07555679709221233,-0.78112007303555,0.2774966389278201,-1.2407954316698009,-1.2936950205656506,1.7168532641116392,5.678393014928761,-5.235175399025737,9.936351334280602,39.481633651674606,-4.742073651572503,-1.8006031269646945
926.4158911793775,58.761805159984505,-1656.200422421083,497.3934830935997,4.632455473900716,0.0,-299.96015761118707,6.063940405258242,0.4226147158730043,-0.1700980688098245,2.2481957954053127,-35.800956095943455,1.2594508312603385,0.8325366825374211,0.4510228586890003,0.5768303278393899,-0.8314349002885036,-1.7359836438700662,1.517506382811736,11.469514283171602,-4.538703458453449,-1.5454682957371673,-0.825916447314652,4.828596662635429,-0.9297477767455584
1548.4833058439654,-74.02311650038142,-1908.130150794496,-496.25292852696424,-7.0275638092979085,0.0,-292.4872159924615,0.19595687947627363,0.5614608058291664,0.5410549278558614,0.2761650919167906,1.8378184336010386,4.10698669990508,-16.146386683751594,4.69908761144983,-5.420258725118064,-0.7753179764587743,-2.030928327181007,3.389307796123335,-1.2341231796974943,-3.5264097618287984,-1.4937354688379605,-0.14111929200792478,-5.268821561545903,-0.9618541219085678
1841.0407362608373,149.84277038959803,-2264.084873092463,-939.4731689086703,20.807160711861908,0.0,-267.8371725721437,10.346110727020898,-4.485805639449042,0.3425539555205319,-1.3448182178675647,-0.2361653010558981,0.996881463779753,2.5405566850638017,5.229269517922368,-1.0895043542898566,-1.1510248513778512,-0.33863923336723406,7.422605854584154,27.98677037617391,-2.0909827575552042,-6.421287392575537,12.477998425715048,-2.4141401903699222,8.945786440808105
1534.6762841585482,-115.3690526601944,3915.1412794643697,443.56068785356626,-10.201489044508074,0.0,-271.4224251491096,-19.909308377735886,-0.6223229981367838,4.302704821761055,-4.318886046435791,2.2364161026605163,3.251139819564833,9.713559682826947,-3.499627063122465,2.6642379993730367,-20.411300683897696,0.014388672934035628,7.964233866876283,-9.221182556764042,-1.159939460542086,-33.24251955789967,-0.7936004661514671,-14.332998947482281,-1.5459928097824154
285.83634373641047,207.17320449180804,352.988675298439,470.42575687374506,3.279836080650766,0.0,2584.481451284246,3.0634152499485827,0.42896079051132635,-4.897023514177589,0.2878421726362236,4.450761494181463,-10.386791145367601,2.8357450694985533,-0.6947391816275885,1.8226263843778603,61.0194563891227,0.3199900600376154,7.548851038598258,2.606364754825261,-13.541752500106298,6.850326939468228,-1.4615777097008769,0.16034541138798622,-5.693893427468957
1217.372754964555,61.3888818491673,-335.4809476102019,-41.76057636752643,-0.8675857099190426,0.0,-281.43297378525773,-0.6222663389398123,-6.3318783682913535,-0.4758899918712769,6.7684427888848475,1.5094421782502458,2.959193994483951,0.596150650014344,6.643508156660705,0.5529313061007609,-4.439031774811896,0.570722346094771,1.961644678355445,10.458443242556957,-3.1315702177794456,11.206577559271134,-0.9573810135475583,-0.29126193994893457,-2.2874397668645527
-1831.9502806171174,1008.8992045606068,-2360.9000895794493,934.2063284199966,-79.53015917883141,0.0,-289.43261168012157,-43.33821170325021,0.3144818889043441,22.866344956129286,-0.6102567012169906,6.341217672574352,-1.5178537027094186,-1.1890730346067886,2.0652479282510074,-1.691623810244655,-0.947027239102828,-8.47946065224092,-19.558484858005382,10.82081319215621,-9.827030613143172,8.076274269159724,-1.740205065281457,6.929026948894582,-5.810446891207479
-1588.0286739811054,298.3069974318706,3986.842191803834,1118.5381459716511,11.507218693232039,0.0,-272.45836772595544,-15.309457532609917,2.7078151423510284,7.441528424000216,-18.755596684703082,6.559091947904974,2.790137892997203,8.5178235417751,28.822858362825023,5.035922163756398,-1.9169142659461686,-18.29281562883005,4.880198554738247,-12.726147978883489,-3.642672085451917,4.626059322278188,10.34794166996938,-22.826288684913873,69.94591971772205
504.77395751658304,-208.06214471210757,418.9476501666207,-10.968535096480213,-113.39123203823176,0.0,-297.8893216395791,5.357614601322978,0.43555250279252405,1.4562273103183543,0.15846282493890781,2.0168495722518354,1.789894340033535,0.23845885976584963,-0.39429518712454514,-0.10570760363023307,38.75801576966129,-5.635164239309743,2.617867654507041,-29.251381601887566,-1.7477208182709534,-0.2354932188049147,-5.049304088963297,-3.180653694337142,-2.1510924648096785
-1479.9365565729047,-610.3571191418606,1259.5483012088275,983.4452956749008,12.068674158569925,0.0,-277.13880628380286,-24.44786393242915,2.154570978280646,1.0871986055202205,2.225137264337973,-33.4628578867327,-0.11573739771026552,-7.671453502859355,-0.5045100977810161,0.9345682457000342,-1.189266070994425,-2.074476931153042,2.274105937547712,52.424965073541834,-8.236045570252937,6.4207944982410385,-2.8324936971039194,-8.918247599595395,-12.36014230399709
598.0459977324482,18.178879035239955,-720.0861234600711,504.5706716794436,11.087520059458603,0.0,-298.82560077283557,-4.398935745222122,0.47954555332752774,-0.9633684802426367,-0.07801932603255012,5.353776155123526,-2.7237895311219775,0.4066405240727976,-0.825476829776319,0.6113160178111922,-2.7869288750325696,-4.220965225754043,-0.9735743252026324,11.036974506866333,-3.1526346754691565,-2.30969688745138,-7.583438563069437,-0.8957565760534033,-2.1494470680263116
1691.5537870076507,-216.88783524904048,-1196.0667190438708,456.6516010501355,-6.718768665187029,0.0,-305.1130496147257,3.9382882857219297,0.9317825039417966,1.8408961351408164,4.41496580637653,1.457850894849123,1.5342813501869048,1.3474939298027966,3.230798076969087,0.7562713583901126,7.010948465756999,-6.510025313636179,1.9223516437756385,0.4840777305354623,-2.9591109664651323,-12.74334549604953,-1.8841255807060278,-2.6021217421264575,4.08935979332701
194.3503398644764,540.0191683634085,2378.829522779228,525.6542002890303,0.227599723503066,0.0,2780.4278502321627,-8.167171949656886,-5.057468177613099,-4.37827584928697,-8.347462309019729,7.167937940824911,-6.172379687638452,2.2920036304434115,-2.32770866369828,2.2856197721878018,-3.2752119203949683,-11.215197467726286,11.611901254447835,-2.1251829816488534,-4.70957717824636,12.488482404817235,1.4294584266004042,19.545832158283613,-5.147415281804364
-557.2008883088427,-404.48057688841556,-1246.6973559413825,-163.5859891251486,21.546323136433934,0.0,-315.7619476784906,3.574728630292239,1.0712733286510248,5.773134786957922,-0.12197901613505302,-0.6002287319299332,2.848680503185294,2.580526637393349,3.5146615254400597,-6.283384645941158,-1.2828633350413425,1.1529031097147975,-0.03786262255429459,0.3596113010841073,-2.8568102321106363,-38.52145172180081,2.142763200984953,5.855179266928531,-0.9471356706046723
-2021.6333522700436,-49.97641366945329,1014.3249509175166,-491.2624122932388,6.8354458555202475,0.0,-285.36792173054704,2.5048667575732955,6.6654167361783205,-2.868856631788282,-0.5192173487840392,0.8766284935064084,2.037233581272537,-2.7896969062376473,2.301991667289176,3.2069473669176016,-0.9942281236713563,-0.44905617384703184,25.32128530533029,16.533248003705584,1.9457833790099899,6.234719993033175,-3.1801619541060617,-0.009629867033492216,-6.105290731876823
-1245.7635359812762,903.74997405741,3948.5925385340297,507.7999122786075,-7.769878605759925,0.0,-285.33332452355523,23.176553277334666,-5.080495851634247,6.354050892112309,-16.8924882430231,1.7459579992825287,0.21716317405340288,-85.35155367481777,5.499024264756326,2.741936055823675,-0.4299954937671514,-2.7498946718438795,1.4355276970442665,2.0248444234951393,0.9609454464202908,45.56923422291256,-3.444558512467531,-4.441711451115184,-2.5971195841354815
1859.1793372712084,-395.60333037022883,-1575.9369600849034,427.0396521415111,-36.938450561032155,0.0,-303.9886274263747,-4.306014845373843,0.542094466455459,0.5736715356046882,0.053250129221783925,5.435646650670286,2.2844517104216866,-1.2779944041720896,-0.1532001298576292,0.905134469879685,-0.9833692606243012,0.8665685229164604,1.9908403747634074,-23.913064775118915,-2.8036020978509937,13.28157094691227,-6.449222592891946,-5.981238731184572,2.3443568771010868
1267.8732138526557,-194.59844350672154,-818.7581115629595,-39.62086831614021,9.138470770514946,0.0,-276.9979443319457,1.6554018765716947,0.9461458668484771,0.8147852630819258,-0.09888187678669468,1.72528578759014,1.7724772763523051,-25.21838774027246,3.329993208600963,-3.2472483103429783,-2.404638417606573,1.3711018347551938,3.342719548192429,2.782125487808298,-4.501448721889083,1.0930088213489102,1.7258958113156135,4.36320387624085,-0.889629345579845
1024.3321789189602,108.96838819316922,2607.7211697717826,1101.446151427991,-12.207343151657176,0.0,-262.7708812619768,15.14729492998029,-0.4312514448447075,-0.49729595464933074,-0.5606329405475821,8.664992080186398,0.035680105692338884,1.6853609267821537,-1.5811164881803672,0.29527568941890536,-0.39648624550978334,1.897295621512777,2.9694056038990793,8.454231535729397,-5.181276759050786,6.6672834463045145,12.969019776951898,-1.5280493492554865,-13.949111114692764
-861.0916682861608,-1001.8644031017028,-1680.4446631368587,362.4685035344435,-2.3827984976725087,0.0,-306.4758355719579,-1.9411290182134047,0.689022275583117,6.319477298935677,0.8300190493328153,4.95080794211212,1.0687285811246383,0.39592221644881637,0.03685303031706695,-38.79876843027696,-0.3499506490108139,-1.666230035796493,1.1745237599756877,-13.492391580739504,-1.0410397320766351,-33.33585438829786,-1.164450824696846,5.927579097878485,7.032301665979421
1980.67546048264,484.97780863115815,1021.918197398997,450.90538435469483,-10.78016231434014,0.0,-287.8385960792619,10.559565483168928,1.2217238432837665,12.863182651197627,-1.2291759006433611,1.4346275833242632,0.016665963907688937,-3.7635786371156157,1.1129436407957654,5.322807662850994,-3.3447003915923736,-3.124166954500283,3.0955872467002035,0.8194102448091636,44.76055630262739,1.2186734055097654,-1.324331134263835,10.944966953661693,3.2873504463881953
-1564.9391043766122,771.1862732462239,-366.396440536914,502.4460103394268,-7.90808254735249,0.0,-307.47541916195667,-3.3107249276412825,-0.2383927918540315,-1.9393975569380522,0.9305487768858764,2.74878794099131,-4.1098365375850605,0.07852001122058794,5.5423884235280125,-20.925500012984596,-2.9374418170603374,-0.33519882698932923,1.598176560963163,7.540580327136732,-9.103508068145585,-2.5021172542704355,-1.2896528254495772,-3.481803171995311,-5.049339744706693
2215.1906700091736,1040.3661198742232,-1601.465143558889,-914.2802388590798,-12.929026091472915,0.0,-295.4180174831843,16.686014037860943,0.04683638633241031,-2.350182749940312,-1.145168021101156,-0.5333716669262432,0.6816595013738072,-3.2665611065543696,1.7629402609223084,7.595700827424305,-0.4477389478476612,-1.122001117757943,10.535105459172177,-51.31955709620124,-20.101557528222752,7.092629801626133,-1.4441039538759415,8.814469603854823,6.043493912317009
-1528.0731289035148,-106.76606717658684,-1123.1602299783124,-851.4136516361366,20.99330918727974,0.0,-325.8153162083542,15.985250884103262,1.5599543310264001,1.5581442878316325,1.6831027919899222,0.5860707490553279,-1.3592399811872566,1.0726255545646286,5.740995773951322,15.044859533836481,-0.46476603099381086,9.21248280559764,-0.2022051867805283,5.60272043284969,81.73903749084826,-5.333254738754783,3.2297951998708903,45.737075721125656,-2.683633020845041
1097.5104461394058,-101.3174637171152,-741.221073479266,-17.91268697884296,17.274845255361452,0.0,-285.6780388503027,-2.802559912122045,1.0727477238245304,1.0292065080170874,0.38638280245461765,1.592111487270173,1.6746099041001505,1.922551164578209,-26.72932468150708,0.10735084982667918,-2.4266021649080387,2.8167817128250374,5.637424644767851,5.158290108068962,-5.098067611035529,4.288457473805081,-2.6540602871172165,14.932142478646734,-3.869719447795653
-682.5678537243883,700.7804556619476,-1532.2973473728457,7.668577748169632,-0.011203604871132769,0.0,-307.7270237053448,-5.571713768356662,1.0401040569749862,0.09764553438247994,-2.470195866075795,0.7881920127392356,1.5592208615253267,0.6067891894724691,3.6853633093149876,-5.880385086601532,-1.2206978751110082,2.1990623527337805,1.6455874284507148,12.547487281257364,27.826651362224723,0.49302875299432214,2.352779711317722,-3.5417818499183693,7.140203070996913
875.1956640671045,1137.4936302581434,-1202.4940152737959,-1017.5831206034411,41.419915014943996,0.0,-325.1653222375787,8.371349603484548,0.18345404748997493,-2.386295315533385,-0.38789859563311835,0.04678748031423319,-2.745967767536773,-0.9829002716144536,-14.065379849714692,-2.530719613245951,-0.8651132429375721,-6.7414242437220295,-12.982419935961167,13.448517120267757,-26.462530890051227,8.95121232194154,-1.1256788802140711,-7.198027081531727,-3.4391555474897118
-1278.8035440813956,-231.7241928918206,1095.9939053711946,-2.4636090397122614,8.414776609061763,0.0,-279.60197808197586,3.3512086683744187,0.6535058493606927,0.8403256832789918,-36.8225016994387,1.1117450402911662,1.46509211670104,0.2756740448091491,0.07721840480345542,0.1616713004348247,-1.4065901460004342,-2.727628300662354,1.833842177230089,2.980141747314391,-12.078838202474133,11.816432750972591,-0.4060250842741136,-0.4703344210591842,-2.059890088538491
-746.0079894596332,-783.6951994942493,2716.530737288937,-864.7932472987233,23.330618676267115,0.0,2772.36993501982,9.917374502878117,-0.21313580791637976,-4.874563056487725,2.7342695495095675,13.045453202720402,-3.4196988626149376,2.9339249869549757,24.084503555751255,-1.3027050048669115,1.2854104322330921,-53.061513967836895,3.506026281549129,1.240588044809644,-5.696776684495223,-4.116047158218867,29.514150729821164,3.0462254747893693,-3.111618491809262
1961.07585141785,-291.4195334617245,4061.257072984807,1035.062019189493,-4.390597593211459,0.0,-229.38107956077198,68.19855547920918,0.20975450570803983,1.2797073438958853,53.45876570421023,7.930505163572505,3.134952777772817,6.396558659809616,-1.0110915327626058,2.755607795844501,0.6594586860161639,-16.291614699836533,8.882251199342479,-6.817643271763196,1.459865581284455,7.977231637045662,13.189352669881671,-8.028517198015171,-5.315512020996945
1114.923250342379,1018.501859670768,383.7599369594152,-1015.0437652646335,-24.826233960391477,0.0,-308.51844847670145,-1.1950910337160299,-1.0555773037173242,-2.0811711975238034,-0.6423192717469361,0.14680476862004724,-6.102314806013321,-3.3249539149021734,-0.9293930713620594,1.6371402363540453,-1.5983801936335027,19.162992675485803,2.4828428985163216,8.160166188436293,-24.270226293220684,-4.531599357714013,-0.6619546825991744,-5.0976642139180575,-3.66729180611186
-802.5034566600804,-112.79565418372513,-2125.1731961880137,-40.1517136826276,20.490312112456447,0.0,-289.2047319845121,4.702130755795223,0.6442126962061459,1.0480547093294734,-43.30835014034664,1.6691518419884823,0.44924628897526164,1.4054073303231382,6.421418469236596,1.2434531160055344,-1.2962538699925135,5.20103682340777,2.6691225483697907,-2.5235813453790694,-8.632372529603161,8.188500983691966,1.1829627817639552,-6.375207537076585,5.0244490538841236
1205.176082467036,947.3903951920079,1168.8361397434692,43.294163067661984,11.650336591758544,0.0,-291.9100789725938,1.216826728710537,0.23371195671666065,0.4565074749229745,7.860444079441445,1.4356331909737754,-2.1861145912967883,-1.397246645483743,8.482165398911519,-8.519504145582971,-4.2666460208620105,1.8288165860939445,1.9594070170088738,11.149743443211285,-9.6708723697738,46.236375318295664,0.2037713571276524,17.615356169853047,17.422535781608474
-1156.1674532920433,-292.12119013805085,-1621.0466564479852,-34.082765987093055,10.791441896146887,0.0,-312.01943149090084,-4.375648718290265,0.8095741054241672,1.2614392265206298,3.4266431937583617,0.6465925550666356,1.314845092684466,0.8586271959471816,3.7508474260586686,0.4160233582014956,-0.6693668521147997,1.3038011446279836,4.006403397472214,3.8754941899042463,18.881178657221163,3.4358405232849734,0.5774669211060101,-3.732890687824947,2.564477517196497
-733.976076289824,-330.8180677556388,-313.9995119216303,966.5720943078285,-1.461614861445026,0.0,-306.4373386130965,-7.559548280004802,0.8906931544666638,5.915534174453107,0.6225598083132671,10.729785698877746,1.0961041919444696,-2.299814865604102,0.40901434757137833,0.44946496584850565,-2.764202083803011,5.675404960525947,5.704311222733218,2.9935159070229527,-1.5550445984713142,-0.11875037464506122,-0.3832305955248907,-1.9396998049195662,-8.122659647486925
-350.51307153127306,-60.136031734817166,-701.7676676445271,997.2062286433546,8.963288644149888,0.0,-300.73129261056556,33.517464050364666,1.1386177107850017,1.38228158848831,0.48369414827143364,8.405637182725693,3.272844259366982,2.307016743990085,1.3625206893129953,-0.27713408161414205,2.7366507514924923,-4.0364860909299,5.986900686569734,9.866837899802439,0.8269020197418889,-5.32449909012654,-0.4208464738821702,-8.162930028212905,-5.361871418255554
-22.506479739338218,129.932327955641,-709.4181011393157,533.7268537047603,-8.845610270635959,0.0,-288.1930324247833,1.806393250718325,0.6955944131206908,0.2760263100721324,-0.5332171466037725,5.473627501928091,4.768197427562754,0.9155035794947415,-9.773256868291512,-2.209721248228519,-2.3674550342279645,-2.834786835102466,-10.589795347552743,6.744591980186613,0.283587317803056,8.182521278142529,-8.205468513936337,-8.596570694264058,-12.094293415108327
1782.937896101626,-122.60444462654554,-1950.864701586653,-495.70117912474154,37.552854838700476,0.0,-289.17491833581363,3.0154824630325354,0.7517861641052835,0.35943084166014777,-0.2680032726790684,1.7481090622354407,-30.580085212499547,1.2059626854077954,4.494640571184458,-3.259588699787374,-0.7017657145234009,5.015440322896205,4.284540679582511,-61.26765474778808,-3.204516110769537,-1.643633056533178,-2.135655026415188,0.3322958708746749,1.411188994631682
-451.3981995706157,18.164119225414492,4008.894721053001,-457.40893742714167,2.242815412570656,0.0,-272.82144619386196,-9.940247086059864,-14.645827994781222,16.149988543739873,-20.581811112828984,-0.6494289765264458,7.27335071311757,11.807989398452772,-2.875104573033713,4.410965331508139,1.3219973853200913,9.810905815159856,10.844137194886041,-27.90229054679272,5.971904613195948,4.582788553113839,-1.193682515572748,-19.025779160287847,3.0130868720698962
2150.145551411584,1163.405793711743,347.6041270908209,432.30734550648356,5.109108347590368,0.0,-279.3517535762035,-9.644392162796587,0.3525897828003839,-2.9667465064324774,-1.564832475913356,-28.741620377483105,0.7706637000733719,-2.6513231812740097,0.8116899320716299,6.683723878961964,-2.688255261020165,-5.75672208951539,2.4667944406110043,2.8150860363212318,-9.567207185378606,1.0751121924798088,-0.4602085474072048,5.372454455841945,-4.073307331593065
-1648.7451813704317,-130.4539084525092,-427.9239033608234,-945.7349067244801,18.120351112829727,0.0,-341.06048682137555,9.39949215183112,5.144900661894772,-16.38299197485553,0.25686884619499867,-0.11737925059845723,-2.999103273316394,3.5877240867946343,-0.9052457960670945,-1.1034472357551974,-0.7514536708961682,3.8027745886477025,9.076374743712272,4.021945776547262,-10.054069670474293,-0.6112225594219279,-4.067648124895289,-3.356609779452178,24.300625189804375
931.0170050582341,-1084.497014563277,-388.5598185650589,-113.49540896455937,-4.4739223178953935,0.0,-294.1199005669396,3.45730659045632,-4.987209074862684,0.8563963751934459,-0.8870072507986526,2.435338634008719,0.083356879419331,-0.25978613672647494,1.980605303703556,0.1326988397076592,-2.95760628073102,0.6270951187879192,1.441177886815516,-11.112567093920736,-6.723388746428021,-50.92076085771437,-1.7236816777775035,-17.912261848136353,-5.186973471564207
-717.9796554611156,-475.45962906097344,-2217.6748613646187,-409.3296497821664,-0.7447603160109932,0.0,-293.4314440316597,2.8591952760758974,0.5174893405313584,6.452219910234278,-28.503202836799574,1.5339015391398292,1.900068766860119,-1.0803077556517282,5.119531214341961,0.3551836420633938,-6.663346959206601,5.322807492218439,5.909488876173471,-5.195825649652902,1.0922928794768654,-34.0866833856476,-3.4117946311977385,-9.020071888891108,0.040268196768432254
-747.8638212161125,-99.80548701325189,2507.712653905251,435.5728453786019,-20.32751451923517,0.0,-286.523673197914,-2.687971289468169,-0.27778860355795076,2.601635549904023,-4.172956620669975,4.2392890717527045,-8.36989601789212,-1.593901536162325,-6.218712776265814,1.4496316636493627,-1.9198355470487483,3.7702258191891604,3.6666783413799933,10.868572540816992,-2.90893785676239,9.536223758977384,-5.903092815216811,1.5759045694323943,-2.474986395018622
-909.4824686607723,1396.7091576053358,-1263.7992117295578,-1055.8727363257854,29.10545199890884,0.0,-325.2675699709684,-29.58069648409786,0.2700163678363888,-1.4039110670360355,-3.0913402497592926,1.6432006970751372,-0.13721255731534096,0.9415332923745032,0.3264105052514563,3.406876759940521,-0.5468256948452376,4.5978428990471345,-0.8056680350333091,-85.7502406844284,-10.70438402801672,5.1210370054986845,2.5869407113366507,-22.24072351199746,-4.605125866323827
1824.2134042969058,-217.75978140153296,-1593.8908028243702,480.7264526327119,11.403671918858617,0.0,2659.9705833022,5.870534671419309,0.4737889888137948,0.14632430803748178,4.2089475720411995,5.668299057600021,-0.9467909278820885,5.555044952848821,0.5319585900884913,2.59318042095706,-0.44827744810094716,8.755777025892712,-15.736827354031089,1.8481827522799246,-2.400170530763733,3.0044123710905426,3.718507211739215,7.655457261602543,-8.006825597782424
-1627.0841758922281,473.87715923820247,2567.1200087025195,-458.68544147407135,-1.3643682013082226,0.0,-311.6655755122777,14.706747762258198,-1.7463766939599994,1.1803210788381597,-4.457480374030093,1.3202824648588523,-0.8692346104429881,2.84113408087633,2.655549407516445,0.7070835747017191,-1.8066042813598029,-17.565943375690615,4.6890520575252985,-28.867783765737677,-12.222081828261544,4.256569270629523,-3.38774561034883,20.193250947592098,15.710595017272944
-1464.2829944074358,549.4586653284721,346.10013573787495,-979.9672916940095,-0.4498478727049815,0.0,-331.6273373411669,4.299864518187997,0.2975002964872211,0.38769678883172237,-1.0151567345916812,1.2006324926144796,-3.3696346817073555,-0.4259366032572542,-34.43736773552133,0.18872048091233962,-1.2513952320976345,-12.040417718768957,2.274320038677946,7.951733930046168,-16.851753767767555,-2.442560613668844,-1.1111707419604244,-3.8429775502318053,-5.858967250739702
1837.4605580490838,906.1016832397329,3940.06008853481,463.71543773952,-8.249656021532392,0.0,-263.52444242620896,-22.539723497624628,-4.343320069236679,7.540629483765549,-16.913597902795914,-0.2220971805572438,2.7061423328086036,7.0314823157218855,0.5090849822051089,8.065380929032859,0.4447045736039509,-18.756961257274895,2.977871366666642,52.483863344828265,-4.762513612238026,-1.0427547104267463,-4.738149537450024,83.53989256554907,5.767843121029425
847.240646057784,-214.49148691294107,462.05923547722995,-925.3439577491934,15.48599078117209,0.0,2935.2418667350375,1.291162297721225,0.6461749239856139,-3.9363816490193586,3.308552429590074,7.035035046537496,-2.1222356206457085,13.015169150425605,-2.1798499669525815,-2.250473203799547,23.894509946725496,-27.773210975877525,11.623691340264815,4.184086537088551,-8.400599887379338,-1.056643382834606,13.656687344345746,-1.167506229343268,-5.044116728522061
1969.9541265255345,-278.7055951132636,1067.59188827301,1006.8072893820818,-2.3341882203734725,0.0,-292.29273599337205,54.35700511645778,1.1322940823621925,2.2769794243887693,3.2292464221574093,2.3292448922926536,1.833199454965559,-0.8583308262409918,-0.929081680810667,-7.073275948943745,-1.351813025848798,-1.1027779106400222,5.133440210123679,-0.1507054295115621,-6.142424206908627,-7.346852393786677,-1.747509454474995,-0.20111505585300113,1.776629966372135
-1319.9845364173193,56.50653517030084,1048.1616209051363,497.35198905034997,14.669740387052505,0.0,-295.32719348932375,-17.37622547496188,0.3778405896583748,0.7639960396894034,-0.7687998153113399,1.9318763808046573,1.0224595739692213,-0.638545530419716,4.985105295897604,0.3450916400073663,-2.0937128435574013,-8.884675310777476,1.4664531561123413,-20.701715655422333,2.8636012909728294,8.322357656934114,-1.7687934216583623,-7.359684600924859,0.6762492586808225
797.1993028868837,-86.04979386347874,-939.7151170945767,-870.6277303206723,-19.62135449659254,0.0,2859.1897974224644,6.821155815879893,0.5116977650108128,0.3861691598694082,4.699151498332788,4.788168293527665,-1.108635531488011,5.10177457331891,2.945519153371928,-5.77382610262621,7.328297522905364,6.100366790708501,-53.629738821877694,6.731697846022675,-10.016643823581283,-10.835062569315875,-9.226686002854867,-0.8030671428519951,-1.1582758914696136
1955.1407467764097,506.2935754760472,-810.1143816167457,-571.1023013478715,-11.05065525413438,0.0,-292.2385034544646,-16.955838529258145,0.10130443458640624,13.67684473597685,-1.1367318144308933,1.8304197086025586,1.154106952960244,-3.9547158438881462,3.838369557122146,5.982456469286629,-2.4969923773840317,2.3999557856994373,9.830549569566106,-37.475850819997966,-8.0831062619426,-0.9006106079266681,-1.9393391901589845,-0.8149516871045768,9.305722118835824
-381.2526779747479,-248.6032479866238,304.9333955085539,963.1983685286592,-1.3996789454514154,0.0,-307.4007342146089,-2.4182872364234997,-15.746337059121124,9.213541135314987,10.383272347878263,0.9980882880278408,3.014203767925634,1.5685311322032716,1.6318120022517923,0.5742369576725368,-2.7629029017919122,-2.546921774749549,2.7153409385363174,0.695403120213699,0.801840949359155,-2.6766323625370374,-0.8864570425535105,0.5565284269124713,-7.042410683198223
-1373.6865261261476,519.5476917877972,-2127.1397614653465,70.2986234773877,16.280108288305776,0.0,-315.9502165288786,-15.761131062919377,-0.03233187859425814,0.8218427342183883,-2.530344563838442,0.9750522450228875,0.07734188474710324,-4.111023138025459,6.751818362112618,0.9777538565767414,-0.8841871082906422,0.4784519693058741,0.8279221612771923,-13.410161389219285,-5.717274512568804,1.2663789837790949,3.3340971401764325,27.132252099758237,-0.9000949679480422
1530.942476259154,630.8686368286096,-2079.0207734539176,32.17337554672106,4.767881781148893,0.0,-280.17800148039754,6.47882563818235,-0.016488748923842465,-0.03261504958458609,-0.9127226658263906,-14.101049997870746,1.4940785251595647,1.3491754510547846,6.899490706705159,-0.7673580138050322,-1.3571596945869362,1.5140346731357395,-15.427669762188161,-2.873293827673157,-5.512053364592252,-0.37170434679494607,2.7133784144319044,-6.763444735898784,-1.5661398386345426
220.10849790207115,-194.0746028016571,-2284.946369383879,454.98828146230204,16.067197501609026,0.0,-297.0806604805564,-7.537148823982447,0.45166817362347444,1.2129726501033844,-22.891643569833786,4.173319150795855,2.172260339131174,1.137720780194009,8.216798627008762,0.7806829834468273,-0.8600825217641626,-1.0487621348432496,2.29041580098307,-12.608266416891759,-1.6852703741737545,8.265219178064546,9.174022918488154,-2.9205424256330677,3.0644755634951357
-1309.8844069485276,-601.7757385740712,1098.4927808199852,-454.4150349378183,-9.55726049963962,0.0,-287.97907729943853,-1.3691000032289111,0.7159321634938807,0.6366884445090358,2.803362315924672,1.8306470924767335,-0.12707546838556594,37.57867053013809,4.401422318962883,0.48220586881839267,-0.7378328072251517,-1.0512667162288687,2.537813801469594,0.5790043681269796,-3.094629116937755,-3.2693175854989587,17.301765542650323,3.384925059877058,-3.746880757584984
-1300.012702616919,-504.2046107570068,-2117.7011186401674,16.130518357912926,10.910152812246485,0.0,-300.6155529864244,-3.5342002814868745,0.4288946352840713,1.3596986839533707,-0.35869699964033974,1.3282779585390805,1.5660774009381802,-1.6940365196518874,8.181841275985581,1.0748145091042762,38.82941555298149,-0.4903839969618356,-13.288533527156286,2.8776013615672844,-2.150815391573782,5.00438065681368,-0.33922872813586763,2.8090944317789774,0.8524358016547658
-404.37342313747365,884.7293966968554,-832.7883638100317,885.8970913978667,11.81968165071142,0.0,-324.33316863845045,-50.638639876536665,0.38502031882519083,-0.7610249450699434,-2.033475216104049,11.044316487094356,-0.024652643948824996,-1.8335570963980616,1.2058114319129347,0.38607343987680687,19.654733784228945,-4.473380381780443,5.729707468868751,12.897881483052341,-4.502984099691885,-0.3382664014264889,0.21257317812533322,-4.658951912319672,-8.414248593724718
372.9617098499933,390.28330206824324,2513.649130059054,-471.0849005919727,0.6593981428219365,0.0,-298.1739241271301,9.137204732622054,-0.23663164116112115,1.1616390045557834,-0.7207662786194837,-9.303582149049314,-0.09351087171355044,-1.628130705750665,-2.1922467055472548,2.1944144386475166,-1.916111496773463,26.887522341315634,2.701394111969876,-39.60089908245964,-7.242905079588337,10.477555040040066,-4.665226046129399,-20.85713198200537,-6.630292123940262
1031.8601649508462,3.5082096081057617,-1639.3270713633594,-924.3258541883204,0.0017961195704197866,0.0,-303.2415789894694,-3.673295876584603,0.5567017863000733,0.06603260117084253,0.4140878933846524,0.7511858979088734,-0.3018226760001719,-0.0071707781081325785,1.9587813489130148,-2.8841806675904773,5.587632797794192,-3.678894053472464,8.358846955645102,15.60519270626607,72.60832419151878,-7.879030720366955,-4.986086056628556,-13.546258794776874,1.6147778794855436
-409.9337701031869,-1120.8862178518384,-419.6258480260537,1135.2409278242642,-4.667930219237243,0.0,-303.7006383545614,-30.71415101356637,0.6038452328813375,-35.942026619452896,1.2804310318663488,9.800991396303932,0.14324143429271455,-5.682414242673171,0.16861717296493345,1.43788335145887,-1.1148563643559546,26.019232094998145,2.245315266156142,-19.506102688517952,9.330291523199168,13.831874748307248,-1.1333818416779107,0.1391051337297951,-14.580221381356788
-1344.2617886752341,430.2976537387549,1108.5448688273525,3.931016581613726,-3.3969181053241817,0.0,-287.2681175219077,12.337314703218569,0.6245900908790317,0.9054806121197162,-2.8899247720795898,0.8793410704740928,1.2328610009684098,0.5570593635372304,-33.6450325314519,0.7205179401347462,-2.863137285678738,-11.86073521407785,1.3967893925512407,-20.125760726304637,-13.084268945721018,9.611421327172494,-0.8959150493977598,19.932581218646998,-3.019909595031711
449.6277050591289,580.7405797164603,1271.691787871445,56.57707416575658,-6.46567022619078,0.0,-295.65932662946864,6.481323850845981,0.5023942202795906,2.283043717119168,-2.609658473847675,1.3477424013940398,1.3419255522335634,0.13558244096592725,-0.500251041413552,0.6620010023840923,87.94455128263075,-8.045764475038062,2.122769491770729,-16.34891861709995,-7.887595519102107,3.58560879742998,-0.30234076955253336,0.7325612266489293,-0.2762344286988058
1848.498430403047,120.31128704401549,1097.0259388193176,-528.0739017627939,-5.768079889518767,0.0,-297.4855187363545,-2.819190399996462,0.6373258766330977,-0.12745836571165942,-0.47879755887077213,1.6039698488861462,3.714042771381724,-4.6065726577177974,4.181949518821059,-1.493483026028193,-0.9900849392462446,3.6209775458335733,1.9146316895871969,4.332447314918045,-2.3323978118832405,-1.8838587321648819,-4.6401030257694345,0.04362290550764314,0.14039663677783737
-1482.8721834063329,354.8202414080034,-430.939238019135,-1038.135916019497,2.2236919466713867,0.0,-338.3907460733748,-9.662973702517073,2.1565753788865685,0.6305182488844486,-3.6436770225538972,1.7686887008502548,0.8261762035676091,15.25329333465746,5.931421523267663,-0.20532823610731274,-1.6488698361577687,-9.792784838305845,2.4466943156286622,-57.919049333705075,-14.494643815331523,-6.873477752761615,-0.8218257643910021,-7.656964917477702,-1.9754313573446574
1917.198704481062,11.55225944846043,2547.5472402980045,-517.9131436793617,-12.77773949128818,0.0,-268.645020393899,-6.936786838600468,0.004414360373180058,0.8723933000994774,-2.349096836910651,1.7483534077391376,3.450812192760754,-3.1660865029710736,0.5691908524561355,14.224634027872005,0.83286618112291,-0.5376694722671815,1.6841448552612135,-56.135273719619946,-3.7957717619229427,1.5799815627328608,-1.8265546110862474,23.812260551206467,-1.5461282145234565
-402.80977760246344,16.55256471826809,-1922.0230885117805,-942.0448866282833,-6.0275673444735665,0.0,-297.79598688719227,5.2164844299535185,0.5634439880883398,0.9466364884267051,-0.642964424490539,1.430617074945264,3.4737402019353323,1.02476294674932,3.238450795369859,-0.8263490042926523,3.7437674103144625,-1.7496789271960176,7.974787204176423,1.432304570453011,-1.6516943056083295,-16.556272187673656,-1.3817022271321264,-2.0045996509987063,3.0077248580323435
-2074.8291643236466,-355.5207349813683,-1629.2297301578442,-483.44726301060945,-8.32112969250579,0.0,-313.4743158483833,-3.3532262518263183,2.754404149105438,2.181553103324683,0.3891173365441401,1.492412348734922,2.24178454621877,-2.045693265033243,1.090347094092042,-18.32992552557044,-0.9487122589131244,-0.23069374006610613,1.4495482068168948,2.026229886241072,13.948926731555657,4.569917491065345,-1.1975857882042575,-7.408315895889507,-7.82517961286326
1340.1031128783832,140.52796706784355,-2288.1561442626817,-545.5179658405128,23.14996996624247,0.0,-266.691566763877,8.971774217786638,0.5162835753209294,0.48884386296034743,-1.3559022294381098,2.0934620861740134,1.971422514396461,5.071735343840713,-71.94883293654212,0.29813218693989724,-1.6514394594988573,2.7785384243015026,5.249878590290729,32.71511596746609,-3.111153685519827,-0.07911713667256608,-0.03642924323009658,-5.824197872974275,3.2308841477541588
1849.8208377400335,609.7562329307397,-2257.9140102377423,961.7744681142082,-0.7372644928994909,0.0,-270.52200267582475,20.530078260702645,-12.480899626206604,-0.10352002952153308,-1.985956654905226,3.8975811749974762,0.083719756727445,6.240389204545135,3.6849479188607446,6.710703124154755,-0.9675465650693116,-1.470996460554561,5.621037215961178,-0.5860488486881587,19.428348197617556,-1.0192156184600472,14.890644345840453,-9.046042021306347,0.026148816569160387
-865.0399828019849,-451.3473417964468,-1185.128993815813,465.13433712346136,-0.4953735896836202,0.0,-315.34174361202366,-0.6380491927853388,0.8656498541515906,1.1889617901992315,0.009148361941875259,2.8257799355536823,1.6753275152292202,-2.727935716782987,-1.275071481140241,-0.087928678471588,-0.2721999127139913,-0.3221334991163642,-4.617780901551263,0.585322048161656,-2.3449097691663265,5.224384801504629,-1.0918723569247684,2.6632198523369683,3.0417357467671713
-869.1296110107555,69.49006575511461,-434.2156602675331,-985.4201806347431,-7.18443880664846,0.0,-311.17454238137367,-5.694142678322715,-7.147800834909735,0.8741275675796902,-0.9166588244015067,1.3549129970564653,4.371452077560939,0.7524551067437887,2.495189548599514,-1.6542916135232637,-0.4951548433255307,-1.928199915616405,-18.49125554068664,5.261001890345849,-4.791758430520105,-8.53917481069152,-1.1640469652439855,7.005501670293353,-1.397449918340455
-746.9763933474783,284.61606802684304,1025.7987496676933,426.43395427127615,0.9056411926946756,0.0,-282.84339129294267,7.713079384866349,-4.623865869225373,2.589163764924828,-2.822790260893372,1.7438189600826675,1.0430372372583738,0.0012397567247741242,-0.8858328119415511,0.7226451740893335,-8.728605542948467,-15.584383075357824,1.2050968172849492,-31.09484993070085,-12.101380399425624,3.6476320354703198,-1.2860119640357586,-8.037436761049708,-1.390235537060607
1689.5200042710028,-247.96875873019087,2606.8985607388086,1085.4601718798372,5.108515371911369,0.0,-258.57978352234693,-36.76181823829091,0.11839074580891437,-4.799891633442077,-0.48391667627116614,0.23354246675682994,0.6245734494017426,-6.459542208694101,-2.138741767598978,-1.3501066414071565,2.0670557284176576,1.0814824391946354,7.495830670096813,-3.9652483542411927,-3.7372873473895787,7.287568133208495,-7.526368857407377,2.0736223424444944,-7.541587487222385
-1545.2494055372501,-390.11779657120877,333.31919218134675,-441.4934490329909,-9.495921695460687,0.0,-332.3187019379622,0.3546901985651212,7.2256591972531234,0.5540453116598157,2.820300941319654,0.6770771809606194,0.8620364179220131,0.9367657773114668,0.4065584395660059,6.813312614554984,-1.2702574323783187,3.045460261250345,4.539498058695486,1.6978641060295128,-4.024228433146203,4.345685979048601,16.252059449819107,-1.4401271373648983,25.100823581685752
-918.1522216475003,307.7617952871941,-1648.5293415847225,-9.168472958952854,12.634302166026393,0.0,2439.3339301090614,12.442955071116248,0.49284088101544327,0.4165204587743097,-2.5328049902404617,5.545637642794753,-6.866728567763789,4.276811802939409,-7.746209506740455,-1.0816137143679165,-4.3257809212194775,1.4848803595514757,0.09450796207632975,3.512397712196764,71.61928474554655,9.466798177208341,-3.592990407215563,-2.919654002621014,4.813914845470378
1737.7404827568735,-243.6232198714534,-2187.2283773327417,-910.8290815582533,23.432155686688393,0.0,-289.7345290898346,-3.0417100237009906,0.6706055398940998,-5.0058131100072325,0.7118501908902156,0.35998744397395865,1.9865758786861896,2.6505686221881133,5.2846183413765075,1.5364016772540956,-5.74756480509473,-4.0542278186827145,8.420581947604537,-4.372408220255015,22.89240039636766,-1.2733725656673949,16.890556046431882,-23.516683847102716,8.55860699815125
1964.4100079961531,-562.416429675738,-1735.9633377185896,459.69131605309644,7.0734161903536,0.0,-284.84322062827954,-5.654091637906715,0.42047057158613294,0.8335231794984567,-0.4495501013068248,-38.392486958273594,1.8046739234934532,-1.4529057260392246,4.602127885812743,0.0495168465166199,-0.3112140825384083,-5.087489182463561,-10.801017555099186,-1.6320073823359038,-3.53979006058696,6.021031060081053,-1.701023116861654,11.231792558742718,-0.7257192606216123
-675.1122950957177,-1.8671996974839278,-2219.400382648845,-369.131976463857,20.326964444978532,0.0,-288.1395114306306,-5.394160623493591,-4.218226792970776,0.35665904717472197,0.34634616018178177,0.8231754718806269,3.9210058007852715,2.305455869511293,2.5152408931783867,-0.25104513216153224,-0.38040945331229636,5.425041834384004,1.9090204839858327,6.893844156015406,-0.4217594736194882,-1.8064233024973615,-6.120181158111074,-0.0071106995640089245,12.09406988812842
552.9390773273224,460.26811578540037,4036.2753287102005,-497.73588421827174,30.832655023912967,0.0,-271.23139516196903,2.8676765818373866,-4.314122571851594,15.656837101685111,-12.494560134203391,0.7677663004436401,1.962135025279403,9.220936184006709,-0.7069015395174123,8.349194761748803,-0.5141507501897885,-17.14520177792434,4.5337679518755305,46.92883965827629,-3.585333640615728,4.895480084946449,-5.203565192958032,92.41603667818372,-3.448727653173932
1129.6624050899238,6.79937369676652,-1197.460790306585,943.1436638630033,10.046194225583848,0.0,-274.8299228379743,-42.99021945669992,0.7199720533196943,2.525142853612638,-3.955425198136747,15.098376954769284,3.1612406638079356,0.7265148242832884,1.5615018701956913,-0.348183410037193,-2.304750098828067,-5.336156096346704,2.669641746251966,6.82090709476609,-3.0597210644663946,9.278314112699153,0.40396251149648793,-8.920741542966839,-3.106320230012917
992.4994892636095,-407.9989622922103,-1623.3531696371404,-954.3612826751986,17.234269956029554,0.0,-320.97875780377706,-0.6679919054193229,0.8206849846072533,0.705888919549901,0.6378787011635438,0.5187439176313711,2.0014015868952435,3.2445103893377265,-2.4132853506019165,-2.5635951559474837,-0.7117827241881717,-4.433333867434934,7.098516532915454,2.986791461961586,-20.83077676513262,-3.989624163221138,1.2312430708156943,-2.842416473077766,-7.83617811043145
1740.3332532857878,853.809506145171,464.0231082611097,-970.4196948807552,-17.43965956147681,0.0,-285.7325054858356,-21.012350910683843,0.22557327921245887,0.682536150032286,-0.7951176640391344,-0.42732818172255793,-0.8705941113167078,-1.6970382568314706,3.6680072318407686,3.613898039552841,-1.7220328884821614,-4.01047447629333,2.4295362290170686,-26.489393083240024,-28.93774663810485,-5.768831078526179,1.1857018126890413,95.19303053466624,-3.4325477549263566
1534.6646773807313,-251.53451762429953,-769.5864851734864,-949.2029094499333,29.853994148202453,0.0,-302.6750983259197,-1.9178059439217021,0.65624341478203,0.644394547489112,0.1610479955571516,4.376909196419187,2.832041982901616,-0.3270331234531828,4.057503487400629,-5.593129984890703,-0.6187761673675553,1.3967549504999681,-22.60896896788978,3.6751763006952323,-8.86963994490929,0.25171491274291086,0.10013499238342523,-6.744153636832537,1.1927204931218331
-410.65673479430916,58.13993506460416,-765.3333651795648,-537.7036542539712,11.780650982181191,0.0,-318.41726372136503,0.44601079209902633,0.6721753806359151,0.5209636904654189,-0.9397924616266612,1.5932423827025424,-5.552275099249122,-0.29395501950330394,3.3985985840186013,-0.8127577366153284,-1.0096957787006569,-2.460181559201995,2.888830771220418,1.5061338355595741,-12.211993354175545,0.27861900324786404,-4.007367130243467,-2.422709157695303,-1.3124700498794788
1740.1425261443642,704.4292423682637,-418.66510205742105,413.8575977613951,-0.4996489953485842,0.0,-286.36029381965375,-3.575662138969421,0.12876067601158533,-1.5256434554273004,1.5363126407813785,1.9513790823562411,0.007791978835280999,-1.982286649071418,6.088599005846392,-35.563702057148426,-4.798374026714076,5.495326800788515,1.8603533043542524,7.936786365319778,-6.700296754459566,5.644249717316744,-4.553845891594919,-21.964611458944795,-3.6807366084594006
874.2160044097508,195.05542054816704,-1969.2394836888554,-71.00460789755907,-1.634309685827911,0.0,-292.24679410649173,-5.970399516317946,-3.093355181998802,-0.18921938751402861,1.2305254005610344,1.936969809696532,1.1710577057723133,-0.12333478007845158,2.8812870240245503,0.7163360707674973,-1.5803607946691385,-1.04191565023472,1.7427937288536068,9.254837446875044,27.359886607141704,3.8634551668322055,-1.4233580243768378,-6.951345751266569,-0.008702354468051125
1098.7650703009049,-166.2394086324775,-365.48939716212357,486.51654966411456,-1.3262702098900072,0.0,-296.0645562980521,7.790293796550272,-4.429271022950423,0.8217268684494669,0.5963813990902384,3.876992319021503,0.787278441739524,0.642598433240433,1.0585253001221413,0.22265276550906468,-4.68647515183162,-6.698029613797781,2.3633077921958536,-6.83739893051046,-3.968518617336098,-0.9734013997389019,-1.1000171003826762,-3.88082524719864,-2.655005527376169
-1393.1464075043168,-325.14581882964984,1159.010595215225,527.7846849016721,-0.24430769076552994,0.0,-289.24334658094415,-2.568587057273713,3.21719984365036,-12.029065818959834,-0.48617977393337936,1.9016138356424972,0.5647100124610874,-2.843875800968686,1.054482165566317,0.3611312768303528,-1.2255755650601374,4.9890848458033465,1.948372927981953,-3.3044971032656627,-11.4285760820026,17.713939510972093,-4.883798545592272,-6.281012952238497,-6.666513686002968
-1829.32362019318,254.1287262465056,2595.3335980140096,-898.3818474263152,0.9052116032648118,0.0,-291.31174840982055,-5.964429098935572,4.246935033393332,2.673015378558682,-1.3226445062572754,1.0126057424596435,-3.7499688709959718,-0.10760200077747464,4.531967825555551,3.149212598626353,12.44628482011766,-5.505713597292091,2.0930960693054774,4.766963825640632,-17.10138784988308,-4.236813586969384,-1.4688354960153112,17.963300971112535,-10.697381853041573
-92.16799249545265,-658.1406367763208,-2125.068973859694,-488.0181565050994,14.810313517288968,0.0,-283.3017392681373,-3.2008256035906153,0.40556558946143484,1.4466405334507684,0.6264772357318675,2.3390131853405447,0.13181682714072165,6.008538246669687,0.44653337535191245,0.9270959389840312,-1.2279465331925983,3.9551163443872395,2.3955850593885457,4.340981986676639,-1.1944706716821991,-6.142618995949784,-0.9652346752177898,-0.4946260230856753,1.5955900902726516
-1427.5960599253735,-19.755200457660518,-2203.357903824721,-12.185143414656466,8.009679318026556,0.0,-296.9784800088309,9.487420252465741,0.7843878744665571,0.5242064051146331,-0.17288023115864926,0.6397310988507016,3.4871362514132698,-5.112284514258828,-99.51708780525335,2.7041255368275126,-1.3745065661744378,5.564990006080692,1.7108834465087146,5.545722517726957,-1.7585398765653197,4.961976718714651,-0.433630843890868,-3.09684362884444,-4.751022388082699
172.84490397353517,-435.6316330136249,-2248.325410655938,-489.8179325573278,6.86756332966585,0.0,-296.2668036968626,1.5070827260902808,0.49265942348650366,1.3752062194228127,0.07657320009568597,1.7392162099073665,1.553744134209142,22.486537822863735,2.1918779354915614,-0.1471206127736664,-5.135285605203508,-8.423269659313856,-10.282985572441515,-0.5237545062374722,-4.313159209512072,3.174292778222193,-3.8851412928105664,-3.427422391908309,0.24447264716488082
-785.0492318260281,-525.4525271370023,405.8564638408665,1013.0747956559773,8.643073638971693,0.0,-292.64793241993044,14.923227652123805,2.2457033686867067,-12.686112500897627,3.760749354046907,4.3956390230607685,2.854367878686618,2.6367396424373744,0.9003117584053711,0.448497932332128,-0.941674889950305,1.061425795545467,-13.670894589637642,-2.8321545477530616,-1.8844276906100825,12.941710920556918,-2.8449350531258104,3.424154459534477,1.6757958499351702
477.72002978738317,-1422.3685884444312,1299.977351097894,-545.2686601115173,6.5802252263688965,0.0,2669.3511229704854,6.115204709576989,-15.504413059174698,4.352874709567571,1.7893479990562282,3.912507380186021,-2.5801168542936654,0.10523862202571546,0.7756858435470368,-2.572135291764377,-1.6370884028945556,-16.189449486022273,3.667773215909676,-1.4499740441171458,-4.876287543026717,-1.9577972200665184,-3.8926914770442984,4.113407842853845,-24.639430482889434
1875.503871021086,-653.4165810944265,346.8480699601583,-25.340421225283865,7.594067146457211,0.0,-304.3313402158815,6.506804303162508,0.5030780280111726,-25.427183747412396,0.09633904787984063,5.6844783944204655,1.160335725632247,-1.149259137302296,6.218271030496677,2.012139312667295,-1.350648285666252,6.9324395693101675,-6.852658102811824,0.4567808166382845,-3.0615261187267917,2.6231095038491916,-2.9831569747472306,-3.1431624797364432,2.5463701844695974
-1264.0294774099586,-104.1854391320529,-1016.6368800237389,-864.8394590691528,18.678131358280137,0.0,2864.22695471443,3.750842933199062,0.8692838680953406,0.2390563567196676,2.68130975861797,6.068616384919161,-1.3108320052612097,12.007650934032126,2.1882138916097356,48.33903124684741,-0.8264718851579247,-17.900215266707107,-22.471254008151437,2.8109154083903363,-4.660006879736053,-3.768240683448886,1.190990196728311,-0.7986312207192994,15.221696754743714
1057.8928496167755,158.37725616092447,4120.949794428379,1033.454579531625,-7.6280779149598406,0.0,-242.24443825647035,-28.8491755130232,-0.10663733312369447,4.840343787325321,-17.32281591693615,7.517923555247766,2.674975359665435,9.108950564010076,-5.120273532063981,7.200463002689888,-0.23276717354135448,-1.539688965199042,2.072564344319014,-5.69005328767286,-2.710925177315616,-50.17426842757424,-0.763785828481905,42.769632944263336,-14.232889525043737
1776.3577246112038,-115.60573229609088,-803.0858038497274,-97.07116274421608,9.466687415661022,0.0,-285.51482268959603,-1.6494374191877303,0.9821883516565982,2.2068431159688897,5.605440024099345,1.3793056596383924,1.586017143382705,19.315974707489524,4.9556466735237565,-2.970912519734628,-0.6323528208208753,1.9225368029175867,2.151597514560216,4.4383559393655085,-2.6546744080280966,0.658416699800377,-2.043846638195651,0.9140594761003157,2.3909556781255796
-1139.3615186912637,-735.810571590191,1194.6485780801224,-11.670167832156272,-7.8773666820219,0.0,-274.07652540205225,-1.8934110904248556,0.44385690644499737,1.354485629511507,0.5931406221118843,2.82706393071301,-1.3897061524814407,-1.4828230423453046,9.67604733601152,1.7442017669927443,-1.1625388064726456,-1.9294852990162157,1.2482691605691199,-5.583696850542161,-3.049135535831007,-1.5645263823724034,-4.751088606997779,0.4469585453470635,0.8432041335491004
1581.8497041109108,-250.64988049158896,-1018.6384446904622,-875.1734467604756,-0.5116425740481664,0.0,2795.6091489119212,4.2621462334199585,0.4306579450715159,-0.3091428453423725,4.502636166555502,10.318607906795371,-1.4627437608206901,3.9539326298371487,-30.50482924614139,-5.08926619760434,-0.8011026632067456,-0.81102021440113,-20.366250262278637,5.840821755613111,-7.8209233885404865,5.7354921017170994,4.1897674504463955,-4.124636157336353,1.097396577221425
587.8519191728077,712.8189100584411,1261.4683573774798,-430.818486594572,-21.28612153723791,0.0,-302.6771429860623,-0.35726161651530414,0.2850602276958893,1.3064261790705398,-2.0824500144915237,0.6802259847275381,-1.7934158248090442,-0.21670443196952752,1.9866299459399102,0.9115602911056423,-4.371982845861789,-4.6255065424022845,2.077201237944006,-38.37739972778479,-9.048546204720745,-3.2421044532914003,-0.08175704567079162,21.209775413832087,-7.490729414168071
-1277.8416632617648,26.151830133509826,338.01258110756794,494.9878488360337,20.72649347720751,0.0,2755.5236200202853,3.8243298036181645,0.8611607918163672,-1.2198830532958624,9.498436356077201,3.448734878678356,30.18202321524325,10.12531390959497,4.07027635278294,1.6587595890996387,-1.202892713434069,7.209669304652764,5.943417757203107,5.273628979766529,-2.3596003495453997,-0.2865074280002995,-0.2667671472468989,1.1807820171006358,-7.883019669531286
1748.3218855844864,373.14376364042255,1024.5241058842937,869.876019843066,6.345001734818103,0.0,-288.8567061692438,-28.100953233521203,0.2439801602380906,-0.6943850910931886,-1.8418790616210694,8.574176900733397,0.2934492217973436,-6.0458215820786965,2.293983706038467,-13.46712778988148,-4.528401647792778,-12.577207753069722,-22.64118952982952,7.255225898648479,-6.663166903909691,2.9717509688372172,-1.8462185301067469,-10.728298624539523,-5.661869445916122
1077.0992424664892,955.1108502827047,4084.83304408968,-1.2749356081232954,-6.0728373963324564,0.0,-266.9986783291154,-10.47945838066205,-3.140472744866743,6.076397736858819,-8.743159406553108,-2.786283205718009,1.400779101494121,9.765928909996434,1.9606702223477173,7.29046618380984,1.17605283438501,-10.31871117173651,-3.723148907399527,-7.292454661746919,-7.0196352870147045,5.116126874466535,-5.629486337048602,-16.219800496170055,-3.1746441093297864
942.6904971286117,569.0499753841904,-1139.152609947134,491.02944000626786,-85.00321252459369,0.0,-312.8923385277471,5.178052220550958,-15.54848602109995,-0.2709822660585267,-1.2557033701820326,5.746029086001515,1.6255294336360597,1.1940258474939696,-0.9184441173823557,0.23569677962783267,-2.6844868831249693,3.131490334138807,1.1854748419014038,7.033049326641907,33.57640501610826,3.983238929701223,-5.504345726384157,11.897286375214048,6.817971065323727
-488.48794227045755,-70.51529412529669,-1938.6357934427847,-99.35493108250314,-1.3629270925107475,0.0,-303.4585152028429,-0.4800941978239795,0.7003501888112186,0.3718273955229061,-0.4688961228118115,1.1817138706859376,6.09980905018271,1.027472801506736,-38.28046816059828,0.20881064268039567,-0.7328468564064317,-2.863729374965756,2.2079344401973025,6.5768233645363265,-22.207687848593935,2.4073294490705437,-6.717480608801818,-11.669840528039515,-0.7180307863831686
1095.1712045078257,124.86967740613147,-1978.8888351657847,-555.8117445882547,1.426828829262766,0.0,-288.83241846695086,-2.5432918023605184,0.49619924235934904,-0.24715327183380822,1.8598426702456554,2.5265803037432693,0.1643609005516223,0.3051032918227174,2.9838930663132666,-0.8402064172526146,-1.2260911996232673,-3.422275052050444,3.4389455404018054,5.349046868932709,-1.9272708071668003,2.9786422304646365,-4.712752789851465,-1.2069420784200366,13.078317492094465
1099.681225460216,-833.4059559993726,1188.9712856846118,-1007.0417534165676,-6.724007875165278,0.0,-302.4583229438131,-0.4955805177845752,1.106490312307367,1.6659371119298034,0.3647034180960906,2.160562550455573,8.77600556553,-3.5367195873122608,3.834920349509443,-2.51382332672639,-1.3368634942399753,-15.31887924081315,-15.91084430811536,-5.031812960444226,-10.531784308088682,-6.679793330375699,-0.8511815205754377,8.14797388453739,26.661506804556012
-2014.3817464112444,480.0573383282144,-1617.1476558299,502.12698534491636,12.357190621833121,0.0,-293.81307420446274,-7.242779211036332,3.4411915503625945,0.02766667638240173,24.45367392100204,2.808053740515527,0.2491661041081055,-3.558722164803325,3.795069673703336,2.020346555293632,-1.1797455861820563,-3.4101262673696513,1.6514867171910614,7.067737420525632,21.31914798320979,4.113950184485731,-0.4957403982898652,-3.5824316984207862,-12.761745459212067
1618.9691093082947,642.6101147836632,-1505.3435687388194,-886.3339162989632,-3.1021049439327095,0.0,-287.81165341303125,-2.926910577816424,0.9735725953610679,0.13828291319022334,-0.8955761065322131,0.5656258996119371,-1.3232318556840548,-1.4493987842587075,5.399510470614349,3.963775415482891,-0.920239256788995,-4.538773778402065,4.9090498636625695,7.974763542857452,78.9703610745086,-5.025727512405583,-2.3959173313106077,-32.82903988039513,2.2850492919100724
1109.9616377632099,882.9911853703265,-1658.9353511700633,-533.6754019976596,-6.004495122333442,0.0,-307.17315685347535,-4.217661613522688,0.17886038938798318,-0.5371794100279668,1.5937355635147215,1.7896818740423803,-2.2816165635805206,-1.5070552973081124,5.878234677291487,0.9260605009416921,-1.972750892021385,3.9755464535080716,-11.804188985188738,11.673205240429288,-8.247863986298327,-4.796844792387437,0.1262662582685069,-3.274947327768024,-5.094320878433699
-1702.7493256747753,582.3250812966687,4064.2514170548116,1050.7751909418814,10.104973405664296,0.0,-272.9833271570999,14.874161951042396,1.8432447719030964,11.441372201146814,-21.876481979648396,3.4209794703871914,-0.16002165190910897,16.491990741392293,-3.6215088817032406,5.104144483849606,-1.5068410495818183,5.67939646789657,2.5198338621580483,-9.24873801589185,-9.647994616529314,9.395550229275399,20.751643461938333,34.5132669953839,28.89965751183118
-1521.5074465141,-384.89202730431623,1183.4585326551794,12.442269134722899,7.905573564964262,0.0,-289.7155411263286,0.5580467068187116,-56.347787010469574,1.1475897150492467,0.6078493317201332,0.49987875220686834,1.0539178526522899,-0.607442887353023,0.6156148201906251,0.01947861509981439,-1.2966740800215177,-1.0030770195620597,2.69921678068128,1.1523213617131056,-10.889344443100626,3.1728813817957136,-3.0963600921864156,-1.9288097672097546,-1.8966089450878918
396.11305725012306,-114.16213376068775,-2227.7685259262603,466.8575722505604,-4.368922977868315,0.0,-291.76241519185777,-4.33912895668345,0.38420587033163417,0.823518357934944,3.808838827327834,4.920740820944345,-0.848105023801385,-5.9407999754692735,1.697384798883477,0.5261481953258655,0.1396012700708164,4.323081207344954,2.0288996401498163,6.571804840531183,-3.5957398889528576,-0.1511154227639877,-25.084216205563866,-0.19112723458467368,10.29978392477709
-1562.6628446681327,659.0360299082332,-1084.5781013837127,516.4100337724952,8.184744192903919,0.0,-322.93622031993846,-6.7725710011862015,-0.27321684370319144,2.5995242790819275,2.081485319980704,3.722508041869289,6.581716014217893,1.422823198726787,11.986708900266484,0.9724543258710125,-2.3121326422215063,-12.998288622649756,1.64197109700343,11.95026258220189,-8.161947292308549,-5.743003257706438,-3.0616516977843498,5.7911454866750045,-6.269087244501867
1000.3313464796491,603.7785677995794,-372.8879166045403,-534.5511983248759,-2.02455628889359,0.0,-309.8264620316794,-2.9142971753824143,0.5863125676461902,0.5473021243614968,6.105314002583828,1.111290105362541,-0.9996577122489444,18.29782920374081,5.658143391325933,0.7285913974308122,-2.848830394245069,-0.9624846060718042,1.8192971211988267,9.838757208116474,-12.088904282656086,10.1664008747428,-0.44420241442298797,-4.845295521529475,-8.382975518762624
-540.629873931948,-739.5806488207775,-448.8862277261644,-118.0109640975265,9.723800856288566,0.0,-321.74762626536386,0.5554586457690203,0.7043371515319706,1.605886665197927,0.20443132645569026,2.7012677732995614,-21.61542146132865,0.5775873839848003,5.030391233469406,0.6115501105026219,-2.5653958628655618,2.1006131456536585,-11.893311954678687,-2.7415442404764145,-1.4129896071777504,3.192410662455969,-0.9781316354610069,2.4291141113500148,-1.7093246589015592
1330.8977767439628,-264.14318444014674,-1582.8319678055386,458.6541548807662,34.89048244810908,0.0,-294.8843955361078,2.4907553916008647,4.544692998026448,0.7021889159282789,0.8118699417915739,9.12594349144586,-9.280556952976156,5.755169301650847,1.7510375791176076,-1.548000102059214,-1.2020629908577138,-1.847645497442992,5.462399235040858,1.1920697180567337,12.66857824955659,10.540994042503822,0.9195447523832629,21.349177313548438,1.9920027143258487
1814.413585039602,-77.99168213914244,365.0492689649231,-854.4724138510958,-15.845615782323346,0.0,-293.00530610273586,8.2709269355941,4.103696027294843,0.5627422330896515,4.0721039501555305,-2.8067248130171705,1.6767818358001096,-1.2555572727262319,-14.942514995470587,-2.206879279655188,-0.41902930514134773,-3.2457750794685145,2.114915576217566,12.77585970537241,-0.030742339785674644,65.35062181238777,-2.4993851421548126,18.846829661933395,6.856452890255486
1366.8981910993527,627.0262557164007,1025.4626329127686,899.8607587996495,-1.3115329220116831,0.0,-284.7746523349335,2.922844238092554,-4.0711710683416715,-0.6448186969909772,-1.5995326930458649,2.933972395608591,0.7315898512383746,7.198170909028277,2.3925217297769334,0.931798424879681,-6.707579739367665,-3.062395450122173,2.3904296475179776,-8.317774065923038,-10.300196988505435,-2.2495564759568487,-0.6785492125110929,37.92650408826647,-7.0886714106169535
-1469.1408696674714,-386.5565849460085,-361.94612566626705,1004.633503072933,-7.635979737758645,0.0,-321.22814947185094,8.372766413791153,4.483467500971533,1.772260671955709,0.405776058542664,8.301101935508274,0.8858032088115146,12.941403593487292,-1.567396610361022,-0.15629077786804757,-1.1250832162138256,5.200433764022308,4.3781651814812355,2.0280447345914423,-2.562210595759667,5.154713755381287,-2.214137890983927,1.049111822688078,7.638136079860569
-1096.7636849642593,-406.45894090626507,-742.4013193860508,491.0574061924546,11.299200263684018,0.0,-320.8298467710653,7.075020903741745,1.4867840172265372,1.2745909023354773,-21.462302228591966,5.988401928353205,1.1863558964500331,1.8376008407600437,-2.2103992752102033,-0.18942240890101514,-0.5768427378877641,0.7347150554890771,2.113696877826758,0.13566903143502057,1.5638436510895326,7.1186433170474865,-14.613584238906101,8.01475306724518,-0.4582441176622466
220.1406343901845,-59.83266401992114,-2285.169522129035,491.6890266542807,27.877500203296357,0.0,-289.39756069424976,3.835758641371371,-4.67216382452457,0.9956103631548342,2.1064282838081816,4.647758588123562,4.091460979913834,2.5250693547279894,3.9493442877243172,0.24173756817846007,-1.3779034641915873,5.745532718724375,0.1515170910979208,-0.19567896624299833,13.927932552431397,-5.272417992776664,4.966895809740482,-3.588669623067395,4.314991554968631
1121.0708417954781,317.211392751277,3960.918983502498,431.2659698277897,1.7914438524238216,0.0,-276.28228233193613,5.242912686429144,-0.22556242801497303,5.71047864463822,-24.512885592665008,2.884738116679964,3.332251687076104,8.80706301859851,-2.4711897335714452,7.7114092944122605,-0.6348740297900181,-5.475613506513232,-5.140163039570279,-11.677984892134818,-5.2538869164503055,-45.09749369614971,-11.263166741083653,46.52504781528889,-2.9112363858233916
-2020.2382899041131,-269.8169982336607,991.9786569212213,985.4670375634039,0.391171668186501,0.0,2565.276831727291,-1.3262392445875073,5.9865440622891795,-3.3021995261392876,8.044014404247644,3.514892821223072,-1.2920989004175374,-36.605053730316044,-0.12894950375628533,0.07427039756575647,-0.825352025944954,-5.168567899513586,-4.0672768266487695,1.7705565227945,-3.3316664946742844,1.767391329960759,2.2917147393701938,4.5402509570448215,-2.9083717511448994
-805.2440302986132,-951.2250914949794,-2194.1045119405203,1120.5842621415186,-5.71305713289508,0.0,-279.4426061600971,24.523174606218355,0.453006848153987,1.0142038677060268,-1.2441835716621517,6.518160645678427,1.13950305228935,0.5835877378602772,0.5586843734770006,1.9710977009688924,-0.964750014605926,5.175145578994997,5.340382099110673,60.463151015958616,1.7811132322430212,3.3654988224448292,0.6576970589175313,3.616509008336321,-13.103905948405588
1693.9486958542163,311.35114837821436,4045.645917489459,-485.71978921951865,-8.670409874496967,0.0,-252.18411911236234,-2.7508411946074594,-2.6843967424579738,7.152930362993717,-16.934194922861423,1.9922606776457872,7.864747064891591,6.701940960083274,-0.8329109952456328,3.1516634807054067,-1.2639963081158614,-13.484247143524751,7.977972243039962,44.189676016072724,-2.1234746490298875,-4.369736891780729,-10.756865458816312,-38.41546340693142,-2.1522975706124603
-1323.052925928415,1006.875622179608,-2216.1251889494665,-410.84070708145,32.399455228580955,0.0,-312.34865694064104,30.952343583751816,0.06945718423232763,-1.4772291406987574,-2.196719938860557,1.4769738908422057,0.013948107657404802,5.30582837429972,6.872606706702957,0.5548387351123449,12.421001412382438,4.103024605650043,3.0710309289555804,-35.96535195410311,-8.29044900746687,1.1690528844428634,5.6336686478169495,-13.504059483870572,3.7251733836206644
1344.238251415196,-155.18357631504597,-1892.5067116117964,440.0988004539918,-8.24072252303285,0.0,-287.6017686453733,5.100657510506171,0.7250543567786963,1.854795440414952,-0.3592781739990877,4.282216155571487,3.3588251604711634,3.176276517323213,0.6971277586206002,-1.2759020055475765,-0.8754589998795969,-1.039971388886029,1.9790051818557706,13.165530191596384,-3.9843300340963683,-0.8762057219539913,-0.15249682704618447,5.128201198072764,-0.9918964565589083
545.3657392569233,-169.93983057646722,-1841.1472996666919,972.7765926991432,-1.4099452855107435,0.0,-288.7560353469786,33.75046310280177,2.3956103525288124,1.260429282941856,7.579774788102446,-92.36556192006319,3.0865922408238617,3.735089012632386,-1.214480004764326,-0.08245012386509801,-0.5679903418439561,5.629113653563941,3.0884151579169195,1.8699547885464942,21.626113358968365,2.420913310376728,1.6031145677689145,1.62874709241486,6.64944085344537
-810.4924711253068,492.2642159806863,2504.9678584915496,-390.9178003605588,41.98297931298421,0.0,-283.911216060963,-7.36172801544065,2.0056569581998227,0.23407418835820776,0.6721633938880844,-6.166177188413475,0.9644602665759815,3.2785466368176297,-2.4892329389914574,2.5451184023822653,0.11658620601505518,3.7781440349497633,5.089056088636058,5.659934158589443,-4.275849377655703,6.078860886184314,24.938358324883534,17.398392242107008,25.281876214593694
1119.89922277733,446.1780679464639,3859.535996792369,1033.1492647619123,-13.47748774981663,0.0,-262.59180724731704,-36.187212485818996,-2.4431122314859106,-2.9041901783911577,-17.052440935433918,3.1525553324984754,1.0816323050900185,-163.90237742506807,3.5463208864314386,2.0452679102752938,-0.9636202562924915,9.890877344370315,3.8936486574198574,-1.6642377498423337,-5.864280177870174,-21.455275976174153,-4.56070269185639,-10.088963148073427,-9.641750358808034
-1325.1702231950262,-880.018994694088,-1117.9052335827905,-811.8956475827861,3.1773451801001142,0.0,2814.5795085079503,-7.520490365396651,0.811122290531977,0.8596322035451397,4.36726206468592,4.859502862758208,-1.4505968720969518,3.3860183166238134,-0.2665185656293377,-0.46253991180212767,-0.6823384992453685,-20.20802611674026,4.114413862591327,-2.296336228729486,35.99390018986435,-4.636195895352587,-2.5678430659595577,-0.7269461526147534,22.503879349884507
533.842667728787,-495.77757410138736,-815.2751759860329,-12.266536858208378,-1.1768982929702294,0.0,-319.20210020983234,-0.1247724906513375,1.117165494015815,0.19004397368758089,0.07820828498041064,2.6761095721789117,1.661944967380716,0.06104422509117401,-1.374494157603881,1.4936428186384145,-2.774836867779552,1.1281622534105937,1.9626304636205676,0.5363990515078858,-2.0038995818991645,2.2783762793610682,6.200349550011002,0.06288930456509209,8.15446633107752
1084.895920067843,988.3788590217762,275.7286364610197,441.0165270201955,-5.7392237804443935,0.0,-311.387376391863,-1.0740549032735471,0.31682220768047065,-0.6031470590390914,-1.4104331524165963,3.2091264992741593,7.222219951755217,-0.1505023130634566,5.074230791827595,1.1457999536719687,-4.198914451468987,-5.093593422846011,-7.86462800235587,8.738068909884202,-6.784768859589079,-9.611533650599766,-3.2547934779433416,-2.790365490979766,17.94632346092164
-389.0874394239056,7.226867479354969,-365.28622109306986,-955.267053567566,0.2835536903689278,0.0,-291.81112800755784,-4.597685911608849,0.7661097765918098,0.8118741846470803,-0.7216780098080251,1.2726810581710755,3.088889891405288,6.5647235854978,-0.19782170911371158,-1.1276640470716655,-1.0070926254133266,13.1345373416844,3.6141793253651096,-58.99717381621473,-7.320600397370575,-10.803437919540825,-0.6924628304643673,-7.726943905953497,-2.9205262521896977
1024.152368034412,-288.5835750481641,-775.6095053236482,797.7262923225768,11.639612963856262,0.0,2587.1561543120097,7.422340406407215,0.8770985638474512,1.0794100873645083,7.0011836344649,11.94223071367186,19.223491661669236,5.96397240359236,0.4818820563898699,-0.9265627956061511,-2.5647611759434548,-3.264762291573482,10.600633184654653,3.2273116174290473,-1.42897536726084,1.974932463096603,-0.5524619695563218,2.749286650498766,-8.721659873016634
234.2256895785157,-720.8877323998249,-1209.8585379826204,-848.1757346449128,-35.10780157492309,0.0,-309.64866174777217,-3.402152351721204,0.4510199586834118,1.7524256781213912,-0.25586323361553787,-20.2951424414685,1.9055988544847886,-0.2373562748521556,3.5751534789171693,-7.84181337386769,-0.6823832522869192,9.132659248079493,-28.362102711844557,2.918982469505536,-17.55748835430516,-4.876585592724561,-4.957009454693684,7.134320089997276,-0.6011497182982457
1154.8610661693053,-209.785985714646,1017.4542319909176,-459.6642653762875,-10.948160853864012,0.0,-307.7278345467094,-9.033406788466817,1.0433352389636545,1.7441586590916913,0.37509677204985487,0.6331675712808295,-15.337012310303923,-1.1328839599029257,2.246649409462755,-0.4814656032007313,-2.4832733204213695,4.561141415326683,3.480709241798139,0.22387374227775153,-5.2156166249803055,2.2516498319210876,-2.9174774010750952,-0.9721003632337312,-5.422364648934691
-950.5752956888686,522.4853570355399,-798.7104903744503,491.1335019221025,-0.6551687911024466,0.0,-315.93907069180335,-16.778007745084523,0.2901798575598491,0.9178193382510699,-4.19994476223423,2.7076331578469,0.534552715540453,0.7020503056719556,2.450887039945874,0.7823061878177655,8.607816708450937,13.575092176124569,1.7718544997666363,-15.125690699390722,-6.48868509957474,-1.3004613321407978,-1.455308112259379,14.644185975743286,-4.586925354026616
32.36021870739932,648.114638684092,-1066.3413688702474,947.5930399102823,6.425089640003341,0.0,2648.909978851186,52.63678093815081,0.43862254922761856,-0.40075080345852826,-0.6319620797744527,8.268566226337665,-8.569119109297372,8.263147271314015,3.874495057246306,11.508718039273885,0.4092758522248882,11.288464112492555,-59.597010888334744,-2.284623118823292,-4.7351617164130335,-1.139153360890099,2.365071342230186,0.8212511366908197,17.20641681065572
1374.1302711804008,264.0178754635433,4001.9623959773176,16.999346930570262,-1.2361594091108483,0.0,-252.06686367069082,3.741963570240552,-0.5575912259706497,8.087423668213914,-20.52934712429857,3.8540483412420126,-0.6351031910515209,-81.4821642480545,-3.059330691076302,0.6872624447526053,-1.4574547860933404,5.9019513606152305,-3.8328796380869186,-12.426969282870708,-7.317544399229996,3.2713337319970894,23.299150644093803,66.86328885026232,7.980162494830838
591.5639199815695,-116.72716409300352,1118.0981898042753,-932.2923381141828,-5.893943902219475,0.0,-300.35119714162505,-5.034955683872739,0.8406727040849235,0.8642480232772478,0.09765971458884615,-0.2798664626858712,0.5421238362789341,-3.2641235431029316,1.5703015636744242,-1.7963721529681618,11.0399488881119,-2.7980781540433983,-19.406651375361477,8.681036880388705,-10.565656114244884,-13.463043428490689,-1.2736109384826537,-1.1556110017515264,-5.21906689104561
524.2996382308073,793.0388568619222,-1552.765261908518,-970.9776529967605,-9.061488527892188,0.0,-319.26064765410297,2.436729207225021,1.110637420729222,0.5956444884508264,-1.6204513967867078,0.5135355953923534,-3.589609019184159,-1.6928409257849517,-61.876886794305236,0.9254728391396108,-0.8428999279456073,-5.392552318656671,5.199042009577804,9.017209605041007,127.19176113870374,-2.273868637030193,-3.832195709234152,-22.634621611859675,-0.7860802656689261
-484.6405213947694,853.0384255034824,3721.2331384420086,-84.4034409003692,-15.422708776660233,0.0,-288.6540432752211,-16.852543307872416,-5.622306433459787,7.2696677857482,-24.20312927863546,1.3484224486440668,1.7452647246557305,-110.48743427234959,3.7993578257306546,1.779796515997821,-1.5643681585670584,-6.276329546999105,4.135115647557864,-26.651623609730407,0.012536226342210438,-5.964783553542243,-0.6164241932155448,-34.02523275461145,-2.8296761850553716
1450.5773722910199,651.1706244813271,-2075.0439031851056,516.6810212297007,5.279092808780859,0.0,-276.2511423920698,5.031449620098659,0.059435377081925415,0.13186123579938677,2.2671054915751085,3.526123556999731,1.4804409103534721,1.1080637557226007,-69.05578493548946,1.8250488997011445,-1.8894451387436473,1.3282163200293258,4.88558196806211,-4.491191134381821,-5.14557940390872,-6.733624212187981,0.11558626101536429,-2.132231536397365,-1.3546279889401283
290.76331076592265,-322.4727552044463,344.87621810700983,476.57768701031745,-8.974146335707447,0.0,-299.15010183215406,2.3263280072094226,0.9376513823213626,1.6073622767459173,-0.265044118815007,3.8549154353151365,0.5724868421657148,0.28755664730174785,-1.2388844536245325,0.5846257294976376,-4.330929678434209,5.331931277219917,1.8511784993934617,-1.709375376347749,33.54540598446554,8.895166706029649,-0.09398589357696324,8.546810959476167,3.238021143851651
-1577.905263522401,-271.567307185186,3886.804411347361,-411.2144713575537,-4.090995612739463,0.0,-275.1532627855695,-12.168963693700231,2.38107185660423,13.676236386795189,-16.761302943624838,0.9596950915631416,3.900736013175985,7.371007249322981,0.48535192511515735,2.2024361054476373,-13.016168677044218,21.575890565431088,10.430414524612859,25.64206791374964,-3.167936406059953,8.455884294073988,-3.88629997106597,-13.016714633997065,-8.114166033480569
218.68643191103226,960.4306107782082,2454.31003514833,-1029.0364958718644,-29.237060416830193,0.0,-298.73243905598633,-13.771836550316722,-5.20591730381168,0.9033934085597574,-1.0960793540013039,1.4116405553933031,-4.022540113194346,-1.9409349790770574,1.749926202305008,-4.330262737172984,-1.2940156218072638,-11.935310870519622,-17.530709241739338,12.463104137639656,-28.592082725081134,-11.539395145005136,-0.08876871230807418,0.9396287619655594,-5.002259828903155
-1804.9978024472605,-929.4441249154562,3733.190720527712,463.24133688986115,-7.835171642647999,0.0,-303.2243797936164,-13.220931579634843,0.4284653905233628,-103.82974729012096,-0.7818061780802913,2.9396395022967163,0.9139071584105629,2.0263829384022345,0.27122340902784314,1.2954086940442167,2.164252464564255,19.360196585522107,-0.720262020186528,45.956827834941244,-8.099451442027435,13.184779122755899,-4.702413573818813,-6.5886763550949405,-0.6108530134751317
-837.9451272988096,-451.1293031103418,-1853.308532510346,-86.93476967051123,-1.7121846399800287,0.0,-299.4311150269491,5.878234334056953,0.5512246920148827,-0.24885836260711205,0.38872284167763543,1.9336101980364095,2.790913776388197,0.9012429462029948,1.210497668403225,2.175255346054295,-0.9482085330373375,0.692034910037249,2.4581539108820203,2.6216174042406646,-5.068856576271538,7.686501344554154,13.918329325476492,-1.9107488296109247,0.28504478952771817
-50.76047857775281,-457.9340102439651,-2219.6012658637374,981.617198015726,25.83403633693702,0.0,-298.4567631104201,10.784628744199509,-14.858272276066987,6.390863915314089,4.740335323199247,6.728279324275266,1.7069397277031055,0.9515184025375635,4.57927655387822,1.3736674846617314,-7.047856671781172,-6.630516673900113,6.485530719549792,-6.3573963140344,-1.967432315055277,-24.74888452048474,-2.2097101177217398,-3.8271149205410313,-0.4606879000990206
1602.1330982909053,283.1088698822455,3889.2239273533837,1141.3371515791043,-11.378860539359442,0.0,-237.65901666997144,-8.408625357301341,-0.6934657922674238,-1.3264845436074557,-17.47225373374396,3.199352639993745,3.3658902526446512,-103.24972996662002,-4.602859352835731,0.09064525418578545,0.7946292014545298,4.17118703640322,4.359595070742644,-4.162084433499566,-5.424092836867247,3.4421941449767077,-3.7111840233056066,-21.567929743487344,-7.563304061117798
1549.762695974332,597.8528836665707,2542.8429306114904,488.1183605139276,11.601714246029962,0.0,-287.7413891983936,6.062274840351372,-3.628152442854975,-0.8067120154403026,-2.3458846459486438,1.9850918036669156,16.563248213979197,-0.3464538518482778,4.124788558480004,1.9090807756020964,-1.6539567699167819,52.249006032717375,-10.443901668210016,6.66618973532328,-6.147280837295042,5.359448009019032,-1.482939587050342,-8.927927907897887,9.652611950349892
-1867.7391698775684,520.2907541778012,1135.6514961568082,996.6173032487694,-0.38701838861573507,0.0,-300.7228240816618,4.614133622956421,4.913826896626453,-0.23320160721442815,2.4437879982553397,4.590858757404687,-0.43601592042679416,-3.0669450153597437,3.7692996717368192,1.6049613721817206,-1.3943538035348757,-2.6919873824744944,0.6214898777638218,7.252060948973779,-4.318618350339645,-31.523789580139834,-1.8026155689645242,-11.251528787441657,-9.263316126361321
-1710.098916851594,886.891001859559,-1919.1862315494202,-958.9515836252482,-4.861434139767796,0.0,-309.8224885751205,1.0241021157801782,1.2585721221940842,-0.18402921853582885,-1.8927880375661204,0.958460279082238,-5.913765205645938,-3.7709591647577145,2.3801547386530655,1.086579595112226,-0.7046068310293142,7.531764895195576,4.859185020823246,9.846035033214788,148.96703781010362,-3.4527449837039494,0.13968247226409927,-6.610428788294242,3.0787703628169134
1419.917573022224,-97.45815284389583,-753.0543133980235,-49.40507502149558,-1.1290734686679276,0.0,-290.36857220592697,-1.580782347331494,0.9798530595059838,0.3171427209431887,-0.48333997759313524,-0.07129388468996611,1.1274143553959803,-17.25469170800541,3.2619813557597475,-4.613179225792232,-2.4855300715274256,0.7696717259159065,1.8285615548701082,10.657540728969666,-3.280603383237037,-0.4687894111019501,-0.36507965754611527,-4.177362682070924,5.330468068835795
988.3033195680239,-922.2882130891792,2363.5087314834923,-999.9769014016434,28.149138974005353,0.0,-292.3000328917368,17.6561224569368,-0.18928135707099245,2.8951919077735253,0.3529188070731882,-35.00928386021588,-0.9917014379371009,-3.1248500010620863,2.8106762180092786,-1.5966063682676175,1.2385857842177748,-5.168703958968335,2.352464156307928,-1.1759124976311925,53.6043727813328,-2.598573906369335,-1.7165730302264204,-1.8879322449178424,12.507201960273624
1721.0588262374533,-685.7541931235664,-816.2131763077437,1166.2701448958944,6.4797431351794,0.0,-271.6435470820202,36.390814692889876,0.6001512443999842,0.4937384623476717,-8.402130873342836,9.54254350369603,1.1337231673511337,0.7243155065554795,0.887905177869241,-0.14540695156418446,-0.7866661042801244,-1.0738264293763649,6.839342501852038,-6.937637059702194,-2.1693867493099828,5.781983034548126,-0.6691596498494156,-4.851173866932252,-1.2460745503872914
1852.8410089976335,1056.5410766874018,1121.790930494885,-928.5021789343706,63.677846734451215,0.0,-295.2876659743335,-24.73472628334181,0.4058713615006676,-0.10844119214838328,-0.611753086720262,0.48718227685616605,-1.0647351953932864,-0.6569813077731297,-0.48592512589545683,-10.165546014677181,-0.9084204220230415,6.56185300247234,4.148441606648953,4.2490087089587565,-26.32797617145872,3.797342594869782,1.383087717685131,86.74176160460561,-1.8454921692325652
1009.7184593577767,-288.3049040362537,246.09908783478224,421.0636823431701,-2.303970979790973,0.0,-302.7286941451607,0.6439609085078876,0.44738986920673635,0.7304828581660731,0.06761116661408242,4.182217858452113,0.6985796294381051,-0.06183883895790315,0.543652288067394,0.6412687627967231,-4.762882337235327,-4.152044768057468,2.2000939718567705,-5.3702802915348835,-7.164110239337643,1.5160080181616953,-1.2993633342100908,-4.984152140335147,-2.6733100111587063
219.86651783567567,332.2990137980799,-439.05843741184896,1085.1933616940619,6.3332003890087165,0.0,-287.566745135443,-22.225453891297114,0.9685335924263421,0.7191625691113839,-2.548687492524073,16.02022102529258,0.3955120656712205,-0.1756242605114542,10.866642654137289,0.366799979840067,-6.183247372791851,9.256973946876093,2.911267399402813,-0.503985374045584,62.08368844377888,4.598039816492141,-0.07184107415572163,-7.89327156347911,34.376153826970956
1710.4496196846494,-1115.3044399924713,-314.9780737000577,1215.5036072617952,11.007347044325183,0.0,-278.93711380535314,-34.79189877943625,0.5229017559395733,3.9375262665816613,-2.077675901940321,12.624856549220189,0.9393659845679705,-3.358959594490455,-0.817877019317577,-0.22544716102879686,10.443452621525138,-7.073725744592091,-29.985797562887203,-9.781446514277093,-2.9053380340559953,-1.2369481881771252,0.1981751935485891,-2.5781578955015583,-5.933592853793288
302.0002346866726,-50.07009762496533,-736.6440993948846,1002.2882809750726,1.3321143956917008,0.0,-278.5014911100688,38.809400614283724,1.4785776846548007,0.9090037390416412,0.27194620124620306,-100.28084419762415,3.5260680999939424,2.793214600310471,-0.4678183947795663,-0.2668272285868199,-1.6323144012381599,-8.993070500514191,5.048619114557753,-46.87935489759131,-3.2879116363859104,-2.489917138330045,0.553057166462255,7.875602400476926,-5.8545696479645235
-1377.899153454948,-760.1906730726502,-2003.4527045389568,-31.570344575771646,9.938140794840335,0.0,-294.8309268219629,4.814836719353904,1.4122388314358196,0.913345827010973,-0.4619340828031914,1.4553716137822579,0.7871251561336511,6.190326203603898,4.603473824078195,4.761144503015217,-4.555368831102808,-7.158580165248395,2.268557717980203,-7.244721044850191,-2.314276173821983,4.540051230496566,6.528846023167409,-0.00032918574405821355,-10.163093022980371
-1444.654218281452,411.5014993133475,-2316.7876346508597,870.2408286580089,6.509629599821514,0.0,-307.0458356134455,-22.283561355699643,0.5639829888317746,-0.33205331351014233,-0.7605738076119697,10.93328171625685,1.0638429240438696,0.7645967226477105,2.2875610071345625,0.5291438274353473,-1.3912139391381197,10.650244572447523,1.3945970748817356,5.488618425958953,-4.390343517694639,0.34248686426999997,8.110738720913364,-0.013511069499758974,5.631934179677115
127.92060549804745,-729.9398912114502,-2086.199709284066,-952.1421956701159,-2.7294641938297106,0.0,-292.9155606456694,0.5120872469709313,0.3248764994148033,1.4580688576656693,-0.5413248533565731,1.736320045464028,0.4984958435062999,8.308195659427717,-1.7591307203472037,0.7835322967344976,-1.8270001435249363,6.668078958603815,7.266014307936975,30.992813310159207,-8.72871405834989,-7.171201096814782,-1.1470012344885758,-1.4644648042527675,1.445111258543416
-1160.4410622585124,969.9609002439691,-387.1835142853269,-925.2938265594194,-8.73616011160986,0.0,-333.57356124999757,1.8596005163814464,-11.285434976527101,0.25914659522211264,-2.193916620978377,1.0940521883335053,-3.446213086218217,-0.2332853417762578,1.6504614642563211,1.115806048163746,-0.807086796175185,6.34468768809375,2.2923594609112268,8.489202410722006,112.00194556181627,-3.3926789844206997,-0.21971532736932886,-6.125263001678756,-1.3216733344928218
1667.7059638660157,1379.209364142092,-716.324226428814,-827.3302220348667,-3.3510872994829555,0.0,2673.7789973036574,4.250103672553215,1.5439588528067167,-0.3386471881605347,0.12728676419910467,2.952958307676816,-2.561568223113471,0.5071934872509043,2.1958163671301074,-28.732176234830064,-1.997818166556141,-9.899603576826712,6.987153627515012,7.513678292012244,11.105119082110594,5.843136856629256,0.6604850971082866,-24.772961540121706,16.66377431324722
923.1595392749389,275.3300740287251,-790.1500151593115,531.3643791812952,1.1353198439809473,0.0,-288.6954091242304,0.8546869626625667,-8.877564209828368,0.6391042603819186,-0.9666058146235855,4.312970412133351,0.9708518861920924,0.3434750551505648,0.5153359532652009,0.5600521444214481,-2.846715037559805,-6.341987709207709,1.316196716993437,-7.674088828273887,-4.903446679171024,4.693466897510224,-0.6491516188526519,7.019485581443939,33.08499621861139
-898.2609482373134,1074.8463383321034,2434.1883526397382,928.8727999256986,1.0107828203482827,0.0,-288.3674634080651,31.544456026673483,-0.05468565629975064,-1.337245160635765,-3.3897121602753018,-19.592549785949533,-0.04045150036032469,7.616001804502302,-0.43988721853394824,1.0911739378770993,1.8097939181432257,0.10039172169451316,1.7491550033253813,5.83033338645667,25.494559019099775,-2.59191187263063,-2.383049261320227,-0.2223999246652314,74.42744067333447
-82.75727254117702,-991.9345709881044,1064.2831309180626,1062.6504343001584,14.204930749469913,0.0,-284.2314665950836,-13.854193504335752,0.6780201158589243,9.580032629120034,2.899571031103411,5.80221985941586,-1.8198057668679173,-4.208570289535722,-0.9306056475598716,1.1642607888351906,-1.6690728184660377,22.94210852313539,3.343513622325989,-19.632222544093977,-1.468635886071388,5.1723915278708645,0.9777166628266633,6.502276108605532,-12.235448441104221
-1554.918809832459,-337.19512181793374,2598.8136378441527,956.4756216816161,-0.36180241338485125,0.0,-301.7761342471794,13.268110347593089,-29.515254896995394,1.0601964989119195,2.574877528908815,4.014150717462007,1.2574487633758544,-8.837302667737774,-0.5669635361783337,0.12218750121659164,0.4156031070459596,5.6564262914356584,2.3770217312639987,0.7931326132134988,-8.06544759781901,9.420163821207911,-3.4325718035367556,-4.078077346125194,-6.240905169356152
-556.025993995359,-420.96817903063345,-1646.5789462327066,-102.85292497640363,19.413218464303437,0.0,-320.5424662977574,2.20941232733673,0.782136161399794,1.3242707826137627,0.2994867360185489,1.173959001083315,-16.50091982893297,1.1653672027931306,1.7216120521566505,0.06930480815283503,-0.7059780533463872,-0.81067333011223,2.3951375461747193,2.211868373120609,-0.4549597922680889,4.000528593586037,-0.7188730521649855,-1.2461982331761663,1.9804290478288828
-730.2927797163271,-393.4290793378488,-1880.021865936055,-429.973234906981,-11.576389102111575,0.0,-305.89057944210566,3.139259788169012,0.7758730132352369,2.225127425971828,0.491173639076376,1.761586391301355,2.6694945364153706,0.7946856771521645,7.435685918483718,-0.6225208856275117,-0.38187963767578215,-5.261943345066551,3.246682486754676,1.7103326905723109,-5.2574567089623505,11.14756383329216,-4.0406721998489825,3.8781418473713782,1.584286714242571
1757.9556734930015,-229.75209224067146,1055.1190269349165,434.73077675509865,13.076105390872236,0.0,-303.9971745325699,11.86954581773002,0.881296852076931,-8.58105167214522,-0.2007796573951049,3.2614257961412223,0.5599738893759627,0.44839320890668083,-0.7822231766339872,-1.9016451694360312,-1.4732200116102567,1.3831034434029992,3.853523078336033,3.0875620163238966,-3.603170710541812,2.7655968679426617,-1.691238777913989,-11.122102555182284,-1.0348489538195504
-319.3369157566142,-441.219151484953,-1220.0195590396224,511.79502402271237,8.694800895923969,0.0,-326.65508899473605,-1.9137008990946385,-4.7776759202484715,1.4539092507416551,0.12188196874030241,5.901926887606234,0.5998138293147599,0.303656858614239,0.7311396522745723,-2.651555219592192,-1.1049754609678017,2.5205527031912496,-9.400505353001936,-1.3960211320433242,-0.8024737233727594,3.8851940064051993,-0.8338971644581691,-0.9083219736705678,-0.37992101317840765
929.3653463417603,1091.2490108438187,358.05000060194993,483.032875042609,-4.42549194286759,0.0,-312.50059728168657,0.9477829429146213,0.9335734022231135,6.761683069148305,-1.695550978476165,2.396653939831685,-1.1078699389013125,0.46775632485168844,3.3231366045058683,0.7548509594597973,-4.261423355951207,-2.6811274809948937,1.6106387994630251,8.54219279012004,44.7085417525562,-3.7885845852691076,-2.8537783901877187,-8.664096089370311,-3.0941336225923295
1114.3150408790743,-703.0954000575499,1142.0590386192443,27.17772296325888,-5.584997305146811,0.0,-281.94163789253935,1.6135283897980568,0.6381230584871878,1.3242099622251968,0.818004573868278,2.520927302995744,-0.48058664908806037,-0.8608731365383256,4.424728331703468,-10.184465243863704,-4.551377715178557,-1.2812494033478363,0.8830039716669562,-0.60231399643246,46.289624698763454,0.06623210326446824,-1.5611887278107226,-0.8974172678023898,-0.6954180415030268
-1299.0852651064301,40.32655876816807,-1596.3647943823048,-452.52178355852385,-4.501786480889609,0.0,-307.0372832389992,6.468215273746147,1.1083613716907554,0.17475243678506455,-43.50908093073492,0.9859898203750267,4.288704964715889,0.7186617538132719,5.91418066914437,-0.4678104908740822,-0.6592770740502383,2.020766222273924,3.2544786446830924,14.592616871666404,1.7985478692321197,-49.288964496540245,-0.6039558491061767,-3.7053479721386218,0.36091483367696464
-367.792465984356,-94.29977296968326,-1158.4284727193697,947.9415939495389,16.46514477223386,0.0,2616.216488107242,40.09457395722334,0.6151337473971559,0.3805764876590406,6.322873201708316,11.101589101698885,-0.6556639644249074,16.75319989662496,1.223741314543507,1.2319338254927275,12.164529451411584,-4.645609835825327,6.676517220020518,-49.814636386711314,1.7082024162445162,-3.4068295613055892,-0.45361167501247057,2.433509851179061,-6.930265776434043
-872.3514759739406,-706.9035039827431,-1221.5129061581233,904.0907222776638,-1.3425538101722234,0.0,-302.23287358709166,-4.814769458132815,0.8826956308092644,1.5191076912070147,-35.06364817871399,7.527453326817024,1.8176034938214123,1.963711856036571,0.7633123717218427,2.36997367667625,-0.5450270245956574,5.935086010989719,1.1909268545167742,-3.4395526767896203,1.7557974272884964,4.367096023656386,2.6137414723827215,-0.13867899440265008,-3.031392806519747
-1377.1993110311616,402.8903593434252,-459.85118223918994,-1017.5333826875299,-1.0409144297825708,0.0,-340.4463368204861,-1.599170523738848,1.723218105947688,0.5928066272938521,-2.6044045872199875,1.8172800757995613,-3.279726062120124,-1.152487484721456,2.072254328446942,0.14032842114945585,7.96993590709014,4.736773113982623,2.052649319994261,10.283247885622261,76.80209389958681,-1.0465976967665505,-0.9887814115052204,-18.674267076029505,-2.1836278387664945
-1089.3012216084912,29.30959283401849,-1100.2022336823177,-35.137196305304016,-10.192283041250967,0.0,-308.5753488207357,-7.786026097491269,0.39466812065641527,-0.8492489044117487,-0.5422526780382166,1.9362811905467445,6.668493975847503,0.23888994549739523,2.0015402405745055,-2.617683148065418,-0.7206664826233435,2.3622307259804423,-8.627067884481038,22.708936599955944,-0.5406450843305654,2.426547036228933,-5.651702701769677,-1.376956040356571,-1.7300976899574059
224.93736963524074,-147.86027369106642,246.49317141345796,-1009.4228719184832,29.079486337103816,0.0,-310.30343864411304,-10.792444343443748,1.365261648574139,1.5861129059686505,0.34950881014694,1.7641414485527123,1.9306014615047546,2.50565682865032,6.837613441244852,-2.413887048704106,-1.3340525683646378,-13.11762277802515,5.677935590579874,-30.524713478635363,-9.381685490918334,-14.60282014515498,-1.62345575212895,30.043658425490634,10.858968965741663
2013.8249523188215,327.6214475257325,1122.1737923877506,-829.486093129435,29.096658020240188,0.0,-277.54915627714485,-7.18073075047508,0.9537788312801793,49.42899680902928,-1.6972622496503718,-2.5958586536819532,0.2461217895118779,-7.568255856140141,0.412864722685701,1.967213633882893,-1.097498335454222,3.7838332853693903,6.989006050894318,5.85200970976896,-12.799742899651061,-21.162607780919448,-0.661649860972873,-8.35545572888673,12.721697900082154
1102.7490103058844,-948.0920105595856,-1228.5003174625674,460.15043412000534,-4.701662952066128,0.0,-307.0600043323044,3.4098436141620376,0.3698087799143068,1.1589552393373799,1.4279809956240734,6.350004501963307,1.4396978800560702,0.12198116045076095,-17.63464603124515,0.8430197048055509,-2.4777146609805625,-3.7899799740223834,-5.523915731088738,-9.029779493480316,-4.029988304949658,1.4949212597750303,-4.652586667963307,4.27521807994098,-6.085301932186357
239.52319977521574,993.6780978113497,-350.16345350521425,949.432563921379,-9.258708123745418,0.0,-326.2128648020085,-22.8702168135668,0.3082263443478362,13.011807013697524,-2.1609809792404895,8.095599232805313,-0.45877792265222517,-0.9522983783776816,2.146390196920086,0.5768698907231518,-3.4986389414161723,-4.2875741768747755,5.3650631867649805,5.086632763484337,-8.251847519984203,8.22559362353579,-0.025673007996412256,-2.993265000751316,-17.009082475726387
1930.4284197443387,-357.30400770588324,-1560.632314287913,-458.53798377156016,-5.3350195918400205,0.0,-304.8026969915953,7.385137828347175,0.5816688558499861,1.4274522270223382,0.09775483999753465,5.140065338025384,-25.812468102849074,-1.2358831822604235,2.743588970744963,1.7913056224594057,-0.7164397131656749,6.48111682487189,-8.355567586399152,3.6498746390651515,-3.0409049847750698,5.1899516244686215,-2.696216645241393,-1.2795325857841287,7.5869286830324585
1196.3124510750777,-60.91674300721582,-352.678929039542,454.89654918285373,0.1541009179943938,0.0,-295.4543962970203,2.13493418245619,0.9412256511416407,0.3026370170961156,0.20271452895874018,4.821671867393445,2.3705092217266532,0.7743932332769896,-7.180987238650608,0.4210389504836127,-4.419640396324143,-8.239295619704324,2.261211609311808,-39.2195834594591,-1.709091774669061,2.6528247894516808,-2.550996707327137,-5.4350150692130725,21.0110229386714
1533.5556905257797,347.51624840876354,-1804.8876385349215,1015.6047362480896,-8.125109721217765,0.0,2460.643444041142,53.9018680501132,0.5226754471688275,-0.03935397923523277,14.805207550285358,12.16107813296081,-0.5618815632091054,10.274135977470399,1.1627687530657067,-0.8064904197823026,-0.08358271637499003,12.069310758896123,4.188158503889615,-4.043916364375627,-3.848398449361641,0.4684196705089271,6.828761630424468,1.687828750034733,-2.8124022542357476
-1175.7957477363216,-36.57948933397448,1048.2183949217076,944.9026450714857,-1.6063886015315956,0.0,-265.83398422925245,32.26192765295955,1.7909248376405582,0.03366018438563745,2.9757857312901375,-43.8542496599337,3.3791418768334656,1.959617486133528,-2.013798710406169,-0.09104324345099565,0.005664660172674162,-4.34663245437852,1.3954330761188902,13.346253905942689,13.140026401429953,-3.7463156195433958,0.3195478759380662,1.6574360608687682,-7.701992637949148
285.7999929598027,508.9459801333903,-1608.8781770401304,931.5645273228797,-5.258846889984254,0.0,-304.85291428492957,-16.64078072142836,0.11859149459900147,-0.5638910460138886,-1.8442164322174892,7.409887835700881,0.5592462855952153,-7.761598024764091,3.8567628477713605,0.7695202446182304,-4.935850878135061,9.744902707617735,2.3366819630218716,-47.66386511812918,-6.379990394616616,-3.0455808984781645,-0.17191616732356413,-4.18589064717095,-5.346555767236918
-408.2225086605967,684.3162358822663,-1586.3631094031578,989.023975806533,-0.6408573888489996,0.0,-304.9009140660415,49.761485721895994,0.3172498995676813,-1.0782183368511697,-1.6624638646853531,4.188957111488642,-0.5255466154440734,8.923238259934964,2.4756719629772324,1.281209122371669,1.3170288189564383,-1.671069739679187,1.9626009145248187,7.136950650251498,-6.429653787819141,0.8112071508491387,1.623859254403375,-4.096229392707902,-8.169327404628575
287.3176646407157,377.50076520757074,430.05440110344443,17.83041204335892,-0.9647222524505213,0.0,-294.8044225262004,-3.555517295625501,0.44297479544666474,-0.21163928809370877,-1.4421801729920045,1.4763314588039926,0.1401449586839105,-1.8706678866206925,-0.620182991011142,0.5534174146598965,-7.780791112985223,-1.6102585126524387,1.190834321527605,7.9778265060327245,-7.592500678746178,7.547758375629583,-1.3613793227959112,-1.9144556785263,-3.26385373566289
-1591.62921006737,476.6826413668365,-2183.9137125895445,-920.6944504290809,0.09744042556822619,0.0,-314.24787069275476,-10.92356933653621,3.540357617972426,-6.408705580153607,-0.8762688250773857,-1.0664760117907368,-4.58319030304812,2.3292298874641464,5.3624588871688745,1.0342051685539162,-1.379455131815635,4.486790444572579,3.6101832930063464,-6.262615838717594,97.88751638145254,0.4692616391684012,3.0279265958744674,23.443349128739264,-20.15261294335124
1604.8333027902195,725.3694705698421,466.23105742711937,-386.98533174157654,17.779587563698506,0.0,2602.7137920287514,22.760905860120086,0.2153867663000165,-3.1737133462750573,0.3490002623199995,5.10468846840949,-2.7199640676594057,-1.0615158756819991,2.4492091203031636,4.0568539714964444,-3.2333085560164014,15.627262461273528,7.302119780189344,0.9557197525112486,-7.8893112009598445,5.448222533515921,4.0501956939178605,78.06994689256855,-10.478425674899997
1564.7591378982083,438.3378458138868,-1864.2267158128125,1021.1214367905723,-1.8111258820940692,0.0,-273.2047091036993,-50.96431029002179,0.5653035614733404,-0.14118197130116875,-0.6840685939254229,9.82189952519013,-49.00947746260761,4.325705510671429,1.0917253249352885,0.5627104356444655,-0.512495520386342,-11.976152327328789,1.979372125705567,9.19858614755697,-9.718533092790056,2.0592408101527604,-0.07852274807980264,8.73377288572128,-3.7519056824556216
-1459.534399924682,530.214460939346,-1108.8195419401718,-396.9878590163617,-1.7035433813022107,0.0,-321.77562528234296,-2.6885047294891806,-0.3678568615383044,-0.10409759993778807,-0.9579934710259548,1.1298026173187825,-4.209542957328419,5.83853937730942,4.829037234420619,1.7667076337753718,-0.5025309646396483,4.021995695371227,1.4790863801030976,5.24950068742067,-10.076226856789791,2.2667881798825458,0.48969783515216764,4.437749923487295,-5.758886031681741
1814.568945722464,-120.99422621724048,-1882.4057021648675,948.237142389031,15.99050884436469,0.0,-282.3644703017653,-33.45519814600179,0.8072838328914875,1.0952181692341265,-0.8606419056239165,13.536082703687379,3.7342090653557234,0.5230032646395111,0.4009728289352126,-1.4110552101121747,4.178325084111694,-2.494247426757264,5.058626878771882,19.647419061643856,-2.576644407497065,0.8561799763030599,-0.8157123271128746,-10.322525261983698,-3.4950311581510562
-1019.7546616525213,-497.738479923357,-2021.116677316415,-438.21453757284274,6.506863114178039,0.0,2582.203867029521,-1.8539357309875495,0.8699885025514602,5.018460043843363,7.890203184187144,2.6691586237674105,-1.2381080463109,9.767031347586448,5.596421392118537,0.2717218197871816,2.619812387812121,7.575377086166719,7.860856565229678,3.910342676202776,-2.7671444289283325,-8.42869758641957,-2.9281265191889494,5.071128339863218,-10.028329228737162
1693.6769348049468,1155.7454793468582,3943.5484434225073,-464.80747803770635,-35.03742591241207,0.0,-245.8580219469276,35.122143202765784,-4.105172226325234,6.1942519032941705,-11.996656207672604,-12.353870703211644,-1.0469705790514756,8.53803479058283,1.4428207764549268,5.185988507139729,1.2474669001224423,2.9191502882267084,12.445869737539503,-5.193581879825357,-7.794925081152129,0.4359237179733892,-0.024181562155976437,136.09141266841746,-7.5654678802165405
-371.10074062557044,-1042.7132136799028,-1325.3781920534996,-484.70331244575874,-21.89501629501605,0.0,-306.70541685536296,-7.057708044150475,0.5061406056052442,2.5051634841645067,0.1898446522010826,-17.381562128974227,1.2107407425731498,0.20959613560696233,0.12292870467768306,0.12247148605334389,-0.5269640544983488,-3.281022632991809,2.8340432122427703,4.840139838127611,-1.7186985738113507,-0.11490881626492999,-1.1377142239646,3.707499308335422,-14.220913527070312
-381.2685841103251,-406.7145677553554,2545.475391428265,-862.5967376048105,41.38965731550371,0.0,-288.47666305879596,-5.6123598379614394,-0.0057556346893080645,5.117580989322816,-0.4048273561433138,0.8671327792468774,1.8266471062764453,1.2883046955937365,7.662569215099632,-1.4545912751520451,-2.5168521199760234,8.374936342690557,6.159856965141618,5.7041855555783405,-13.301744136210255,-39.16059784275173,-0.6682334659691919,4.291887498247065,-2.7843657529592107
-395.90298843599265,460.0457725943101,321.6774860931224,870.5205284203342,7.63159286599812,0.0,-322.27886299981145,-40.93151551416,0.3959138420209692,7.571444141619268,-3.6048404785067945,10.712317989581456,1.2085682827744637,-0.18505307388964878,0.2739235625659142,0.49780374812748085,-6.543070759971918,28.748983871375792,2.9513203114779896,-48.36711599119018,-5.250784743964034,8.44509490301508,1.1910709777659059,-14.127417270745127,-7.753246337992539
-1707.6331021003887,795.768963388979,-1961.7887701766053,-1038.2769693885807,14.928053389087626,0.0,-309.4238951548599,-6.610430824782476,1.984911751204826,-0.888635840196714,2.516884130947371,1.265469345224928,-4.073592217434785,0.48502182803098204,6.103997228943962,0.28502412180268155,-0.7135312066791637,-10.051452731128098,5.2166506413571,13.02381687040992,-24.050873077207672,6.920648350746382,0.42832204825280945,-4.982320087951337,-0.7669948695113973
133.0706733982082,-266.88705248286277,3958.053023306047,-540.0598441033401,33.93652624401742,0.0,-263.86722143480534,1.9572285351694527,0.4662257216418421,20.925038186468065,-6.651660228293684,2.330485987676155,4.215801424872374,7.115861634994975,13.301748201816292,4.874566360263396,0.3137154124128615,-16.300508964615457,-1.0773138753225442,-9.995015191296064,1.5185749832811168,-34.71859825004525,-4.724988393677295,0.5539383676652997,-2.7582706842666562
-769.789296589864,1000.5219470879892,-1214.5317801968154,-23.399731954194227,-2.9351238445850942,0.0,-326.1107798729746,13.79747382309386,-0.12254994309019004,-2.255831652447379,-1.308764194190082,1.4716181105479234,-0.7422137986648285,1.4070960565297312,-17.123519160333675,0.9168579658274612,-1.9249442210004388,19.023746713055672,1.8813093175433786,3.7686829444262595,-9.76774866118064,10.350309045712471,0.18030203022588476,-4.819913670003567,1.339173592784351
1851.5001218534967,-1232.3413271862457,448.44800840719955,-547.48096775215,-3.8882111267571604,0.0,-285.8680181194832,0.12157609752237311,0.7694329995333037,1.8260053445455933,-0.8856272366331838,-0.6929437834522588,-2.9329756921847934,-1.4872430044173677,3.8835760450466164,0.14462258744628717,-0.5144785605442168,3.7064172404041216,1.2335283183881582,-3.310988163959311,3.716064013597885,2.2982920709748385,-2.1117757839241236,4.690370518418826,44.97037015902655
-1561.430312526696,-506.4863740902876,-1622.2625867967618,-866.7345680887881,3.971099760188493,0.0,-304.99742670902776,-3.0906988741035706,0.8386659147017073,1.5102572706733335,0.46675411016173046,-15.587709075870247,0.7860183670348743,0.1758976761010467,6.475953850830888,-5.37856176496295,-0.4352995518870971,-4.012003115893983,-40.61687621433974,3.068354899180858,-17.679338631651632,-6.451524886523462,-5.077804754288671,8.437090726905158,-0.05264388788793859
1505.3332955690478,-88.16185961721975,-1549.384088140661,-407.58808358172575,-3.5642423894284936,0.0,-295.2171472781678,-4.536232035302377,0.6469381981923238,-0.7138487647602911,0.31039621674765744,2.4309626160031477,2.5563510527914493,2.096747842893255,3.550649601958549,-3.7889741382144764,6.352710375714044,-0.7171266515238923,3.4658243531969903,-0.6684547283493454,-3.1146491034287984,-1.5389195191149403,4.3206230150799305,-2.9123997939378117,2.632940378213215
1899.534947856218,721.1913220454351,-1115.6448880747123,486.81789540264384,5.7642979026312275,0.0,2566.925655973122,13.43742558723747,-0.03162320485601812,-0.39546418642915127,1.2282756216210617,5.774765460675304,-4.605468294892872,9.649276039068393,2.296281593336855,7.245601129962819,-1.0092597519911568,0.6229082098868648,6.632631648474943,3.298244898286716,-3.6706128431128437,1.9021199163166047,2.496070289843193,6.813103893729649,5.363411630875843
292.8759361359671,-689.6971303276622,-812.4052295891235,-943.8763979273087,30.066097697465562,0.0,-319.1271909563169,-0.850751056186703,-6.283046042656327,1.346636289385275,0.3850847601592924,2.584400244154718,1.0147789684742736,-0.6966918779165397,5.202769291152404,-4.07043403351592,-0.9035654163863559,-8.361670845521694,3.527125438114301,1.4013506601618289,56.78377425937564,-4.522528517417741,-1.61564981516272,-3.2894385662499848,1.6254306908593892
965.7877929200715,470.9175824770783,2438.295226785644,443.1291377595312,-0.9959941970661841,0.0,-318.05461865834695,-11.893977197682313,-2.0054717977709875,-2.1625042026908177,-1.578033496514365,2.9245925176636427,0.0015922267874134248,-0.7748649213121402,-4.138274781821416,1.0738170063843862,-1.6345413886280773,-9.644731510548802,3.5937035173929357,6.20668208075534,-8.197748808903128,-32.518354545673496,-2.327519867853503,-7.046439020546974,21.934975507075777
-1601.7485451372195,529.1176317513692,310.98801138443645,-37.91129560750487,-1.579014233245478,0.0,-317.70853912261475,3.1677184758809878,2.1059195503673047,-1.9436217741783943,-0.3031403823576317,1.6116831156873936,-3.2684723428793676,-0.4235530176847379,4.592961065142241,0.7387108256198035,28.29542448796271,-1.9464906939248536,1.9307158989198336,3.367768892631807,-8.184712698774035,6.859423670525165,3.31872281452777,-3.1008079541226197,-6.278956048977902
-1704.3630450522924,-828.5270540712082,2595.907098053066,1031.2919545162852,10.114596332237616,0.0,-302.709379227044,31.555205510016872,1.9307347333821783,0.9969153832925678,-0.5788837344985049,5.24647495339625,-15.676927621299852,-1.2110110058851915,-0.7628539405754554,1.359400955481612,0.6752923982280341,1.606173347067943,3.1487851411079952,-6.130295050061773,-8.678238817506706,8.462738187004158,-6.577430130427853,-5.017087914181351,-7.182703361294938
-10.944307043690667,46.868808665336,-1583.8792851442781,-920.9719846785242,-10.578091277776743,0.0,-289.89573238674114,2.8140364225484715,0.9710488811922551,1.3772389224325485,0.1438220342415034,1.8951036707499207,1.8484924679598724,0.9984087337007551,2.3785451221161846,-0.6590282805927158,-0.44330427431010466,-7.10732147800758,8.076236941916036,10.452457207890392,-15.161534921961252,-12.64036853654234,17.852952901589212,9.453202248788543,-1.5628979143398194
-371.9937222888445,874.1487557879966,-1615.2027817876274,-452.2193031120282,-28.422308209129294,0.0,-328.4204663145034,-27.078953986688635,-0.07508894602514846,-1.3879060231022624,-3.0321522745333227,1.7293904151332073,-10.601177863696574,0.409256379889394,6.1736067964299695,1.3417619295049186,-4.7023253219520385,-5.651043185589886,2.2221551751446054,-101.10744126887904,-11.119845023154637,-1.5334110453629564,-5.457287050682922,-14.640789062943957,-5.274635839348538
-399.53838112624703,750.009674148595,376.0080248589015,912.3432509187346,4.197736699053786,0.0,-312.05465710970986,-50.52212874778605,0.44118494232928007,-0.43185281904368183,-4.3649950034405425,-74.9848973338461,0.7338668560646464,-3.3311971240492517,4.053567949740524,1.1834637987756107,-6.13857684918384,-17.65808932935656,2.0472198372277313,-90.78777653940385,-5.04458166448619,-13.612745099553672,-0.28143388544883124,-31.049998542386696,64.47731877323574
-1440.4410526242089,-79.93259276438603,2501.271069069396,488.5195504003954,2.822830661209071,0.0,-289.0662624578581,-1.918377730472851,1.4121717689740712,-0.4686125277431473,0.20815262207457824,2.0865925059016033,0.5605600513151209,-3.897152124174777,1.5931112372128058,3.009486808988676,1.6371359746929977,-11.471031776595506,2.609403345340252,-33.45648918390013,-12.474076823210716,7.044900605087945,-1.5557240394281155,-5.130421930847344,-7.460155470164881
310.36210674784775,70.66403367729448,-1167.0149083622036,-871.8088948581232,-11.28419194408057,0.0,-299.0211247863628,11.352523637609524,1.2338943781846008,-32.2301227950979,0.7496011302850064,1.301406593508516,1.3047862372979064,0.677887832739973,3.9732006394819708,-0.8408524464564382,-0.7765793603911038,2.267314773716776,3.798989015531869,7.850232700268213,-4.576123041835641,46.82377173151818,-0.3935258029704785,3.154233749133415,-2.592418079402049
-1156.5835029704772,49.258069082418174,235.01141025048918,-436.59228466655424,10.711282261780262,0.0,-308.18144557749594,3.5006578638251646,0.717006967540324,-0.2507027511738391,4.151474688771436,1.6369732426657355,5.397064925862717,0.6256094867389299,0.36092157151357024,-0.6573925308116073,-1.0201146985259435,-2.358367568552171,2.952755753385874,1.9246650843484185,2.4247175978190354,5.63776905828486,0.37629079941367044,-6.000086890550385,-2.260112330724054
-877.5638086698186,-58.26021553797771,3898.9154885976213,919.6900993052126,4.205126409029147,0.0,-273.54873180342435,-72.11412884567466,1.2386723725335806,-109.67150247254358,-15.447720359197215,1.297778234963699,1.5803756193348608,-0.5887077489301099,-3.2687513267871795,4.607245217082481,1.7042466073994795,3.0263784763431567,3.558464370967584,-2.8405091360835013,5.2017986032795465,-70.48419531187989,-1.5647651256562258,2.605730869417335,-13.7380436591258
595.7482176613813,-362.1181491634562,-2262.832952421095,517.1092451483821,34.79588687462764,0.0,-293.82955720510785,-10.48433271033321,0.6674964909835346,1.0975241238745381,-6.603771516911859,5.452892439051615,-0.07483710317913488,-0.12893500920653353,3.895058961873476,1.212107567516139,-6.732356340984572,-2.239386287454187,2.5845556121767657,-4.61771287520807,29.35204558540477,9.322726979910183,-1.3155483885841592,-16.668247057488834,9.30238213898202
-1035.1294673563602,-208.29970548925763,3998.4311290983574,-891.363344584039,10.568715006252722,0.0,-270.60950254117915,-20.058932896301712,0.0015136461025667773,6.928127573429035,-14.101047606878854,0.9760530239268042,1.7548459353446655,1.9424649553984992,-2.774168391351749,-1.5141556001124423,-8.771029785382423,15.5619262903536,-36.96873500451136,3.859926236345521,1.912146545755464,2.0299554824383472,-0.6174989118964495,-23.83481284479096,-2.1045485836572797
-707.2278095499853,1087.7793447245926,-1617.206461853279,-1045.2851018068047,-9.807963445110687,0.0,-319.9679237271439,5.321641735495075,1.0127716744667012,0.20747613410583504,-1.914414010188055,1.3122070444179994,-3.0909392687003105,1.2138547009130745,2.225380223829508,0.49231580913423456,3.8220282451374286,-3.5893267753487432,5.267717559356132,9.281375104196176,146.91482256794217,-2.275674255599505,-0.1469671068977555,-7.2682403615154785,1.3959542347441234
1372.2377479144868,224.3976956059575,-808.8629521140849,439.65630266705324,4.6236089820524295,0.0,-277.8449989383303,3.8699132357248534,0.5346722693154197,-0.4218567065872768,-1.4485607342408855,-35.51462828993943,0.10002202833171141,1.885272099645133,1.9988338052264847,-1.9502957165270425,-3.8978379034140946,-1.4369454308351095,-7.403831774315823,0.518177773645315,-4.449022027474082,0.29601627377299516,-1.046775539864213,-6.683053422900276,-8.377140864511444
290.5117268087329,-1092.4336549223622,-1701.6273698655352,404.3685948531864,20.574290454384034,0.0,-305.6083620712095,-3.445698915361951,0.6720295152273663,5.128511995543844,-1.6694716199780377,8.10373473084153,0.34683720436415816,1.3871354701066523,-2.6791340235204495,-27.337611802035266,-0.8439473474668241,2.4993495612882355,-0.7506003336595944,-14.718216784039994,-4.483087818027758,-54.51765410862406,3.9895331984345694,-11.24924399271624,-1.7327950767438693
1929.6960984299026,-732.4414376602514,-1749.4551185095115,437.472094891696,-8.894734592335817,0.0,-293.32824649721573,10.432627723424499,0.42627065864802277,0.5604678496130282,0.5584751962116369,2.3536597767810963,-7.218138878257678,-0.36639921136731096,0.01785091725750791,3.7978988254377555,-0.658545374317958,-0.9095020873724373,1.2049800437667595,-7.142650825275769,-3.301044216338717,1.5441804240630594,13.721102591679399,0.08920592218733868,-24.08106500965962
1360.8164942653407,-22.059505362655273,1108.3158965191706,426.7348939522654,0.752660056869143,0.0,-285.8302838173164,-9.955852818647319,0.6479234589704362,0.8422148405349303,-0.3430640334027162,2.00067601734695,2.387841785139704,-17.507994585606745,-0.7891082607219104,-2.802009503851116,-4.335791558026311,-2.504218624064762,1.3244126803697482,-44.18649321815776,-6.374474688839027,-0.9479507178535298,-0.7871050552298244,5.383698607939874,-1.611854816194191
1378.1795780142486,604.5851358437861,1094.8557082856366,28.818395794031442,-0.42383659810739527,0.0,-269.8386515628424,1.713795615774879,0.022439733157340026,-0.3294897076079243,-1.1878138679708916,-13.600648489173416,-1.261398779744213,-1.6973069668828744,5.521239121539468,2.5918898297768473,-7.723615603996971,1.9009699797623805,-8.836263721898153,7.882129891520176,-10.247545697818513,-3.46784764612848,-0.1436419287443093,-9.64761418448568,-2.020021247633186
-729.5327865246612,998.7666294322381,3766.0507476385596,458.2338249541453,-1.349923924774584,0.0,-287.2875827352158,10.098800565123573,-5.515813712604094,6.186726699413539,-25.00714722120441,1.9434714740127246,-18.28865405095446,9.92096168867026,-1.794121065921718,1.9577978019791784,-1.4231537724857801,9.840914448450315,-9.88956994973552,4.010737019876613,5.529536486247192,-3.058535691479259,-3.93256859483986,-24.50420428363201,-3.199009208348832
1892.6215038424198,-257.73097684362335,-781.4026647438485,-795.3437861266605,22.24231069538211,0.0,-291.3476783414462,17.2803759680744,-10.46904142287591,1.0317597019252744,0.009528332161678053,-2.1361859401789736,1.7793863234776648,-1.2377187422138647,1.103273279012944,-0.4845588681598425,-0.38257756003573684,1.1228408919795474,4.071324277907621,2.895279762004722,45.52480685286634,5.675991443645791,-0.042149844365886646,42.47821815625836,-47.91074672761196
-1318.190712316559,475.4982591630775,-1889.2919083837419,-423.05741305176423,-0.791539500239259,0.0,-310.81554418248186,-7.313867657543368,0.46098764370134193,0.09080821940108036,-0.9091460845572373,1.801430913009895,1.0915146808264968,-0.08591245646885168,4.543182021021152,-0.05076283345207129,17.67830471013785,-2.4118538994756267,-10.003285193827324,8.588365503709115,-7.5050632256751175,1.0939092839006463,-0.4054715298576277,1.355138501091834,-3.474431515994033
-544.0586699346944,720.8909934895437,-1621.1274790839018,427.7750667382127,17.447659909151653,0.0,-301.6939496071632,5.498220740046071,2.297566190793697,0.13497342965025982,-3.7734330279121013,5.429459870274807,0.4943923239634908,2.6926492046469295,1.2784758168250634,-6.102879605828314,-1.0242197101845514,2.9498000320400295,-0.5164936171536434,5.940325976027155,33.109377097724526,3.1645454170183442,3.5610310465316575,14.536900500744196,0.24638408404982778
434.2655883510733,-244.81880647903833,363.5913108545027,-434.0213889511657,27.273921089195014,0.0,-318.4203665643825,0.6452285308971976,0.9388574154833657,1.7092724684550757,0.6015076337334537,1.6759538376873595,1.9938023941564331,-0.013790962024867109,0.009448530899492366,32.57011996602059,-2.6537054183704747,-0.8576707638113333,-12.060410932459837,2.188327527630195,-1.548097146561344,2.8893078408136073,-0.06719853465886726,6.179886833376417,5.792622006681455
-2010.9851233434395,136.665622599499,-1928.5403701665718,471.2241627137205,3.6222449925319244,0.0,-295.2942626473522,3.130619836990576,4.758295516428518,0.2658038126984803,-1.0787404338711215,1.7430294862449116,0.19478340095209118,26.950401298576015,2.0764814166448184,1.764410867099963,-0.7322097809383606,1.0136131632558596,-4.431234320840437,-0.7479408558188975,-3.921568471436893,0.48939133099563814,-0.7120766196150153,4.140027653506157,-1.0542997665929483
1477.0549830485575,336.2215768221748,-1629.7701716943986,944.9537774727545,1.0330085638387592,0.0,-271.84691056532046,-41.37008352795642,-5.43330426813635,-0.5678057167597674,-1.5754057329480735,10.611035917121571,5.492035152556977,4.306170757243341,0.7717563253205539,0.3224842184640485,-3.296312405490123,-4.623820615349263,1.9254850107701331,-40.81012384831202,-7.67930644905927,3.988506357693972,-0.2536703910127782,5.485610348542957,-6.32737305812348
1004.4982256633666,140.01303221162638,-343.38335840708675,-0.24913429897198772,-12.908683042347972,0.0,-279.36696018130175,0.2300071539128858,0.31748546184536053,-0.3242162980448377,-0.5510952693270006,-17.90520404187621,-0.6515435610663711,0.09978614536338747,2.8828808634850933,0.04086366142719686,-4.473439323278869,-1.3757529320568578,2.29121244968735,9.491259438917824,-3.3860862139528587,1.8028605385721954,-5.280105849605782,-9.374159648160157,-2.0322290599351684
-844.1627388682148,-92.45236454871078,-1691.8440637401372,869.5610468447187,26.173125259849822,0.0,2398.508609852054,53.49887850990901,0.8779690736427175,0.7158826122187053,2.0901872460958986,-71.8416531401578,-3.702132373224505,9.118736710110984,0.20458996782193753,0.2535136348982566,2.0641451713822736,-0.3874626884297858,-21.594320144880683,4.764275835322374,-1.2360838250923907,-3.2699172510013406,-0.20725181252793098,-5.288705605191732,28.267250965361306
1980.395865938892,-1302.8966239384472,-345.2924563536843,-908.7932451488374,-10.32045551542101,0.0,-284.07937989174144,1.1362271996500812,0.44842163547138614,1.509035364138796,-0.16621886140735145,1.2965597683249201,0.4850523604542407,17.326095465725526,5.6430743070205995,-2.0324687612561547,-0.47561920649102635,0.45643200885751706,1.474501493876784,11.09870624399456,-7.225034082157836,-12.61813785669557,-2.6523007376268195,-1.9760858457689912,-5.125363138815564
1760.1432011869463,-52.22215947800994,2527.00518417767,-877.7566126677194,19.213928532771938,0.0,2508.834960407569,6.886037828973644,0.4528248250363811,-3.328498880472987,2.3278837522164895,2.8105602842103687,0.7082524901099096,-26.97616537170813,1.6483218587940656,-1.4343411864219375,1.5347303018679093,21.511737060410415,2.82421933864788,12.41669899913726,6.1108937493203825,-2.2802049468555308,3.207106795613676,5.952139282251923,-15.764802203837597
1328.6999087681988,-742.3459862605697,-1252.9534117942244,-54.70086765088761,-2.9140543917629165,0.0,-300.80488355947045,3.5022109934979544,0.65595549545531,1.3473306287651925,1.0716297811315976,6.167485711211884,2.5460781630437355,0.06034404048723755,6.858040192665219,2.5628235042203396,20.81148345527967,-0.4081730329593098,1.210295497902841,-3.3233924144374267,-2.8477910123720647,-11.1446769488754,-1.4650353672069292,0.5980875317521369,-1.896035577907213
-1206.7390190444105,609.3182418432185,-2350.6013759626653,-442.7051684398073,18.06250738176439,0.0,-306.9004836458479,7.469304916522392,-2.2924020781886205,0.6189245112934544,-0.6252387122515815,-0.4935251432539654,-0.8882248133820312,0.9527061446846355,7.394826634418266,-1.2265844076577361,-1.0499095404933507,9.55479213126914,-9.01860024397022,2.183189433739129,-3.516889466799452,0.6482121813632564,11.764878606338076,9.288212034059772,-11.734901862129542
-1117.9890691396313,-374.65835601188036,-317.0831525098842,-412.9573081357803,-11.54953448069231,0.0,-326.3631585209832,2.4066968674673452,0.8469401270965367,1.8228716792232942,2.2322619514648117,1.785095590350815,1.5976247089502487,-1.4293733630434367,-0.2698635867103384,-0.940712172771564,10.708119048454932,-1.9722596128188212,3.1657233310917867,1.200809835966805,13.287496037699201,5.336479717360392,-3.9730245464258727,-2.2579827659814296,-0.5494813505225206
-316.47730108449787,624.7847141377812,-1570.5937553170936,-465.5376939738697,-3.420856289895628,0.0,-310.33695732343136,6.40316285853615,0.2410977983289089,0.40788206644204317,6.366181596990325,1.4627131415364152,1.3470757013724612,0.8699099745501404,3.015450862183899,-0.06986388978488159,-0.5795979568260864,-2.2012467857956732,-9.488194459590783,4.775461330841871,-10.546720381207937,5.637745608582013,-0.1310712355251877,4.767218136972646,-2.734544656578505
-1337.407016779155,-963.6022093493019,3826.3438491196803,-104.42082502099568,-9.647322456980786,0.0,-304.7919171682621,2.577782280965759,-0.27037913443687456,8.79452312247806,-12.119383558144168,2.2196811950134774,-0.017125995795694404,0.26662218942926647,-2.2732150254274797,1.3790540305801866,2.138377932462907,3.7596101025375495,-8.977244084444042,-3.9556405284087193,-30.20356732745721,6.076328028924244,-12.926777674131941,11.649468513674051,7.146838854539033
1748.1402610275297,-202.03930795207754,-1162.897151533537,-498.54954006006176,-7.573672786471627,0.0,-304.50645229284186,5.301701152862975,0.9602706708000343,1.089850309819267,0.5114516894128311,-0.4498836799112522,2.2129232055532673,-0.22244987019644133,-22.556417860313136,-1.42597920753127,-0.5631453495947002,7.685144831189808,1.8857191856135125,3.5092791154133973,-0.07800552143441192,4.589174811678374,22.022161993843056,-1.104686564124975,-11.884582178848078
1389.171834865802,116.5535080206084,-361.12305405329,-462.43653620320663,5.851868843409485,0.0,-278.55280396511574,-4.476296449650216,3.2241873284637035,-1.6461549546338161,-1.0791033733316133,2.39565541389404,-1.6925188290118225,-10.125538469576258,-0.2931126719088989,-2.7317789229384637,-3.3797087414915894,0.3751396123320833,2.8639996347545535,1.8299171341980363,1.2246893985893401,-0.9351561184372025,4.430426006522859,-2.2399099314584636,24.925312577817824
1392.5614532190903,-80.7673686943382,-1920.556622092521,-469.96578496089836,31.580820182217465,0.0,-282.6372172676009,-7.742044222580707,1.0528880678213233,0.8911057662353165,-0.04292248988114886,1.8000262197084134,3.2375546665098223,4.888052519074984,-9.045678798121038,-4.108297033490506,-0.8467078699924584,4.863966104845157,6.7563598823397815,0.0955420048978281,-2.0562851924146126,2.602514127589481,0.22721854703452224,22.033002812707046,10.157878854755808
-1352.3517842055933,504.3767026517621,1060.441438639916,-417.0494759794669,2.2860082476992982,0.0,-291.95405304628264,-5.117366044139401,-0.0012301422040710307,-0.16901819045160482,10.169988086202162,1.2290056173812614,0.32163071673873034,-1.9039143081245478,4.12240492669979,0.46122143397168586,-2.392418516327088,11.61099062861267,2.0139310585276755,8.754172063575744,-13.221354906127356,8.067499846257867,-3.1452284627045266,-2.605726904666421,-6.173266616352828
-2018.507006910378,-720.0819771371781,-2084.9663055076153,-483.2213323237585,4.8485930145128675,0.0,-310.6478578123489,-1.6760399654801728,5.177668239118757,1.4953460674258947,0.22643129936596942,1.2964647596404608,1.6870298364209246,11.05728024903119,0.9463864129673162,6.382133944290129,-4.321520938378442,-14.329394422056048,-4.3345185502938515,-5.713024066049751,-1.6905823962825004,-7.464211735044948,6.3781875039759015,-2.072505755339069,4.889299611993704
-1347.3157439191568,-404.4059742524134,-1885.0730279864142,-21.58766939653055,-30.178192329012518,0.0,-304.43846726219743,-5.25630302900486,0.7393086629076535,1.0291082744425648,3.452086121609396,0.8261830969874983,1.5943361139316001,0.5044832687763009,1.1123910380598587,-0.017842132096862515,-1.1216595108402518,2.26233176021399,3.891503804349857,-30.444434068576264,1.052889910847526,6.5315667735360154,-4.653078497576758,-1.3810989749525986,4.890104502877726
-1415.0973573562533,-190.4412876521546,215.4482470306155,-84.15630801261422,10.349559586981536,0.0,-326.55152218925065,3.1166621225110487,0.9922085005253047,1.1101541331549956,0.3395631720578687,-1.5007036765735078,-18.492841561947216,1.5807101142967808,-0.667624593975098,0.3144622271377574,-1.110457677535408,-2.262194775455398,2.0815781466639067,5.287453170959195,-4.485362701608302,2.893572974098865,-3.8010438225669088,5.2460477749315775,-1.2945348252689868
-271.3607241820597,26.905319984967885,2562.4380608337488,-938.5997007104589,-15.891943779236046,0.0,-284.3939545772356,-6.98190669001004,-2.066890501467433,2.4369594059983113,-2.585049230310365,-17.063784630517237,-0.22822991144725954,-0.7812588245179477,1.9577963663286386,-1.514988385922765,-1.9645560977503926,-3.178918713969717,-14.298914894517802,9.190629232072485,-3.583064855796688,-12.450315909279707,-1.276765241547096,-2.204541463648451,16.46001353403397
-1410.7458412650064,-838.5279582250245,277.15412564997285,-465.1444801146786,-9.669624556434872,0.0,-320.17436557179997,-2.6569348338969903,0.5728629107225505,2.1661210074000765,0.5102870392193259,2.10345683946441,20.48001686505887,-2.1767220813100026,-1.985256157773705,0.24881481422758814,-0.8446691861718072,-2.0022232250747174,2.57205953011907,-2.598936883100139,-2.033594999931925,-1.9927742471729664,-3.273493335331685,7.243681688988042,-6.491183859696986
1132.0053288098452,158.70034554613946,-690.6303860113368,-928.4954627671214,-0.9498126603470916,0.0,-289.54347244854404,-5.089900446659527,3.2530435015630936,-0.013172816060930383,4.15548485295974,0.4370058296574052,1.7848750576807177,-0.5903611240468254,3.998171254802393,10.048283240338456,-1.078092196628505,-7.115288366639726,-0.701686755655124,8.673594447386757,-6.4505914756812155,47.81253641259982,-4.880876725379509,0.07835282639695633,-3.0062040826384315
499.1192697496941,-334.2926490947619,999.9566341461216,787.2138004237768,1.5432957126582463,0.0,-310.8995727796365,-19.938008415315736,0.870437740075772,1.1770207689616499,1.1801031156291308,-38.69292017441466,0.924538202111133,-5.505543114083467,-0.8606438819193228,-0.04426098572840969,-4.336676171083363,-4.730611252396719,2.9810569137587746,-1.3495129433303998,31.806690405766865,0.6511671543182366,-0.657016207654564,-5.875704447855892,-4.966117475022651
-1954.5093512524827,73.36401070878478,2572.704326929851,-454.2327064301312,9.570953298161186,0.0,-292.2341934101995,-3.145583445912975,-66.0379034428651,4.383658802824875,0.3268489974699757,1.0348101687760654,2.1801333228390525,-3.339948027294433,4.458099293691498,3.949213408069818,-0.6542420877948225,2.6140405576499526,2.0155107841095967,1.3370035770132156,-1.4937424871410439,-16.43205939141287,-1.654147874057292,1.4370476502877065,-1.2792836798917513
-854.5834464638409,-151.7370922412737,2452.178924546756,433.50416200516133,-0.8044058888239247,0.0,-294.81730580303116,13.296096695646751,0.8077940719512796,1.0452601406538216,0.4673622444909774,3.256402204629849,0.7721389318473857,-0.995332941328287,-3.6180771634703497,2.9397635474292634,1.3108076284030121,-2.5924791135149965,1.796209040746962,6.113212448342448,17.485197477364924,5.247634930623961,-4.708297143813576,0.313415013438609,-2.4349888897015277
-2087.6457278641765,1078.4351942519813,-844.4451960155436,-1005.2571433615079,11.429478892539242,0.0,-313.6915405345343,-7.263392033757417,4.728116291373999,0.37031129133152235,-0.31291262561997946,1.4968960573611778,-4.064609974568827,0.39336391060298154,3.1666191645130803,3.367257412061515,-0.7572258807653508,-6.917950022240337,2.171310028335341,15.950097120565138,-8.704057831779195,7.235659472626353,-4.640778618673238,-8.869596911415554,-2.1294692493373577
1919.3484506891025,-1042.2153565125507,371.0269174822458,1137.2498695082732,12.189782733600781,0.0,-277.18419829412085,-33.97247896303669,0.6478307856228334,6.153915312626886,2.9002665083357906,6.8048535875745095,0.37697114789523956,-5.191596008687678,-10.289095454297437,0.286513736909659,-0.9509011387486551,-10.289360498992503,2.528857376791705,-7.639109807060238,-2.601283678215247,4.890927244011357,-2.466676910636483,2.117762239894923,-11.579645267124052
1717.9343456543477,992.113707084311,-1281.102689964202,-40.22270261899868,-8.343538003972373,0.0,-306.725842828651,-7.967496719169159,-0.042574361099909364,21.635375619658994,-1.2564696658401115,1.8354431854518858,-0.31438013685903127,-1.2029601611973864,6.084312677950465,10.908680766937355,-2.137985270193967,-2.1950802657071202,1.59647992023434,11.75569263699528,-9.658543677479347,-4.04946570038636,-4.814385902555823,-25.28442682073028,-0.8668607627109407
-1656.1764604802795,453.645064278232,-386.60692029729086,490.83492174669664,6.805016628730968,0.0,-309.43984820204895,16.521976174966206,4.809675869627125,0.4358671741170241,-2.8455877246076215,-23.951599552759,0.8085065471001744,3.426876216653687,2.6994847431470794,0.4941362851601808,-4.680581290100834,-16.56252902294031,4.638641773057199,-29.741689732229,-6.982419159648552,8.931530275450527,-0.8648577748902104,-10.754065034707173,37.277987045553786
227.21676635918885,-406.753619200396,-2233.936953372046,511.2903111207632,3.941238921675956,0.0,-311.45587705156834,5.933880357155849,0.5356363656571447,1.4430749368886187,0.31946878778685095,4.252556631690948,1.8956134435306045,-0.42361593588330704,-0.144790347297246,0.887689696281724,-2.3441891920330087,5.726135273501671,4.220770017266154,20.535716509145658,-3.751748666512966,4.422694756722451,-2.8464497290308506,-1.7760897332221448,1.1497512694074576
270.7562023698735,-1175.6339093086372,-2310.9577568524555,-129.79223823230427,-47.12120113643204,0.0,-278.7466533896804,4.328815198957634,0.34942327611650864,0.985951004857634,-2.4203611151447597,1.898118248095794,-0.7642295916014203,0.08138830811012626,-0.7670244963349818,3.475595214557312,-3.97261043564709,-3.0701748762043635,1.3337199995296078,-5.875786941221088,-4.265833221835646,6.299106245703413,-8.248344642832816,5.729414957635908,50.23015242650637
620.612424461772,456.1370662735962,-773.1732800406554,27.461391597228218,-2.320059034506964,0.0,-296.2105515563797,3.8631783655163323,0.5006456835206863,0.09156650987683837,-1.1887950356798311,1.303213256180117,11.804042645361996,-0.8681869062572295,-0.04893075295012147,0.8388450835999026,-2.7694764354012746,-0.8688110675365782,1.336055695050448,7.92429541958186,-6.901634894027098,10.898563506697286,19.775977153570285,4.364508457367335,-4.494452201133389
1727.0107461618375,634.7926206820067,-2232.0507015061203,975.2247301034229,8.229043346169323,0.0,-269.7773377571283,-20.926486956010844,0.338926001187266,0.09166756229903536,11.313799919616265,12.128146160717435,0.045494888384642454,3.0501787143704506,4.167276260213401,5.251920794483265,-0.5488708642402944,7.829357876906952,5.424528909302041,-0.3754525689568053,-5.683521258493698,6.869253670838341,21.89574273316192,-24.473280708622312,-3.5349858576052675
568.0836235315496,-184.4642470569162,-1806.6057979887594,982.4703975537038,13.100575015943404,0.0,-294.08077143071574,-32.807322088700936,1.3515696307001837,-98.26337224331803,6.091969664590219,9.269330079394948,1.7063833338711774,-1.1613505661683532,0.9137517604498264,0.35561946252351184,-1.0156523275113745,3.6598083660472818,4.2300638694870685,-7.485109212033205,-2.1639441087072284,-89.36274006612653,2.9124064869355015,-0.4760254054939933,-2.4078465398471627
-1573.1756160916887,634.7678691063419,-789.9723955331863,-36.027644845942945,10.387732648648763,0.0,-314.8489157002973,-20.217471192275195,1.1245422751519918,0.6312208283250289,-3.118573989797819,1.7363733372794283,0.36943471137988115,0.7451778068655946,8.379410012350094,0.9160175521088968,-4.880852350711042,-17.623535368324845,2.056438740542155,-71.25203565530846,-6.480979260280309,-3.6511105555534056,-1.5239022023424402,-14.986065581259526,-0.5010645833277954
-428.2686459228461,-1125.7395934703704,1096.8454817153304,457.1816794608881,-3.5331168382158324,0.0,-281.0568867571125,3.895337494534985,0.7443448405289882,7.116899804339151,-25.46129674741157,2.674438713801202,1.8066426992948665,0.1167469372968625,-2.674849751878822,1.7494857173660046,-1.1718069651619734,-19.324327780006936,0.7471353093248219,-11.505325434111418,2.8445575726436387,-25.69174975847495,-0.393664186379108,-32.20596831639189,29.270272177996066
251.6616450590185,-181.51711114119357,-1817.8995891598693,-938.1385038691178,-10.956651571891284,0.0,-299.5056460278756,1.4716718911978706,-3.7536478872562817,2.130861801527685,0.46962149100999423,1.5880791026517882,1.9826652191453242,0.9236853200659721,2.910860903546691,-0.8315750065826719,-0.7308704992193733,2.4589040796117057,8.449408172972968,-14.791350482937293,-6.0824651631127615,0.9593734997523566,-1.3428102615945474,-2.663071819143052,4.148851380231014
1671.271590627215,-304.9975378542522,1206.8788888766285,-25.70250917456265,23.71221393595426,0.0,2752.9133899671356,2.215308350768688,0.6618817236363883,-4.088098450148078,2.0884190242332608,-101.54621670573971,0.6680947078237939,1.0962148187766745,-0.2890952760273469,-1.6028593097905635,-2.6361384636427863,2.8324255036186576,2.3804603648347977,3.002882229970622,-1.7142539100364074,2.7854737870410293,-15.695103281766391,-9.48546989566723,-7.018425012820063
1423.9069895580622,540.5743039041075,-1539.7024235881454,-2.317948757400037,-14.344776102051668,0.0,2611.425114854828,5.987204497710432,0.40388881068807425,-2.221590707452923,3.418214241486728,8.603049198597112,-5.774040777750327,2.5283027806697382,2.4530961067248205,-2.011640206077874,25.294918004819507,4.9515410087319705,6.635879054202393,2.8439269213988743,-3.1569398124192594,0.3945131108695071,-18.573209773351756,-1.9480086171504358,-2.859962158329364
1542.7222817191089,587.2179080289616,-2137.7103416076557,861.4705436583941,16.838562421716873,0.0,-271.97828854891446,-10.074676852574157,1.2630474851127471,-1.0954461816919878,-1.522724245564446,5.550759366109522,-1.194839168748651,-69.33064581655398,6.051505045081058,2.320765637082002,-1.7746558698170234,-4.709517588425817,5.430053084267617,-0.5922048814578224,29.386656710983452,-3.928506215560793,9.617625336225343,-14.549734876090612,0.03850390984169387
938.3380522394069,-1288.2602558523013,3985.6395945101167,-907.8556095147574,48.02887057961562,0.0,-256.81847139987394,-9.286327495270546,0.12789083903139764,3.6300839143881767,3.59815628771737,-18.63258725668555,-2.001522878493438,0.8843894845317825,1.4594005163708723,-2.121192843437513,1.4492152310458055,-18.320880147546216,-3.4834537611086343,-4.307147547050459,-5.902286079711764,59.65568447020283,-4.011750189009666,0.925870707471398,-13.954634700046764
1045.6412919492775,928.2298515254146,4002.219910282356,19.00407689827981,-21.10340966950192,0.0,-262.0297651018544,-6.944980596149929,-5.667149900773788,4.017123093801806,-20.735301168614537,-9.941879383310534,0.2005518702460755,12.081498855548844,1.1653169114855952,3.924418833953654,-1.494039069863867,2.7959013204980163,-2.7065482955040476,-7.155183420208874,-7.470058031438271,3.3481055156095203,-0.19615607106836605,32.068405805857815,-2.913860216693754
468.397964279425,460.31618754972686,-1209.2806385586741,984.856627923114,-6.487953370436637,0.0,2711.0392421526312,71.42596036756018,0.5089682303467491,0.3579293804334144,-1.2104227416821933,5.712971430729151,-7.512613110866758,7.764569304767041,-7.076512587668163,1.5161271264008516,-6.549784871071049,-11.24005730210828,9.099056838659912,-20.60758724541842,-3.7444191386909673,8.216322395582466,-3.8719414460021797,-0.5421769399479471,-10.273440495113524
-1776.1074274269115,222.60284934864086,3863.983000838044,-125.991082023142,0.7102702624232533,0.0,2473.7670237447196,-1.9710032411016176,-0.2622001240097137,13.43278418889861,-20.10387759239024,8.638198346729423,-3.802164894110162,8.842778701116249,-35.73293530466079,1.4142320868749487,-2.6922122919832634,-23.97697063594967,-7.184323074053652,-4.966311294059774,-7.814140121084854,5.7599665689943365,-3.5536355180397368,69.6360610702585,-5.018622396871668
1017.4567821008449,526.4207468906659,4064.4970150743457,464.5402012280037,26.453648830339407,0.0,-278.46396170055453,8.526951983766146,-4.292801438207624,9.022304795979823,-21.360137563857794,2.860219499012906,2.712749844886908,12.275468612938726,2.3570536965603717,6.606319120541251,-1.3597550163311711,33.860731741403264,3.7554586340568377,62.04051542163328,-5.605894065964593,10.535686808675633,4.159980870946197,65.91915962910565,-1.490889329297876
-1950.1379004439764,-538.8601711825603,-1817.7544384100522,-23.083069635092752,0.6896885811988189,0.0,-307.9085121066416,6.0062746348318425,6.089424833170594,1.0934512721328755,0.5438062205628634,2.812302779236224,2.0660877476205477,34.55150832997977,4.224357515448506,3.5373683422385787,-0.5764992681724144,9.308833917313843,-2.509010484744384,0.2804905675114985,9.326205357728,0.7671874680145205,-1.4704485697798988,-1.7114598251049005,1.2219100889142498
-480.5397139624446,654.7069474692049,1030.4759876836063,-996.2449051716644,-18.818366042764662,0.0,-301.5676198216386,19.414256532908546,0.05734886421442452,2.5439508220018343,-2.1002749969462213,0.9526282202767558,-1.878448603177454,-0.5643036058720979,5.550400317630536,1.175374568279071,-2.1502992759908786,-9.842478742261797,2.6460923503774936,-46.46152290339972,-23.660819962877103,-12.914323512611878,-0.11149134432925492,-4.562562182486644,-3.615523575160266
1045.1555112793092,482.4558701357289,-755.8399902540707,-1005.4378001018764,5.38675723870569,0.0,-297.0786788478966,-2.660157243039255,1.0416760138877799,0.020111967882732326,-0.6414903665918936,1.0612532821569363,-2.652127552388461,-1.7166176100713622,-23.801679666219446,-0.032173090813775965,-1.3701999334338388,-9.963401824864007,3.117567282939063,7.628630740483737,-16.8896482154768,-2.716372540882261,-3.8384624188457988,-9.21002290196451,16.65239218000165
-1134.6607772447078,-665.7171414127619,-388.57381083956005,475.93960421450214,11.654360676524414,0.0,-306.3070754563415,0.27129424565868737,-11.148318390280576,1.1600865404847394,1.6946032413361096,7.14402682198116,0.7774051227558748,1.0744545289399892,0.7937908062623458,0.815470120009989,-1.3282129990308884,4.011014882922132,3.047051732035663,-5.9912555169711625,6.206817835624806,0.9924667396990051,-1.8932819945268322,4.44336678187675,-0.6937004315142881
-1177.1290227194872,839.5843088243704,3866.37772119226,922.9193722087036,7.218476329821657,0.0,2518.607416582047,27.195828114362808,17.351014671356793,2.0764788481645926,-12.345629748359945,6.2182020989626325,-0.9817983700571374,24.296941509474422,-0.8129042100856569,5.46454055596718,1.5490877328220243,-32.57371194053477,7.961671360601548,-4.7856617375328465,0.5430584670948028,-1.6066416550888372,5.668453003494262,-3.9892219958956674,-19.640787023834932
-1351.7219475685004,-859.4118618991862,-815.7817004685611,-80.82092937532968,-4.258299252507096,0.0,-326.33255451703457,-1.7667630384635757,0.6347712078887581,9.838057020696422,2.5148241425696902,2.9209238897805427,0.09900666060437005,-0.39318041157699074,0.5866595172628164,-10.762618870053833,-0.8711711410704968,0.4626838861157419,0.7883739321108266,-7.299244686664145,-1.33480436246486,10.890364077825371,-1.2600335464427885,0.17512934565105126,-2.6157178625427675
-392.30221764529614,-260.27540989873864,-1087.7943792876836,-110.01749206880586,-29.17723485640068,0.0,2700.1342876234876,0.4489173301616898,0.4076891095097912,5.217538642686992,9.835541742384175,-0.1639171410468148,-1.4815721565501692,-47.67483803484827,4.361359531753259,-0.9288039695653678,-1.447782627749137,3.474482280425902,5.25435417895663,4.698478796535245,1.527019744946979,-11.812701272878936,-4.923838145560648,-0.4150173037554819,-2.9728787457602195
-1925.503748714193,-665.821541979405,3978.732368651859,1062.6697394048842,-1.1783610439783812,0.0,-298.59629581341227,15.794987099465656,6.567443385347664,7.940630589715045,1.8676397194433876,6.284539633922838,25.765719694408787,1.1261533342120138,1.2746745137230822,2.012606456631897,2.226219351620243,0.9612852639560737,-11.103650704319142,-2.9344815996439575,4.502002051869486,4.64221238696808,63.07301849125366,-5.802620000988158,-18.399366078698495
1173.7893605972463,-144.92380731275225,2599.3013412336313,1037.6608831966635,3.3421037936122553,0.0,-266.5004507339676,-24.781979725356624,-0.11317118363622906,-0.566877507789965,2.3113626518918275,-28.724299885215043,1.107642322372498,-7.263811511900896,-0.39827273511334843,0.9400485656945029,1.1904561852793754,-15.121316168458465,4.106129648702106,3.057360219428805,-5.67692149172125,6.042495991226508,-0.7795653181364507,-4.580569277100552,-12.737308823098344
-1670.496681261518,868.1768128666572,354.9400214977233,-87.60263583310949,14.565696297448092,0.0,-310.06784378128157,6.13698775525021,1.1968452883620624,0.6784497732189753,-2.290279815315665,-0.3371835570068186,0.5339785001938998,3.6826622317793163,-34.3238748204095,0.9300753440963385,-1.6995189033053473,34.516341108559246,4.085384401540186,-16.549315526587876,-9.758961423942212,4.8405553267148935,-0.4096168228632448,36.36529827287567,11.022747588740332
-49.52356866352615,591.6286236026039,3993.9817863497974,-545.9136544781436,20.579729997096482,0.0,-245.75561563361873,-5.217439766243825,-7.240677076330929,8.689927984872892,185.5365593579938,1.4544829564817625,5.225464456695011,3.9188448510346743,1.8409640703062584,3.3469398241440023,-2.1664403899854476,36.97652515924845,6.091939280296681,-4.53455832232336,6.22762172819954,0.6878895486374651,1.7848024612699356,-7.244184291259358,-5.0609270015890395
1421.1985145370948,647.6520078102182,-1554.9491379982296,-466.6117110736317,-5.712822496662308,0.0,-285.19029568943375,0.8414525685029969,0.9507923981705849,-0.5496222452659899,-0.8372570313832151,1.7835859555627342,-2.2486386756997794,9.049281625120482,5.868618260676269,2.1416266022605113,-1.341103737062844,-0.86793441204071,2.0007178895594318,9.431860204190151,45.104023883982705,-0.2716753396596005,-0.34791131837980765,-12.680586037490528,2.169804849368216
1144.8495628891487,11.855557742708141,-698.701281799174,-20.952793833701985,21.598144655399736,0.0,-282.85480348907663,2.3844730307825337,0.7517394863250552,-0.1475717124606257,-0.24290923699518766,1.754725198571319,1.813768191062869,0.788539484851025,1.753475467408024,22.82483965317759,-2.3980242508168774,-0.9573646313450294,7.11041645531863,18.81136712254514,-4.906871109866449,-1.7012353021148132,-0.4748320211105297,6.153542031149625,6.772969483979031
-1537.025456431311,-358.03830848692803,-2101.6925793555683,-794.7212109914931,33.19129179024213,0.0,-297.96685125293254,3.553826381977634,0.9902912240135081,5.094432019778451,-5.089735625464257,1.2177741207011,-0.9949783518434745,2.9418805064638973,7.801985938041338,0.3042311829808393,-4.741580250608221,1.8093199289011488,9.970510707107955,-1.9786379562225143,-8.609083438187618,0.005779187119824808,-3.692164992726862,31.51883106657189,5.586021011661333
317.94217260864616,-614.5942410643275,-1810.9375106905354,-1000.8734560425991,31.58747268838695,0.0,-296.3938138777682,2.696830045566685,0.5470620091662819,1.3145841649043253,0.7145455629965516,2.2853735272432676,1.4766726176272174,0.19910453548827312,5.012245855615157,-3.8667500171561073,-0.6917487858659901,-9.969811850122044,7.916324234695256,-2.2979880180428647,-12.407582794274967,-10.749430297734234,-1.442865129802365,-2.8862227122036694,1.1419422732309428
968.2111518032837,857.9675766988063,2348.4130138446267,-1059.4395944627918,32.79526791336298,0.0,-289.5754491169738,-1.0086237101511102,-2.8827904432528033,0.8249610290304148,4.575647373814216,-0.2674336669425768,-1.8692144121000338,-1.9417349627611713,2.7721832337479424,1.0122166409682694,-1.013448447796026,-15.432916931702128,4.357800062505513,5.468652728482039,179.56904046482632,5.259219931002669,3.4699818914607174,51.158669068889886,-3.7577559954763102
644.8098008885357,237.03369771939907,1279.3640862561922,-433.9444237510731,-6.315337191541393,0.0,-294.02801710552524,1.27801295254955,0.8519352952079394,0.7795724264110873,-2.5044888454480385,0.8533454912779666,-0.4147833445128199,-0.6264186990262506,-1.0007397227103225,-0.7272480396995359,-3.1206740561229402,-2.246312919855002,2.5015514387217355,5.914364564237214,21.87028182570676,5.798475854692142,-3.9639979830485004,4.92860714258222,-2.84253520293356
569.9309952032373,53.20214020886194,397.2805889219018,-1044.7027836872194,-10.369985184676633,0.0,-313.5613971513515,11.752039227781966,0.8725182798388065,1.1063825383271737,-0.11784147827011437,0.03511992045130033,0.8251847696180009,-1.4951252174982539,-11.7723552087798,-0.8222149700531527,-1.3346213545658938,-21.376967699246787,3.6563023843165716,-37.37671970025393,-16.99325726788049,-9.743558170816083,-3.4330511024214765,17.946943878052966,-8.100495961506631
-1141.7310387364457,-476.2100755006315,-1210.559169218419,-69.97268570124446,13.342011527931213,0.0,-333.9050400761886,5.387341525647493,0.9093839160766973,1.0824165941019992,0.15864063877810836,2.072051174305166,1.8585154555566004,1.0734952404415574,-0.25578498603161703,-0.11351071388335945,9.90773964559973,-2.786884395710133,2.0083899698351133,-7.474028969711713,-2.019910892468807,4.559634359740521,-1.5474896357541204,-5.321258002911005,-1.0270211495425838
800.0326449114075,-456.78946303570655,-835.8417591688471,-1059.5273597229427,-6.8312222602092705,0.0,-331.62087248177625,-7.761456647820462,3.470838481417728,1.4310569302636258,-1.8964495976439022,1.987073893951927,1.59768777028577,-0.23229615831466258,0.8451726277743262,-2.730690848645551,-1.0053751682231626,-5.358233491285188,3.3291661605053497,-17.599961438827535,-8.273518499124322,3.374086198157893,-1.069895525338005,2.1292298538706422,15.491033821122702
1966.4286768843103,661.4788522545393,-1588.6276352453017,-853.0652606960867,-7.813681852484479,0.0,-281.0780568995398,8.182398277793531,-0.08139045873790277,-0.01695320310257372,-0.6197426061424077,-0.2222377592009545,21.299598468435043,-4.593789203771017,4.179480519388103,8.225490684435142,-0.8093543426592505,6.168130457342045,4.573089616274819,12.138682688979952,-15.117418068353318,-1.3686279604023022,-5.243609925590181,-8.142772887873754,2.5075069374704433
1964.6449302249277,-330.69385377913125,1100.5046867076298,-76.65783734065512,28.359793381357235,0.0,-292.037349373045,0.22352461104900734,0.8243750800998094,-1.9476846730663346,-0.37513544468912197,2.137566643449696,1.4805956634799398,-1.8282744625685599,3.136324056706662,2.0022290047905806,-1.421984233490323,0.4745133831014979,13.888761976963755,-13.922034042969313,-2.987043978777273,8.638797721092669,-3.053819251564631,0.8946099800360945,17.733114605758214
528.9265974855982,559.1394867560022,-355.51515784268463,-524.0257562028272,-4.80143182478401,0.0,-329.4032329849216,-3.5484004416815353,0.1490469514171268,-0.22642220791745335,-1.096723118802117,1.3700727488664284,-2.5268610462459664,18.680002813914143,1.5232493475306808,0.6219855102148945,-4.484177963470383,2.79655154279416,2.000011752801134,7.99086826897642,-7.960684074466881,3.064904882198074,-0.25586197385830245,-2.379662393315656,-8.435966449561855
1857.286892586278,-364.2803878629416,2541.0631100350297,-467.5622408617402,2.5567149517849193,0.0,-290.53180590594695,5.358279401505893,0.3565588946572993,-5.1688670399751,-0.06367047398082805,2.3440385615622508,1.4683329943829881,-4.436036021107417,0.386536892971042,-2.067221056566741,2.2603899631837163,-7.035881682266046,-18.918571937025245,4.328435266389562,-3.316741005182562,6.206768268897379,-3.0242555587848794,5.859652046625017,3.642304967542662
1122.987685853091,-577.2460972662656,-1827.817818349604,551.2005556244372,-1.7561812340853233,0.0,2749.292550412354,4.957311689311786,0.3074116621190261,0.26114896865230386,9.461954374186774,11.332423746522242,-0.9705735628099729,2.2830937974408045,5.26110659674598,2.9068088161341463,10.558216515446654,15.655783896028785,5.310164537780561,7.029266919619774,-2.163234854690181,1.4867782942649208,-1.4337684537501663,-0.011417230002160179,-5.9614004777021785
589.4257557574346,-634.2577055476943,-2096.0160460364027,-510.56860728188695,33.3351331311086,0.0,-291.66356645818297,4.0481532825565045,0.4818893196676757,1.1408358393255156,0.7459276132402476,-1.477540453284296,-0.04244637691868296,5.6712531041881915,1.0854002366502502,1.1398627467395135,-4.38787716422718,-3.4005975908687627,7.156388933059671,-1.103556771713852,-6.502303775804876,-4.8705283841468505,3.220583404008009,19.94155775817576,13.240856608188261
-1719.395351762147,594.9596249530695,3711.1834498781755,-85.2210543959848,-6.139618579298502,0.0,-263.86106917662585,-14.418155320855181,-6.010070004080603,-145.1101072054253,-31.689177992882477,0.656636024551177,0.18858572145014324,4.418223403081379,4.778662469023579,2.5214057653446096,-1.365316111396872,26.75007884422214,1.655977059306859,-2.209361606852117,-11.342265268068788,3.788061501925157,-2.201296456236395,27.789546058515658,-3.00354824105194
-997.576448163985,-289.56895173147205,287.206189254395,-122.70639669152692,-2.181329005694079,0.0,-304.5935908201084,-2.4190974471451776,0.6457413314190777,-13.11788701245114,2.8258937770407826,1.2975399421067628,1.6236236704714317,-0.23642570464825682,0.4355065818361051,0.6190676726316011,-1.2071393491335467,-1.6631887980821127,1.7588331606547825,4.264557512095881,20.522937106665015,14.821614849636159,-5.100813249559227,-2.327745666563881,-1.6804863896603297
-1791.1919208030367,-505.6103984638775,3897.657348082002,-57.78409801666991,3.3379367807225044,0.0,-267.75654486713984,-1.843835774714932,0.5044318318192685,9.332079971859324,-3.365065942445994,7.502746166021357,1.1004479741247497,6.88406744593298,6.320000144093466,1.33972686231174,-0.03713903119765307,15.143976589398292,-6.793644262937189,1.1100574603103965,-6.228995138102439,4.15020422249061,-7.786572944388345,3.0958273367303883,-0.6852432329256821
-1524.62246995747,-539.4031668831794,-767.4707678830478,-867.9350743131683,-1.7784833992348048,0.0,-328.87684863472816,-0.6834683877561697,2.92581335846772,6.519131441984856,1.1199913649554512,1.4818038321422224,-0.3605740850112419,27.63926199400569,5.746254257505986,-1.9751888772578279,-0.5272648245986538,-3.6176295468383213,3.1955760621209133,0.06869367048005223,-6.248821401090597,28.93697452060558,-1.855573284591202,-1.1934861261249585,0.5985995527048673
-733.0330355616209,-5.220354880408879,-716.6057112406955,407.6283380976524,9.782107299204023,0.0,-299.8077495532214,3.151697700792273,1.0858285957236378,3.882207584708341,6.997108453751584,2.6495145515925356,4.653335206831192,1.2958469106537,5.326431085758409,0.14957268584765815,-1.1595812927127938,0.8107972777020762,3.807810614084825,10.799378192517006,0.086018983964185,14.79639412378737,0.7060372601062486,0.6372390353400774,-2.0993311539510815
968.9425250923957,-1367.6093844751056,-407.0102613387793,-1001.810897496436,-20.713266097545038,0.0,-293.5410098850684,-3.642368313210851,0.39045851283059874,0.4088435443589458,0.23571834197908195,1.8955843235264105,-0.46766416152520895,-0.9972392581420131,0.03259835643557364,5.427521654878974,-0.8917034940098678,-6.340150575877885,1.2571272949720924,-4.332022250559165,-19.688596527470178,-15.479101255339044,5.441433769753763,-0.8925911955441302,-21.695550412767965
-41.93624815312997,-658.0510184525781,-2143.9453557745355,1018.8872431020122,3.6432090230530005,0.0,-290.0681551424437,-38.54461095186216,0.36395649027406946,1.631512563760795,0.5205422445534916,-76.75993746056942,1.2303225911027054,-5.177412818647614,1.4129928056457846,2.9961320461483467,-4.762307992738869,-2.6968223110262275,-8.942026094576491,-9.687213058635932,-1.163909513071628,-3.988369311696774,-4.668726933576753,-5.046401129099135,-2.4312287311864846
1350.974440485231,351.38363244754277,-814.4237762867892,-430.0445530837207,-0.41542429060636493,0.0,2612.2436110371623,1.9122438054275914,0.686246403120766,-0.3970550626772863,2.1789229377153965,4.670944658194579,-6.105160976033653,5.912259771668905,3.455824914627123,-2.7180682281550466,-1.5519705469189962,-2.165238294485366,5.156179942659549,6.903415114291816,-5.737985216065679,0.32972716279736697,-12.753792372453995,6.380631434365157,-3.514311752269895
-453.77995819722634,-639.7691689239966,1094.261938043385,461.8837804187354,8.696182516029989,0.0,-289.56846749862024,2.364216823172887,0.6137246013861127,2.945813710421857,2.807703601371295,-41.82043685081029,0.5604112145324495,-0.4209967229593125,3.0062162016408935,0.8500304126398439,-2.7678971947133104,-4.4859554587615404,1.3275290726307152,-7.669499814249605,10.387906116380094,-0.548192201944335,-1.213663882220427,5.43890290198363,-3.8831024036271176
-328.13687054725324,933.6067518947468,-1602.8931958773976,498.8151633235333,-2.6208499042757007,0.0,-322.3852163225145,-4.722052361529965,-0.16141769063759503,-4.161728723789453,-2.214951917890154,2.5932541229750212,-2.446046479192899,-3.047832860196848,2.3115917491408453,1.5480828320247246,-2.229768105740046,-2.3762267636670384,1.7493150224434957,14.094915433736233,-8.902880902215784,-0.9893740827977443,0.5505181741313392,-2.0625957758025306,-2.8515610652484877
1144.0812259617378,-533.7419684879408,-807.4267918057938,-468.144042129365,20.748105745580343,0.0,-304.7246635539702,-0.34831595365287427,0.5531595711943669,0.932887809861265,0.4982141709618949,2.6841171932801307,-17.888954530671604,-0.6959001071434576,6.654251158052372,-6.1397986409323115,-1.219990806031357,1.21330264193391,-16.73451680119226,0.3176697167558831,-3.307804439582996,1.5740533060695927,-0.9880532243165557,0.49401371985096704,-2.347239095836639
630.3680272403784,7.768690540813688,-812.137568790191,537.3371251805927,8.656118198399644,0.0,2644.4163391821867,5.19330277033425,0.3740452017810113,-1.0235725849018569,-46.93944565628009,3.552856364412066,-9.811223945618297,9.692192369073872,-0.889015737641574,1.3246933705636406,-3.811420339857679,-5.290905867526127,2.813209008323662,3.7586937675066667,-3.7623538841071733,7.395711953536574,4.415263516902515,2.8136642581003115,-13.55298797014502
196.89800272964598,591.8509889539031,-1876.1910729937247,-541.465543077452,-22.451527596581865,0.0,-307.3830295347415,-0.41269905549945984,0.33089023326058936,1.1402359880127013,-0.3132402753484492,-14.669516373400295,-0.6943915776965017,1.5345887015088922,1.7015009730972632,0.8510452435730808,-3.2179032268404746,4.927150939085367,2.524774902227695,-34.91151188979341,-7.36254296823045,-1.2130909544633521,0.4770133991825767,18.504683366619105,5.892656814941709
157.24004629211157,-859.5790898761047,-759.8044819121538,-974.4500638229166,-8.710787042062195,0.0,-317.75018022537836,1.7878916585012863,0.9027677831780893,-23.755551106563136,0.27992112140734976,2.8510659327939343,-0.2536867680995506,-1.2202774697267207,3.214998251176995,-2.8111049865012783,-0.7939787501410048,-8.975426581002173,-17.282440876145973,-3.4437148554038273,-6.407567045070105,0.7412538738196085,-3.2522478335018112,-0.9659462780036827,23.687498796681105
1892.1827329805342,-177.7534330170171,1061.8863386336902,501.2841162645073,-14.082956711806444,0.0,-290.31586703653977,7.889924612137681,0.8159290795072383,-2.120954075192056,0.04511659123801045,-0.6333441692576206,0.6580709794699457,0.6422625195528553,-1.7200419449206572,-0.4849042676503569,-1.0755691760230424,-19.25557289821283,1.6657141047962112,6.135200749143268,-4.075128521311535,-0.20425145841926867,6.897810802882821,-0.1038109905551298,-15.834481793198123
502.007059209188,1391.9379766233164,-1961.2017285070922,-649.649936191518,-20.19282018605485,0.0,-314.9602419344349,-22.419725227150266,0.2090960757846824,-1.0870834740262438,-1.9445893432338452,1.6307219452701471,-1.0655704894509404,0.506723471865805,1.300331154821726,-3.3836832186231436,-3.198749017402002,2.777665734946774,1.9440740311152782,-92.16421823850138,-5.474860277754369,1.5062611748843138,2.378824475399704,-9.920366211189979,-9.959291046306904
355.73514110977266,-102.32260180490303,2476.4349181739026,-497.13317512490937,-3.7946228231379564,0.0,-287.4864350471871,2.8031810405320736,3.3564318955823564,8.854482098964466,5.369401058218096,2.586209431492948,1.0309202301941072,-1.594953358090741,-1.4325187394674042,4.232568570596476,-0.33067245481443597,2.2918901549110804,2.3589970609292266,10.092388386634163,-2.9095646533605666,-43.83572125860205,-4.227040382582705,-4.294364166430284,-2.3704948847395144
-1688.5404734645601,215.88971445548066,3968.8599267029895,-430.8920288381315,4.171933606307782,0.0,2557.1425884409346,14.243879611838347,-0.6899768651212944,8.451603293230255,-11.062416168396869,9.466088975563613,-0.9228101319062941,13.593749613372717,-0.1292425674690487,1.9680417955174172,-1.8775550669725303,16.44304545151833,11.321328029528285,-7.130531684489689,-3.4660299610333127,-1.1534128185982502,31.851836934235546,-4.670674442114978,-11.093142231856532
237.72403876208824,-14.21317613319284,-1124.4423239792147,-951.4941729356387,17.69043678351683,0.0,-293.47528132396735,4.545025358096665,1.0160019647121021,1.2267375277861718,-0.12777964799602348,1.8372441897832679,1.6718534447377495,1.441486271133209,2.674596200926022,-5.810834166043682,5.997864631953032,1.0214064289474607,-28.230885961786473,7.74350957627386,-10.960420330422812,-14.184162000855213,-0.4894482020624204,6.715317177860026,-0.35541873624463616
-1935.4519500836207,-526.4580312263568,1083.5731180373966,-493.0488582137529,5.8662801663162085,0.0,-276.4545431988302,-1.9354365681799186,6.726109882559093,1.330495254757752,0.548666780932608,1.025717388110664,-1.7921358017683595,-5.334416483829924,3.57751120253789,3.9222916113120627,-1.15002780671369,-3.318490391542149,1.5483072487386753,0.6878416774050098,10.886169340760379,1.3319192909768636,-2.9593900066991146,-17.170906043406056,-10.804697672893305
661.56280090166,-300.5728186752307,-1636.0075934013585,-83.39796710969841,-2.6323920600886384,0.0,-306.99187088942267,-4.173857531980563,0.42234987956662834,-9.160438403821031,3.2912838987253306,1.5590225689502906,2.0878147639339932,-0.158789370677853,1.9319415783980294,0.7962570634084543,-1.2904266449787205,0.68997239634438,2.2569541779537214,3.6105776355446584,14.20716645099445,4.481525685740714,-2.825422193805462,-2.8122102535776636,-1.3559139457669331
-520.8753796087592,-378.2220800254579,-1581.6929599367513,-859.8890742023034,10.090195852663648,0.0,-302.8416766200866,2.266835214251508,0.7998003296815264,-12.70465510162953,1.8960365199636433,1.6672302247647295,1.6363568781786169,0.6119250930623409,-1.7205425063876527,-2.6736699090216387,-1.004011947830972,9.460069327376413,9.871310187799962,6.099020228302029,40.925606536008964,8.914303831322096,-5.689488288779416,-7.472025697392592,0.6605039012464091
-798.1945365677108,-149.3238508278021,-1966.134844029407,-903.5054510732965,-2.217974127525362,0.0,2546.1458481070604,4.8564123310895635,0.6543610718230408,1.0538328020319072,6.172678411237356,8.86667371603291,-3.292814264451699,15.238855474650647,-0.08599714479884549,-3.475078936302887,-1.359499302757814,11.936168340422089,10.315587838370211,4.361722173682283,-9.028665745572429,-5.591069665480214,23.773331158291946,-3.373024342972306,1.517343934440562
-1782.306398599595,-118.30792277001689,-731.2658794069981,486.94629684153415,0.44277349925346315,0.0,-320.86716731880847,5.37044591711254,3.400101878563623,-7.157689816042746,-0.6428847908610671,3.9911215914471794,0.22613693311185354,1.398963561295933,1.2922854773411616,-3.169771608009232,-0.8360912307708769,-2.6611235698237428,-25.794888286440845,2.0249723103776067,-1.8934980400317194,9.897689848944207,-1.1517632733038254,-1.7419611683252687,9.498762352667129
412.1136175286137,1253.5267137488113,-824.6413034239062,78.50653683002746,-19.10218948237216,0.0,-306.6473703241461,0.5534654920548053,0.18946827469908775,-2.480375445225111,-0.46973276547607357,1.5517153145279665,-3.1777112137184425,9.66659073742086,0.5610737605628155,0.8361862390044653,-2.41405679391531,-0.9621556062420935,1.6927633137488538,14.411082850175132,-8.304878763780126,5.165398090377305,2.2217659665144773,-4.117866018262781,-3.83091546708233
-1780.5505029664462,86.15618617083949,1098.2163042189507,472.32942991022105,8.626080248604458,0.0,2650.8864671375973,3.214010659900391,1.930963257357462,1.419261888038455,0.6257160395626167,3.7701243495840924,-6.388850346942021,3.2015144739384174,0.8892409201049529,2.6624082584804705,-4.074948718244448,0.7662881709165084,2.7415763593838136,-3.733743016530906,-3.351589313897047,3.1032079191671613,-11.322768035892574,4.010643734073244,-10.179292352468725
384.12752441962255,327.8396977834041,1162.8679911839108,876.749204462284,-0.8585062156917342,0.0,-288.34956045303136,-13.446237153286392,0.6027442343288524,0.25724185986289505,-2.468534665330613,7.202455762316943,0.18177525110117485,-1.5424647604215562,-1.108254117962336,0.6574613733431593,-6.608911082271227,-4.373325438221722,2.084266703771039,4.9055057272247105,19.45417318401207,4.462693653769933,-0.7678441775973041,-3.466863799004079,-7.989955500204068
-254.6929813102499,684.9419561752677,-646.8158970923085,-880.3405814045841,14.895552664924805,0.0,2804.6440711564105,4.2794812882677515,0.09601258992746058,0.4910782713128615,-2.2212442825368455,5.518550859276481,-8.405234932696612,-32.942680598675366,1.023221035849619,2.5716469657527163,-1.3078621936900023,10.042345883044858,8.25396987083367,-17.676036336888767,-19.500854304044285,-5.929375024487127,0.8571532046402757,17.863747928905767,-5.46902247634637
625.5717795381969,974.7618646011651,502.14863108854126,-436.8555837349086,-5.007511233529315,0.0,-322.67900727986347,-3.5367791038051184,2.630886663595181,-0.7464654719432547,-0.2607108786071608,1.4793765239202712,-3.3060934635647685,17.842407906701233,5.916968056386394,0.8410022729707319,-1.9441441410781526,-1.6442760641440006,-8.593416414176497,17.871144893933923,-5.351326348069594,-9.361971282112256,-0.17425645622036173,-3.9342517483705817,35.08260490461492
-1649.7985321612505,-1214.4952819725206,-1612.084044436998,-26.18036864852402,-4.276246082913936,0.0,-283.25668397886494,5.037425404621911,0.49920345315046705,-0.09814851226915208,-0.23188044429231994,2.653495615208199,1.6456432231810538,-0.6124652841606077,0.06678865679120512,4.7302369464766,-0.6109812012188243,3.377935217571526,1.323009118969932,-5.4409994388042495,-3.4886286888026543,1.3447334056362559,6.956598621413472,4.322338359165678,-26.715592847002902
-820.6872857493628,-30.133348697479633,3987.563998769313,-133.3176112171295,9.866261586334444,0.0,-286.8645556623189,36.771039775961825,-2.2356216461695295,9.18405803134685,-11.988245228238116,3.0474946151388322,4.603351707421609,9.107703916881128,-2.31686313291379,7.297090527169296,-0.9745646008257405,-2.9867643043918295,8.429963419762162,7.530760686461119,7.3031352258013085,0.4067768123098373,24.396035907032108,-1.2492295506572508,-6.422635913244744
-2001.3642620241303,1439.954600803425,-355.32487082688516,1011.9541966966923,7.352186663075046,0.0,-307.8291609724093,21.279449985236152,5.909841648751371,1.4871241413732676,3.8025161600576785,6.931525202908273,-1.8731527636937715,8.997625013862852,4.785827028097202,1.178949088369927,-2.0422298451702394,0.1448296037672276,0.7795792916842259,16.366980794879154,-2.828698429641743,-13.490718735262526,-0.6589252619926496,1.3705581123094308,-7.705720918627955
-1326.6145402822901,1052.4627870050613,-1202.0265503651858,930.3130123825965,-2.210189692136006,0.0,-310.98817790133927,-82.51028480423587,0.11499269954211487,-2.4067043064214437,-4.532568815818777,10.112925590716824,0.7173382077951316,1.5424643359650805,-7.412660988953866,0.7014537521975571,-2.0154940014383964,-10.919961318561977,1.8014790558916887,-75.9759430586247,-8.799912540412066,3.23528653095481,-1.3261404692218353,-17.145738839959947,-9.049202680609085
-1082.05676736987,39.445268187295476,-360.4487318646436,-929.8039843654692,-5.817655527318249,0.0,-317.97913342171444,5.809032718104786,0.7601490973778654,2.2025234020317743,0.09531928179633248,1.4833010738170533,0.20242428683922994,-0.2446519823484312,0.1903171456305412,-0.8451799280384212,-0.5636623044884486,-1.3552210052459506,3.3907332861228636,10.635161740806714,-5.387687367419005,-10.88277549651561,17.551925473455466,3.566195763655298,-3.2916370601185867
443.0801690846278,274.3109130585208,-869.7862279441958,-594.9309395011194,-5.957850317197422,0.0,-303.04541084175065,-1.5609958579010057,3.5062948483763505,1.2687935446670187,-2.903132159312512,1.5605102917306983,0.9375102031873405,0.1636893962010778,1.034716552059644,0.3133077148346204,24.287340564657566,9.158550113126076,1.8269754338489486,-12.600393566355047,-10.55724405640521,4.073438921585262,-0.9163891286051397,4.231830617369471,39.831015085502465
191.0707078947104,-739.5623144660011,4181.935515831184,1107.3746339797005,-3.784390899839485,0.0,-259.84096092157586,-16.38931076757472,-0.031970249408402485,11.226093471114124,0.2886425592602947,-53.40039841165188,-1.1118000830154104,1.228905477122822,-1.047670797625519,0.8098270341486973,4.534913094983283,-11.24286508531452,15.256346495637203,-10.742145577757109,2.928125161480615,6.071113058143162,-2.1526392905865532,-4.065305809691,-15.84986192115421
1697.4007948369897,-661.9437692265574,-852.2916808691749,425.6142286114701,-7.387415779360778,0.0,-295.99474959747397,-2.9520532679197813,0.8296650304740766,0.6916744440177423,0.003807492446372511,4.444928172679703,0.7684543889781936,-0.045966853484521286,3.255462614478329,-0.004053952940171433,5.113502675272305,-6.562078893917761,1.4814684807059049,-2.3964998482156536,-1.2781022787817262,2.1376935336879868,11.959129812684957,-2.5861428236312065,-3.5532991050993914
588.1211654427607,-58.406442540685426,-2219.25329847068,-543.8060121819209,6.070714994858188,0.0,-306.8721916662337,11.914843080177276,3.4711349288896973,1.6055165937734441,9.80204188238177,1.2199886259115202,1.8798156184064,-2.0468556772342144,-99.89799553161366,2.453433318915919,-0.5074008271323132,1.4147943971458263,2.8661744845556134,4.379216831980858,-3.0151345791151947,-17.59532121929177,-7.228549624889916,-1.5106878714789074,0.894377158993634
-429.6453226340178,924.2551459714189,-1873.261814906283,521.750107003698,-0.5803521180494795,0.0,-322.30524810367183,-19.65804600094153,-0.10945905693469576,-1.7181196165534836,-4.993628691345709,2.575067954876187,0.48245614914283125,-6.600762734422165,2.4735099596121195,0.8272914386539296,-4.517296793175038,6.923021197671102,1.8458546350918625,-67.9194571851992,-8.898697496816693,-1.3467667098680134,0.32557967092316725,-16.415228445691408,-3.5767704783971577
-1823.0123979921389,-300.6184870296011,1088.0164486822882,-933.5798631650179,-6.3980613632724745,0.0,-288.1181955161511,3.0996054651351748,15.540458911771386,2.3147001691928475,0.35984875773223735,-0.13461263473195217,-1.2440202949010406,1.0260414680235466,-0.7339232722394791,4.470874506675443,7.4518695817355605,3.4237955128928133,2.153494443464168,4.6957831517945,-7.507636923224774,5.574693620672687,7.265942493891954,7.953287917301524,4.561327919223711
1643.1152402130224,619.0358893225508,442.8577209369361,-466.33767035184326,-12.111524825920567,0.0,-296.51557269351434,0.1032635098890882,0.23304005749178283,-0.33694643732373336,-0.5579366174090544,1.3927851744067778,-2.059276982409264,-1.3161102491299108,5.896319998968191,3.8990410993121625,34.67361439178357,-1.5661980740740369,2.2448927166007513,6.391736966942336,-9.023935449679115,-5.452301318509708,0.3577592622034762,-11.110413674319805,-1.6554414006819351
440.540692634118,-339.1637982994065,-1849.6228214858959,553.8094100395934,2.793650238996358,0.0,-299.2194214771116,-4.6198188126227295,0.28329843523807385,1.16310168954995,-0.04055507296999072,-37.432536329674306,1.264721161529964,0.0220230528521562,-0.5505477368410892,0.6767318808491593,-1.3131514823834975,3.043917562465112,2.3420846460540177,2.567238326269068,-6.657719861105719,4.574508230095662,-0.999652111785664,-2.7670520264020526,-0.3734368030507258
544.6189217095307,400.402945148848,-1560.0709615142887,-995.9942648201107,-14.072101400134667,0.0,-301.81911301407115,-10.8815042583002,0.28296632845908826,0.7115948436525042,-2.602780664060811,0.23867146543771184,0.8167048721164458,-0.5214401169192358,3.1377166058465433,0.19300609562532192,-1.8901686165539604,-3.2082359256718442,6.295464892601949,-47.502157897721204,-17.139314816537116,-1.730565703419532,-1.0182778166739008,-4.908918976605825,-8.090721973487385
-1781.6001557509792,-721.019471086487,-1237.2422037160495,911.2305808596104,14.306873545559524,0.0,-328.6240549912233,20.500195930367788,0.8957975733301276,1.4874067267290414,-16.052996259003734,8.387491909882115,1.9381549713548396,0.5937218140290608,3.3095063664232978,-1.3908402334988885,-0.7717000033772522,-4.920305549652723,-6.35711828808221,-5.248023462262654,0.9003870046434634,2.718794798042339,-0.7684897995793869,2.543546581841052,-1.3340720590800825
-1912.6923241865584,-1092.4210335108337,-429.9749536473212,1008.1148356585751,21.33114924078395,0.0,-326.76080871458186,-21.447604217118037,1.3961226049265705,4.383382060888284,3.335550619919834,11.222229246028128,0.33821683376441913,-5.686498064504395,-1.6128815523071363,-8.527525970084334,-0.9752100782309983,-3.06422726404605,1.9280675189484326,-13.317129639371787,15.723108777711998,6.871655156331896,-1.038675507208781,-1.8700190197066455,-15.624678010247848
-1843.686076239789,583.4559675801743,-1928.1440893342888,494.2505342201348,6.362952752252062,0.0,-304.7110392175572,18.646878755394614,1.055375697402637,0.522563715194325,-2.5764583842508877,-22.98655081311619,2.5673081335545604,2.5447860031008953,2.611316138363857,0.6121073271735397,-3.505253565509417,6.5282329033908475,2.824100406175874,-27.561306353189366,-9.665922241677919,-0.5672576208951801,0.38202813160516486,-3.182470427131956,23.446318248131146
911.0088579162841,-406.1353581158546,2460.7947311085036,-63.46443384462376,-0.45734368117664054,0.0,-294.20154153284784,7.141802817943192,0.07558711853578919,0.8875103554655376,-1.4409571503534668,2.5723474295147573,1.7119555668994795,-1.6781947189630553,-1.1812733119284013,0.36553117343644986,19.158828043168285,3.368323178316455,-8.012713721686485,2.7766507168978927,-10.713010733171158,8.803262613871777,-4.308000269714053,-5.736346303104624,-2.223039677981033
736.9350988119729,68.40879445220045,-1187.892601635806,-93.95605103594558,19.73053522311149,0.0,-309.6552850438284,-6.433463431029285,0.4824180383209565,0.035562681776730595,0.34234506105934315,2.2311418837242183,-11.15304660438832,0.5567655461870238,1.5051881663829774,-0.01279889687487637,-2.498108869189288,-1.9321983774183629,2.2394904806684757,19.47195625618089,19.70802688848583,-1.0604268935700136,-3.017439884565264,0.34496265338674,0.643787549081082
-323.64849351447117,-1157.3646966450399,-2206.4504603133455,-530.8725157732005,0.08531629057798619,0.0,-263.8580179072813,4.246147302048425,0.5474225190554236,1.3044386221981272,-0.1987214425490292,1.1807531139008043,-0.4452185178954278,-2.8617507263577435,2.2678376628452344,1.880854821796096,-2.964987436293079,-6.1558442626347745,-15.015575912856534,-2.0857998942690554,-1.3468264270876749,-7.254380184027632,5.39741453535365,7.015715450566541,45.92636002321122
-1743.7995947944212,211.5291641890289,-1212.2313623470327,-478.5874740678545,-1.531423528577622,0.0,-319.6021344966429,5.218169775599719,0.9655608178740411,0.4233358633887856,-1.1757606336223576,1.0474313935816002,8.134914369028555,-1.1515048501663694,0.9836810887161052,1.5635266240710275,-0.6109910233563385,15.234447367221419,1.3487925549472515,-0.061277144843078724,1.4230816203142593,1.6953107801781306,17.99616487955909,3.28663776519712,-9.067814296021256
-1869.1923237739409,573.8407302748049,2595.8595179918716,-932.0211030971478,-46.36010045651761,0.0,-303.16020381112605,-8.771859428864124,1.3799115311036294,1.0700049124438802,-2.0697565651998158,-1.433295960915348,-0.18417142634400557,2.545128310005768,-0.4639179469196043,5.325256888199512,-0.23652913479030183,16.928196916346284,2.4376202332906236,-92.80061002016348,-15.276334102102277,4.447222836155598,-4.406210501271968,17.62645972948237,22.15354825429317
-885.6692898514956,337.4334457310442,-449.72647291909175,-983.96943606271,10.450562620912853,0.0,-319.937607347397,-2.5875250834913577,0.8666280513214188,-6.023895457018639,-1.5087715224782419,1.561186181202734,-0.4611106608902692,0.10968228444165048,-0.48130119840782876,-0.09924080410872746,-0.7916060148329405,4.579765876085792,-17.1463047894926,6.957143192909468,-22.54394093291072,-0.5469976345994203,1.4276000133534699,8.305447153652832,-3.8692323277843172
-448.5735629045197,517.0605900725375,2489.576601106027,-63.42507093651651,3.1341596150944437,0.0,-312.693470040697,-9.172625078241014,-4.703462933951991,6.856773374293456,-3.4978689587494287,0.9684485017720601,-0.6753326219077853,-0.7905149943574856,3.973201773278935,1.037634942867741,0.11099737037227252,-14.490132030543236,3.3417320512536604,14.983876687339883,-4.359756614955078,3.1953601547619686,14.842499521382162,6.326717294382956,13.546354861178228
158.7081993842037,38.576426660714084,2432.7559757789077,485.51951855413427,-0.724903975843303,0.0,-274.08190987020606,6.4059556025395485,5.3207611780907165,0.43458444405117813,-1.2243655554686659,4.9745942352453945,3.198879354867858,0.3755331760607293,-1.6163944282545866,1.1411789311506049,-0.9763127884955214,-8.71491964694767,2.2205177802346094,2.4650602382026046,-5.855540653967101,3.837767426524893,-1.3809784166603443,-0.5423012385426809,6.00272659841593
1803.5845844504063,1021.1494485289485,3848.0819512182247,445.17142463467945,23.334614853940533,0.0,-260.2962899027189,-19.287601956942375,-2.896614765783852,-0.8423560465503335,-12.536340870058703,0.7059592184158875,1.7642857147619992,5.95655627825617,0.8896249041814608,7.936081995763318,-9.59779177833156,-4.92367031678525,-56.39662054065268,2.2754680008340213,-2.3306466575495253,-2.0433704012715546,-4.718764833470364,-25.988456177231683,5.938593866643181
-1807.981340768777,-116.40022903387205,-1224.829771543993,924.9572786744034,5.646739076981462,0.0,-315.6360527359792,38.71497322095119,1.1964044361444408,1.0427690389798876,0.729567736809861,-57.41771831597201,3.811384407363953,-0.8442676354895539,0.683062398298569,0.6053619622360162,-0.1700897413929739,-2.28282491482878,1.2458641581553016,10.03132291728797,-2.235596174380119,-3.64964676584171,4.247434252138407,2.6193608896627265,-8.734665549934027
518.5579709770882,-216.41557014955754,2373.95632358617,-973.2455907531338,24.496847417869237,0.0,-292.48683369104117,15.282378514545323,-1.362931398733643,-0.449134384056052,-6.984616412233668,2.2720203176710196,-0.46960573741578526,-2.389045862621905,-0.45182006806516173,-1.034539381253194,-1.3618569647735248,8.435045274840943,3.1953377541792287,8.374975580609199,-6.426427678808125,2.8437649899074655,8.109661130081534,-4.6636781281882165,-2.359504936320756
1403.8057063603237,-484.78658076611026,372.11280353377543,-360.8466175908536,-9.54223780083572,0.0,-298.8604178460649,6.716433006020567,0.6961355859691944,1.3076042520612063,0.05354423831494284,-35.67028053235691,1.6017104947871237,-1.093722707860716,7.696964715653187,-1.7680929967511863,-2.9289020262943395,-2.523689423112335,2.7234473216010753,0.22187094907624066,-2.9054627066450234,-0.6798010307242806,-1.4591474091824579,-8.410856580274041,1.3209566233716104
-1663.9047471331355,509.98241488686745,-1181.2552150275917,-1053.4332829364819,13.211737642122374,0.0,-331.9808980145633,7.423583453449334,2.6014104262870994,-1.4018650266631028,-0.7052552115693598,1.414406392204359,-5.9759090538083495,1.8082817011924082,7.333383137927483,0.15453152922620406,-0.9569986064650275,-10.484217547870442,2.498845003005625,8.322072811430955,-12.857311232086136,-4.097293448132812,2.2280721953114737,-4.174659780548014,0.6054523407881777
-1968.4009211986534,-1465.48087135761,-1208.8920976313693,372.2142761044761,7.095409646413438,0.0,2604.386276936653,-1.2850174561745125,2.0565048826881056,5.818488176852832,1.4857490727773779,5.483574084935462,32.06302447452754,0.7080691857161341,-0.7800609667007476,3.5921878190228576,-0.5329404122139303,1.870360940166678,-1.176497138807448,-7.100772897331735,-0.5145381693321538,-8.511651570793017,1.7707907069584412,-12.294311375453931,-13.99649862964408
-1643.9222726489836,-296.71257423663957,-1923.334830998344,-457.11473846725215,-1.3985213013065887,0.0,-319.47089133665713,-4.340036958450379,0.8259137265715787,2.213803024711511,0.39094850809869164,1.6932083131559608,-29.301290984744703,-1.1642206807686954,3.8778612230177263,-0.2907501228758413,-0.8838840598037022,-3.1321621286068058,3.8181848991195957,-23.68743155042353,-7.328870400390266,4.326678461870553,-0.9368638585973835,-1.1643159134771217,-3.3879900638781266
1789.427023990499,758.9316699500057,-1953.924460471858,-543.3960918159693,21.04839106437822,0.0,-288.38802315902456,-9.181699337267556,0.978856921628788,-0.38761866381535465,-0.3673052979145897,1.9157115731243561,-1.2772989450457222,0.1998534918487385,6.1937115726645215,12.321155391977827,-0.9978120246864548,-0.9747256694974578,2.179947314439251,12.454937495782627,49.495693041231505,-4.437700421903386,-3.9389459555512727,-33.02514432280404,1.9238080984255934
-51.42660678418914,489.30433037711276,2508.612176535665,-115.74025335349005,-99.60757222643741,0.0,-295.4902496244684,-14.331274191451215,-3.680746643754986,1.5395248159648087,-1.8442918350208215,2.835992146233794,0.2522780930500796,-0.22875221245446856,-59.31280961079551,2.871605940323953,-2.4361629285060267,2.3642144410276673,2.5061212159812114,3.0832047451674898,-8.561028654224161,-70.86121335947084,-7.648552681165034,-10.587518702609557,-2.6658065608783628
-859.6250147034625,-447.36925466832065,-1603.5965568923486,-62.065382101004694,-1.1443227622178131,0.0,-314.7719956358094,-1.6468708987189922,-5.5952039738098645,1.4801477270994452,0.23357441612102106,1.8661689587246217,2.653260553962104,0.35475217884889176,-0.562337689827211,0.22866379757115646,-0.11866656550669263,0.6599218297391766,-7.812653433861926,1.7882660799601844,-5.300748331670155,5.047704030080722,-1.6747788221086737,2.531165695242026,-0.5709568700740338
-18.528198751686546,554.6088023752526,-1120.859599479433,-969.5185296591916,-9.081315313925842,0.0,-313.9523058229127,5.7170004570022055,0.036492467291590704,0.49570474941721887,6.5456596712055735,1.1597928269102786,-5.087997021381324,0.8637105383642554,2.7284533834374987,0.434068701097238,-1.0168947536885269,-2.676423652443967,2.1671192468903824,4.724703896758904,-21.764518911824997,1.0289362314503134,-0.391147611682172,5.790871071521143,-4.652673771655019
-330.63607777660235,-748.564239786599,-1209.028764418212,479.21552973634937,3.367399823712402,0.0,-334.0431118287301,-10.093242456921503,0.6622609660701793,-16.3222068248921,1.4810483248248545,5.628984975368122,0.628089964686426,0.11082209268747635,0.8335794083147912,0.786628161180122,-0.8858597389500156,0.10919459856141481,0.733028880482596,-7.399562572462047,-1.4593040407986217,12.658066700267435,-5.358412083315602,-13.277801593821712,3.361683090317036
-1244.4908844473389,-342.46583034963925,302.86037788925915,-65.8295887240681,9.096434960359812,0.0,2698.088603979445,2.5959059007220593,0.7181830308610256,1.8719507107631226,5.9961282374646006,2.9082894925632123,-4.664124463150963,9.555411916079663,-24.141794306907435,1.4132819495300684,-1.9725590706740053,7.302010658779088,5.66937736722807,4.355658908515588,-4.051201593625859,-28.29494881548218,-2.1421231228732536,-1.4021502819515634,-4.3469832851762975
-1232.3715177931292,517.644152018381,-391.9018495358786,-81.36949692267014,8.096538217155546,0.0,-315.9426848348121,-2.4016141927926076,1.4571252072863488,0.07347148111694536,-2.531452068353179,-2.3713431359518133,0.05989261416770256,0.9280378955619644,2.1259292081481482,-4.599299852569617,-1.6589251811952366,4.4191536057996705,1.6906773149140704,4.728609013950499,31.65652357322936,2.7585286258665263,2.052222037105247,12.347457876651431,3.613943770791677
-481.86006971099215,-679.2794325048601,1158.8662526934486,11.205146556046744,-1.7049575814058127,0.0,-274.309811032999,0.6706562067088887,0.6020085648090853,1.725874430807692,0.3324480081178076,-21.537069102798004,1.3727730998137542,-0.8128630906140669,1.5440302586797068,2.514848518697533,-2.7714137185820715,1.8387101469153941,1.3734254502498748,-4.390483328685639,-2.7803151394904675,-0.2571038752655074,6.288900286783029,0.5423747922570249,-4.036913542202105
-537.9563810280117,-486.67568994974295,-814.1136307004547,-94.13311641435587,-0.15295761607467726,0.0,-334.9542248507228,1.0277990469160065,0.6629309949343984,1.6989475662050326,0.10286502297282643,2.3933056327794766,-18.482217121819918,-0.19429422875494126,1.440999177438771,-0.11098310315296972,-0.9471859894832516,-1.1977352081165007,-8.728371673649262,1.587094844738509,-0.3464114094118648,1.956412777954648,-1.2274539042290196,-0.9733849899508551,-1.2890774948184494
1947.0579016292531,-484.90525579472,-1519.2567432738847,-449.8708115272488,-4.204081895954977,0.0,-291.7112832756581,-1.4290518683635571,-6.7742391153825,1.7498724548880893,0.20649155953577544,0.3788892694688234,4.639020090022301,-0.5932355515487189,5.840537671041163,2.437239547128353,-0.23848499627600092,5.850215804840969,-7.130773746295256,0.910931791696405,-0.6654813194975757,2.664113660425979,-2.3618281853642364,-0.8766559129314908,-42.94556419136963
836.4626988102522,-827.6405432355238,325.5256021943569,-909.5599726993726,-13.917410002805338,0.0,-316.23059795151875,2.263760889136686,-8.51099533002531,2.3222632630440208,0.722006355407993,1.905331020829759,-1.5480505528649378,-2.954728112045961,3.6823454029151312,-1.5998741282621625,-1.1480383348453733,-2.6261666117594893,3.2121471701350206,-4.052080812714821,-11.743443706433903,10.25135954297235,-1.5620728022209966,0.2590245938789578,-3.6836116032107245
-1431.2978808923567,387.78858672325595,-1700.2508086834473,-1055.1216498780893,-2.867639073319647,0.0,-324.7136166754521,-7.363373801022959,0.4414986339500064,-3.544502254211164,-1.233826937298401,1.562724627705491,-2.824676470253805,-0.2665109973251015,3.07284700918773,-0.3298367337818828,-0.7456800615186436,-3.4346721780818097,-29.2581149718373,11.464109342293984,-16.09194700375648,-4.968175518617095,-3.392796077517934,-2.5982251787448156,-2.3995912553600003
-276.3551250777633,-380.4107606357588,-715.2761289350308,1008.2068223241552,-4.080465225679455,0.0,-315.7914171971053,1.776304902528215,0.9448082614353182,1.6486064473811015,3.4095867937579873,6.792631050944619,-32.490293599822984,0.8585228353696476,0.7863936478456764,0.057758994273273245,-1.3176877505858067,-10.736567318148127,5.484705735041462,-0.41404058476760736,2.8499506715418956,2.115945506486675,-1.3895152081371491,-2.791489648940797,-5.53281842823305
1919.3937072220588,-244.42693583340377,-2253.144468668935,-909.0077201346528,12.648767406821507,0.0,2683.623808328693,5.249546671455735,0.7500837827112966,-1.0841611658488575,-36.54876595958757,4.479026152710046,1.6886553475263646,2.0354905131208065,3.959143868513383,3.421023974821225,-6.210023161532138,-4.975600486085037,13.580249535663981,-5.16774147080131,1.1155739135570484,-7.50478312434491,20.03922134009562,10.906501449255746,-44.2139441673331
337.07292067873414,-189.38348412749082,-1177.2309429009495,-907.4039541745167,18.198084074447454,0.0,-302.20728110242317,1.724075995330232,0.402079746474143,1.1379181745599414,-0.17213768638828147,1.9005586060631419,1.1637846530907994,0.2598006052433555,0.9377542438623571,-6.627675442148978,-1.1653175840083896,-8.462550018241272,-28.917203275643804,4.808994235010692,-8.136301548192547,3.1542579578025296,0.7465642344750925,-3.5283893456647446,-1.0222639873096413
-1635.9170461720987,-340.18212155962925,3915.4734430295507,-397.960475560249,30.607979202366174,0.0,-279.5801554871376,-9.495536168905112,1.7532956968380609,19.845335022628532,-14.527263253720173,-1.5325112735581687,2.515981733799787,3.1337981417285823,0.7824913049004674,-32.72313179602638,-1.7385352062834571,12.660084055590902,2.6133075981506466,-3.624655132438934,-5.9556353224241025,-36.27236848528794,1.0095781385244438,34.72649673239607,-7.822056593321271
-1854.9562910507311,405.34093880373445,-2302.94001328266,-458.43727321528627,-72.72387236518777,0.0,-306.066569741764,13.208396502919244,7.758742001974934,0.9771113828548763,-1.5428023952669387,-3.651044169209171,1.8306467929233194,1.026753183333094,5.046024120078382,2.0135114502557063,17.83744664681705,0.019884713350604082,-1.0220750263139955,-1.9679068117763185,-1.9193235023978608,-27.991058252778807,-0.4838172795280167,6.889691267793044,40.92855341521707
344.9255331513796,-997.106101923079,393.3513221650759,490.79587972748556,-6.088810751745815,0.0,-306.5352263096119,-10.543630976784698,-2.981225962149639,1.6543722152745484,1.1990030368123616,5.982636796250582,-2.077644812195659,-0.5691071180562955,-2.218223043547169,1.7160196368060157,-2.9168352046714725,-3.080586145547928,1.1269860516360541,-9.26592547599157,-3.37029699228266,4.1289034264630935,-1.5014008658492448,1.113145400222464,-11.784961593605901
-1207.0443127252715,457.90877001082004,-1110.092501946015,-366.5583049439725,-4.712326117305056,0.0,-324.31457699147165,-6.106148194995309,-15.639086568411253,0.09644725870373197,-2.750923526302469,1.7089138508447594,1.2069354044991931,-0.002129578300380769,0.7044892283552372,0.4013745328210965,-1.005409786688752,4.77096668100631,1.4190134178455198,6.08585799668878,32.21151823856983,6.839027998429386,-1.0630687599269606,-3.6492597555986768,-0.924934090823111
-1181.3875436733802,-784.2644176738377,-2244.6996965626204,-59.16498344243514,-57.51222529450229,0.0,-303.4517411567155,-10.706254859058285,0.45098417346812364,1.2486049538389834,0.7145527513557437,-2.343115046710031,0.19182284300313704,-1.7094722484553369,-5.27709668199034,-39.06215967444707,-4.495424717823617,1.1431301248114112,-2.792280576196427,-5.555728262985566,-1.7621969940415956,0.2509183305151689,-0.589249297599907,-1.5626521207250967,-32.32154178583793
59.40736956632245,-179.92345822975815,2371.4693074078777,-438.6984509853549,24.82289733502083,0.0,2657.9435875024815,8.198146954044189,-0.7853861898066884,-4.9338968784730985,1.6041606551043115,-36.33348920965818,-2.4757188865251987,0.8606203501752949,-2.480630381660288,2.3110858311397733,-0.560489310657396,4.9025698362818195,-29.44011926143311,6.069547798188562,-3.6581401745193665,-0.2627578032484489,-1.5385583326179748,0.8556744505231061,-6.316388218661631
1873.2475976529672,778.5539597437116,-2226.0754340998124,-919.7329579388881,-5.400902985920058,0.0,-273.428310922445,10.14619600724112,1.0794851238859435,0.24775509149567207,3.532383423804505,-1.801780149734791,-1.6112621314151623,0.5056018905053713,3.958441654704869,5.297968545151662,-2.697366986562626,1.0541104849775669,7.284961031099123,-1.5578497649748584,88.43021488908833,2.5504432942890394,14.278676835306708,89.1709954341827,1.7945151120207332
-1984.8611463689665,-1206.477978358216,-459.2321208962171,-91.18718160187188,-0.6901099340453111,0.0,-309.98466285085317,-1.6961424560658371,-37.138260434889595,1.543384695674995,-0.5048152602060971,2.5503196752421573,-0.19723893522847996,-2.2754239746573957,-0.2388394751869189,4.600246388833621,-0.812399251333643,0.6991954832916724,-7.545480121800325,-5.408851632566643,-0.4347825499704847,-0.20847113761241876,-1.3202683303040617,1.3582244662028173,-18.848878012646097
1089.8549862733112,114.42304027410778,-1177.2075501581805,943.9208729435062,4.474716695582761,0.0,-277.012281965006,67.226462048801,0.9041057010791965,-0.6253361407261385,7.328091216210057,-73.69159610808121,3.737323903809305,3.6258716853573727,3.742596888357131,2.373024804568136,-0.3183589780187192,-3.380018324588419,2.030954415077472,8.92028123945217,-3.234999170829679,12.313938427137623,-0.6760239358657442,-1.048058269181371,-3.4969737233409406
-427.5491881613505,478.18217842624466,-375.0226812185113,468.8472282403718,6.61337623672876,0.0,-311.89389330184423,-3.8769841141075445,0.0031480662081932015,-0.00934061316582823,-2.640638984306519,4.203110549378127,0.31485370324884726,0.21234159103804853,-51.28372372271891,0.6457052477509736,-6.215111105794518,-10.459427037722596,-11.5778681565081,13.949359920180145,-4.98552963147276,4.615926817155965,-3.0149952719014363,-9.448849682097158,-3.0507962534511046
1392.3172121978494,206.53766851640754,-415.9809712284569,-46.05106384082288,10.632290245076467,0.0,2586.1823145022286,3.1264493826928845,0.5981898869296193,-0.376435313094844,-7.599712346916025,2.762606103114531,-5.44891466257244,0.2506157632466472,3.534955205049834,-1.255544447126415,-3.744625827492842,-8.332906917267573,-19.74159778877572,3.0070067950431048,-3.994541821333764,0.7798944004489614,6.28985511909787,0.6122226640347871,-7.732068499874213
1868.4970264127026,5.2683819164459,4026.8234873363176,412.83863803199847,-11.838268230301129,0.0,-254.4910415917152,21.388111220406373,-0.46675226758485894,3.3092337657443798,-6.738263357756665,1.01711318539691,1.7047642978742137,-58.41344346616197,-3.484371852040914,-0.05418042086577176,1.1459267715275236,3.7271350516704516,3.0162178227498986,11.92483390995234,-1.64638541820016,7.002222989297082,-4.3990479335961705,-27.3480546382818,-10.870777710184582
1746.6316753213664,-886.5492608712407,389.1379698866132,1225.513669841325,3.419748732052621,0.0,-272.61701224575023,20.902746636756074,-6.704904372847845,1.048836207143709,0.6056493635730716,3.9972318577367627,-0.7005391512373571,1.324773040256276,-1.658655793938997,-0.8164024731389788,-1.1061827238101285,-4.428177187996996,4.7761680038459815,31.067652172912222,-3.5902567928756985,-1.2089939671012786,-0.2354267758917429,0.2110759984191517,21.41030073858224
-1292.8121949514568,686.8162996921188,2602.378987083747,-983.2662397836439,29.580714104129783,0.0,-302.1456519252014,-23.760698774090756,-3.7186047490157463,1.2927325477452558,0.31781919443084305,-0.3102347832133316,-3.1763426235630123,-0.384909949870147,2.0502088504701343,2.417729246725333,0.7882087108773767,-19.41021361457854,1.9567255937875112,12.73389599412081,-27.62842644919328,-12.145538945847822,-4.3697422431932855,-8.239629976235893,-3.9357302660879077
1671.7557814246936,300.82022651969555,-2301.34142836366,-971.6094680390798,-5.365529698659846,0.0,-270.90013281275486,5.452726871879242,0.5303215775208592,-3.1233000702941025,-0.7686503841649877,-1.6006760648866314,-0.810901944687172,0.3405000673148235,3.7532791990895453,-0.812828006279325,-2.7230824025515172,1.1162378656717709,4.707470646569971,-2.199827979812609,-11.280134244664389,-10.414950451455539,-56.27817730095041,11.03087617680172,5.491074416086543
874.7792326192886,-161.1117241110414,-2193.03588451206,-489.66793790855706,2.295452751151986,0.0,-307.96572071305286,10.006121881562102,0.6064217798715413,0.8863867582009425,3.694843909016594,1.659217735877138,1.9483972710683304,-0.12877475299469107,7.745624244159459,0.589132570087668,15.960290297594767,2.480050250776903,5.137571489227631,-33.837545908280646,-2.0621047629092466,0.9361427037064538,1.9692505144945676,-2.5386206127333297,-0.5603995532923597
-1452.1927710712232,-119.06896517938438,-443.2323410432615,-1024.8801628449567,-7.110087032467386,0.0,-341.6734437004859,-5.026796284960046,0.768147966112395,2.0693331474933103,0.13665906065703376,1.5744736106209378,-0.8773193336433497,-1.875831522931513,4.443110016916396,-1.792739817680758,4.509866134968516,-2.798990234347225,-18.443803498682648,9.22730170082762,-7.973154633297984,-12.54194276813594,-1.3198303965614702,-3.5369174212718546,-3.3624362949796773
1686.3662765727756,84.44644405718198,368.40701073806616,1013.4805384830069,10.577411550916716,0.0,-281.4434644297949,-11.634503599273108,1.0010118584574101,-0.5326647089545666,2.9631222982664758,12.050550014560766,4.23263112059101,0.688069297337244,0.6418256854711769,17.16268900340728,-2.5313282278418017,-2.2982544142957835,5.468973843616097,3.1685102518235317,-2.988612102856336,-5.174852781041424,0.7050149047071987,-1.753687998386632,-1.8776796949721624
-980.4876583292362,-367.9363756929717,2482.7901223691133,894.5315004225408,7.957625524028315,0.0,-290.55687141665345,36.02026815398293,2.746319309519971,0.5766856059858911,6.713285288022409,5.639759046277322,3.7521442338687683,0.4722497591161484,-1.5492552526776464,0.7915201485271268,1.3613774906041027,4.651922543503629,2.7065903673535243,0.5094686003723373,-5.657347441414523,7.3034989896529,31.85014274308053,-0.9508120236513071,-11.2983610955878
-1177.9473724732172,424.28918359437614,3994.98516119069,952.8745234806543,-12.842393850235933,0.0,-272.2262016705184,-24.57617641477493,0.821105162845528,7.784003790545631,-26.58526282950477,6.342115152539124,3.406205101855075,3.260716250951796,14.315641194143044,2.9080070637923696,0.39606954941575345,29.487170080752303,4.251700159809777,-9.144159708108923,-10.721288854334,10.565839678817097,-0.4220912907059388,-19.959151233878835,-14.543158984358074
-402.7542861554952,-469.9461844744098,342.28916331209206,460.8789129166742,-1.061652981121815,0.0,-311.1748226782425,-2.6827040643889966,1.0863237368384577,1.2925926067374134,-23.089274651046907,2.8124848421078856,0.8007890942059789,0.6489788000464427,-0.008015692522204063,0.23734517190717103,-2.906275516977474,6.010286607805794,1.6981348033770256,-2.352702139934258,-9.262404971578535,7.250614325379208,-0.6001945605839496,-0.537880998270722,-11.252412156617003
-348.057773005734,-101.94845492819644,254.63176938375807,-925.9270413470271,6.255071670351358,0.0,-296.89686855843445,-1.0535352912428084,0.6022242790577554,-8.579693214197103,-0.42095111507680755,1.34527324682735,0.9668471007172662,-0.24494468723841487,-1.5182535669624,-4.264875057445494,-1.0489766704541956,-1.2876283765205905,-29.437736186296757,7.445317314370591,-6.705486456948621,-8.810409481914535,-1.2378050135814964,-3.0838606980510326,-1.607274583355571
-369.9147917244317,111.16458947335373,-331.241399829526,514.1713991907612,-0.5559057729711754,0.0,-288.7611112735541,-1.186640611989392,0.6705104612601399,-4.67131647169255,-1.0144818397316933,3.870688473653557,2.492599638481791,0.4975354618284419,0.7317094291692692,0.38474411115095414,-2.5906377976330033,4.248081762476696,-8.684507048916043,-2.7260040850930696,-2.412487055676422,2.70990442982933,-0.03386138026324602,4.570905491002339,-2.59853367483234
59.50876804062404,-256.43229640059485,-1131.358310228996,965.9962663055563,11.191732310152297,0.0,-291.64430441822867,-15.057742365127538,0.9059316993904731,5.6253361141853,0.897627205147645,12.680917730843998,0.7307946152951977,1.344898523876727,0.9325315587679321,-0.040451133322019744,-2.653948160568537,-4.31691281201999,2.9487951460873334,-7.960010706276466,-0.41001235205693076,3.809840466334019,-0.12465288643311137,-8.764777655061504,-2.863251432976042
139.89574623381156,-868.254735628085,-850.4654856095066,-555.8213859704266,21.647845069954624,0.0,-299.68956361142614,-4.5202279927982065,0.610903554919322,1.703399953060319,-0.06704837136827624,2.3718809002475805,0.02490490341975781,-0.310194910091398,-0.4695302839064111,-1.02136351976948,-0.9048268022801881,1.3891526235946219,4.87094766480767,-3.8742226075543975,-3.6764766301740637,-0.3665452916959764,0.28243047070714816,-2.2636208537800186,-2.3735926752732546
167.0365497240004,1079.596520753669,-359.40626372874533,-512.1143434304864,19.301837464561626,0.0,-331.3359291818628,-0.5286696310043931,0.3357344512995415,-0.28338407065241333,-0.780821631178364,2.0466865759369512,-0.18566998819043626,1.354793608510949,2.4933786039292274,1.1756860290004036,-2.029259570745319,4.732953855547742,2.9959530389298434,1.644005176001911,-6.889505446850971,0.19882976032827737,1.9573446960668281,-7.8835911962835405,24.310186925317332
1385.104606201455,-755.4115812767607,-1592.9954424178547,-885.8221991257269,42.44158334737733,0.0,-292.7424779873921,3.014997509296117,0.4204742975249751,0.7250959147707909,-0.037898948542401965,2.886240917347221,0.3015964483165794,0.007740613134520074,4.23003070999832,7.476119441647807,-0.6506443026936195,6.08979640505606,1.6684540839442628,33.02658889652185,-5.866530353284296,-9.29072844618653,0.9677074438220611,-4.43461116723775,-0.418162676075307
-988.8592340357085,-695.2198678883581,-1854.0636793386893,954.543110792712,-0.1968070578544067,0.0,-293.7224064060967,-29.566267250502186,0.8616293014289887,-20.419479903783415,1.9307352517484844,8.108453521153988,1.4653865275311309,-2.4029572438457705,1.5671993663453492,0.8952831632077544,-0.3530398376337117,-4.811512596095643,-8.906973734068053,-7.565334375574271,-1.374406351400484,13.455714099128837,-1.4734972268053832,0.013441234642415978,9.894953436420273
-835.8985167652745,-18.091424329794403,2543.7847948304902,-427.45576034857913,5.453602350498827,0.0,-274.3220909814611,-3.349965972957515,3.799051236219133,0.895129152803348,7.643800426488733,0.01722928481644354,6.928737523963393,5.5335281344967955,1.5833354570605276,0.8827972949734597,3.355190198927655,6.106402872528216,2.568633893329053,15.492963745991146,-2.456675267217698,4.3384574279955075,-1.0299969285223105,-14.132475536797294,-1.9641997055174782
1195.7239371636176,-285.47364698620476,-2208.6015959298634,981.5782593211576,4.175094063906726,0.0,-277.9257059027184,-17.057874078726005,0.7631321857263726,4.442993248739825,4.128439261238676,11.678668946482695,1.8334980750319239,-1.9271307018616008,-33.28881426788199,0.6084324681791526,-4.385840949437479,5.372499096048082,5.694927531221584,-6.42494755611796,33.28053722837842,4.217386482524218,-5.9379448748625405,-4.282596428104882,1.4631150166408835
970.3273619021996,715.4421653143027,3892.909862638494,-1236.0424112935737,-24.472242494202852,0.0,-264.4966932096694,21.96539315768646,-7.7942414189452025,-1.7372766543152283,117.76539769661602,1.4801740915951773,-2.917525992169288,5.291029061263826,3.6852141888348733,2.742935060342722,-3.2172567922480564,-18.18043653476092,5.118961319659138,4.232670637253997,-14.604899697831156,-6.2009523906471955,3.009710784785019,-13.761718149535913,-4.946695159191781
2121.8640334249426,1027.6651075939244,-1909.98148440672,-618.5186089248961,21.308955255656073,0.0,-280.01755243942387,16.235037967420777,0.9406783037675143,-0.6840708362705572,-0.7093495536224563,-10.643559942693324,-1.4267505902422428,-3.0815053608696803,3.446459881473105,16.278875606592603,-0.670992964646317,-5.022664744428748,9.889529130005672,4.6607179628847675,45.7322561770346,3.5224396973952543,-0.7003574770907708,-17.146682400928135,4.16645494514914
-1913.9981024288652,990.3630997312038,-1208.3575734837536,17.004497507404793,10.38349105900312,0.0,-319.50322652570895,-6.1072190527425905,2.5986013483680463,-0.6910625525158153,7.701257909784509,1.5322753267246392,-1.8840989528787242,-1.8733030251483833,4.902455488788544,4.581127414252036,-2.0685269793953767,-2.7710106311451965,0.12338855908667551,10.908077897688806,-4.862750766669271,9.243412494346149,0.2843557799667113,-1.6607642726852052,-3.818055315479056
583.2186847163057,397.9864759759679,-1905.2203137986935,-56.71028700503201,0.9536926506264057,0.0,-298.30412070271916,-5.657067923674285,0.8857912099938,-0.2545259945837148,8.797537312880756,1.4257855433537585,2.5890471523665424,0.16768846307745566,2.4870779869804465,1.1261456509284673,-1.2856013368469201,-2.519919541494013,1.2346513917255997,6.703389831283146,-9.016753120140514,-21.41250245599003,-0.810418250723298,7.066233086394555,15.441658842875729
697.4519331883813,-167.65314403886796,367.88572452123583,-473.97227465258254,1.3044195001912868,0.0,-325.5093559780229,0.9273791572464206,6.356158241217929,2.8275783454094605,6.217276851827781,1.1750244735773478,2.519757885319938,-0.2103232427336528,0.9746566892917922,-0.6536408781185905,19.343443209806043,-1.5970726232853756,3.2376915641686086,3.858356842072947,0.5369552303528564,0.45522733526245174,-0.6362302303739404,-1.9038044132546328,20.692088279585295
1119.14466780049,121.97922666899304,-1160.8481086573752,-493.7457914722068,-7.162059813378193,0.0,-301.8587716587235,-3.615038569377938,0.5448852857732103,-0.5977728573775438,-0.34121219267080183,2.1250028721688903,-19.656756066754923,-0.009456517522257474,2.044166257107424,0.7178921981224834,-1.1559610950632395,2.6591140220886693,2.8655040627777746,2.2352501387096058,-2.5993254683446,-3.325028437195414,17.345683724879006,-1.1453417933271013,-5.696638913263067
166.97858051413678,-215.42635932897286,4370.503672857341,1111.448314653061,7.440414758168868,0.0,-245.74698882622232,37.20327190201405,-2.3194804123866555,8.134485064286771,64.27012668039642,4.385762661767415,5.613514560759909,6.756684851790535,-3.3285545258383804,1.9904456217112176,-2.9524931934517005,-28.72806649476553,8.176347299623947,-2.4076969876772405,1.8660511913040612,8.320753738437874,-1.2916685752702697,-1.424821006667427,60.25587252186031
134.618225072753,-90.71708988865909,-2242.2088636090084,-104.50935933453222,14.633230520346657,0.0,-296.1886320642086,-3.7440351092203974,-3.9024106905931717,1.3577470363425572,2.4135837258049215,1.2899289819774336,2.147026832023131,-0.17594109866725374,7.392367780778411,2.6464655397618118,0.9398310271434971,0.5067103083789157,1.907992007770486,6.198460142625247,-3.778609127514179,1.4577291562248895,2.806250075284701,3.3625913107564,0.652528575535389
875.9608735702891,863.2978044523371,-834.5146043237274,999.2643168651747,-5.419506527497412,0.0,-303.12892263771766,40.29794031558146,0.327409582147971,-2.421966597874308,-0.9784143229531027,4.900590871817676,-0.8092114632394742,6.91413660530646,2.2154071478663684,-19.699140415729165,-1.8689042254503612,-3.5096008316241885,4.906670307463883,5.359409813059646,-8.745952168382198,4.6569472347613665,-8.421274881870998,-3.3147301464055046,-13.47434568008908
380.90071363005825,-440.64595146230124,1274.7391736269378,-400.34975347395823,-6.767751547118521,0.0,-314.82028516728684,-0.2135321762103837,0.8307586158587978,3.6917939064132392,0.38250806923868025,1.6586509766338353,1.5634996217215642,-1.3391904286751806,-1.3748059235969545,-0.8419992603907624,-3.0167058894952667,-0.7363329453985109,3.0158802704436423,1.3687734485954406,-3.9847450773150617,2.6623849817868965,-1.7588090443349014,0.4383581844897392,-2.8789390175472924
1486.2337161802689,-295.35956794811227,413.84880535348793,811.0250416377223,11.221175245981492,0.0,2622.4195594490807,-16.89523009362694,0.8197541563490441,-0.6897636571793828,9.23290833889941,7.728112537007769,0.001960092691638299,-39.082679760738316,0.30665570282174287,-0.2858445089786106,-2.845903955433456,0.7407966283468141,4.538926269898698,1.5728536710258636,-3.9654154273310174,-1.535673532696009,5.324127492525983,2.2658765780538723,-7.350453189180896
-437.10206099847807,258.9729676925291,400.6557403321491,962.5345820875758,0.4124896111789706,0.0,-296.52050504328736,-8.106032908359374,0.7645895165803906,0.867612998002076,-2.263620244088133,9.187380280592418,0.35156604211197284,-0.705968732297872,0.6548576853759874,0.6391238079445685,40.74528935384524,-5.224758909457694,2.179581867162697,2.4613287790235585,-14.172895941568925,1.788073175344421,-0.7140235234783949,-2.9612250986762563,-5.337617430395174
517.1880999525763,-837.7488396693781,3840.20134403154,-1109.3009077141342,-20.081097254471896,0.0,-272.71072927510335,15.176458943137915,2.584737431138865,15.64992345649888,-2.286473207920265,3.140020927154838,0.38957703612295297,2.3631214437106,4.287193939124884,-1.3377953302241186,1.2495406989078395,-10.264069624825117,44.59332574944321,-0.36671469690035063,-3.6470261273260554,-7.951945203065843,-5.989647976721214,12.951777248134011,-2.096103530009871
-1287.8291811726692,507.1989234535649,2537.353557584122,6.518617748943825,-0.23471240016092523,0.0,-298.9249369514423,13.170966476750625,-1.4355073021118698,-0.04077350685376608,-5.14669460988119,-5.70937083823196,0.03183296340068752,-1.1180979860249556,3.6955033329003917,0.7977618638689618,0.4033088487043648,22.99068027192579,1.361354350793104,9.267635614978001,65.01331435817832,12.060148508124724,-0.20708860104173693,-6.04465209231474,-5.2953999497554465
184.27626240777755,-87.8528871539089,-380.78075313649305,-62.67671137140278,14.530716530679808,0.0,-288.1442048481999,-0.41631243494112924,-9.072921812862281,7.731194794957932,5.167399436236226,-0.7052411033665013,2.8366979116399293,1.937974205369399,4.439538410524847,0.27780863633341574,-4.213991410000745,0.8769612273557192,4.9538056330865015,-0.4536899338119744,-3.5614516572266792,-6.849060276894587,3.760692822650055,4.590569359229877,-1.4162029010692374
952.5706863194914,206.9542004368814,-388.1261946616537,-29.691739838808918,-0.5952243009143724,0.0,-277.26913606023254,-0.6466381481613149,0.8294664624924435,-0.8691399499330057,-1.1916735170611317,1.3075026208201506,0.021252021195280312,-1.373687212719748,2.1728323750189404,0.8350645723381912,-7.715592221723483,-0.1835164607401669,1.5389834695804956,4.616197941724183,-5.120793630766843,-22.760226799964,-1.7072480426891201,-0.514352226158546,-5.156634118585943
-1218.3403902141756,-1183.3516740288535,2607.439890592248,-466.73594586131486,-1.4048730700066863,0.0,-292.6625263226858,-18.331772204922693,-1.5818341793662927,0.8136634938725728,2.5141062001166286,0.8939680879810875,-1.7651692190233843,-4.149950153298654,-2.8000154685959897,1.3953123601912454,2.0677781960786317,-10.074134086536999,1.0865324472408169,-1.9968797477240554,-2.6208476185081926,-0.5566536046832238,21.574145241012438,18.441865701238243,116.87767448029675
-1651.6856231799761,-614.5068396919615,-2018.2959755109728,-814.7832798905432,1.5082408692497675,0.0,-306.3979844820457,4.127630453035701,0.6829299076575683,1.2073462251567557,0.014837035983567913,1.7499307176880499,0.4040446486612599,20.412241113508554,1.6480782341461684,1.0338443351035418,-1.5162020031978403,-1.6957206012857071,6.7744618071150535,36.32216893754047,-10.276513745871828,-3.5605158422600445,0.17410622113361265,-2.2423556561495577,4.649444002871825
585.9474900528519,399.7244574613193,-847.3360654536442,-82.11107408269278,-7.331529830801953,0.0,2585.453638474637,5.140876231468383,0.5078923710026332,0.4384697477227012,-0.12136694931340403,0.15296619111527587,-8.278669321643381,-3.7796588090714436,0.8459150681364779,1.1344218159845574,18.922875536734107,-0.5534541260594326,-69.55385658329965,4.570568567612917,-6.296152080769569,5.510330213489244,-0.9684659161503267,0.860151207766398,-8.097973394621958
-1691.286750144324,-346.4149596524622,-824.5479670605138,-851.0466392139564,12.406488953859197,0.0,-336.96111297585173,1.2115606212470915,3.528356377914309,1.0743119573603528,2.3452736897765813,-18.763665262823274,-1.1134017492363248,-1.5060197474425596,0.9681242181818165,-0.7401103235954105,-0.8214754905906319,-6.022854438219327,2.5573201599920248,5.245294537670148,39.231546003965136,2.5490212281091944,-1.5298603196951999,-16.690920050322468,-5.67032274134032
-45.80569816969864,-263.66018921837093,-668.4095386157563,554.6021388659792,-8.443164305284958,0.0,2840.4835354476436,0.6402517764896829,0.9980108605350128,0.5153506491457306,5.4978156170283645,12.405405001004914,-4.368598220613358,7.479911175700095,-2.739928153589833,-1.7622268033961843,-2.2188383957764035,-9.300470644192345,9.22760099601963,-0.6288630217537545,7.570471603458825,2.264690477210846,0.7339365288621293,2.633396608445089,-1.9751369020378726
2006.651011368234,677.499003949236,-2277.4661974442733,-960.499238317883,-12.928075637661742,0.0,-270.33274558212804,-7.696537656925916,-0.0030458374223575517,-0.5306743402800008,-0.8446989152359718,-1.2439038283808093,-0.884981600084104,-0.9813000884290829,3.6791751819493457,9.97745641073555,-1.27125185444809,0.280575712312898,-68.55898361700525,2.52734734684814,-10.89964090426803,-3.543452591785201,11.830795340511614,-6.358409894698413,7.4456251124045085
-430.698543049863,-788.1983689005983,382.20177543749736,-922.2468257629083,2.2217722582009767,0.0,2815.8106136984625,-3.0150154933188085,-5.146833262083704,-2.278144310747518,7.077398639154272,10.372017713286265,-1.6016327036702556,4.109028920412535,-0.6023371230037866,0.22673375152584238,-1.20632152325292,14.772587735281922,4.082458127218734,0.1742252348281043,37.75443005890227,-6.688306933735199,-2.226862533275637,-0.40183034520436217,-6.053202128632975
-1762.2047292112284,-1216.9781231445716,3896.5836713579874,1152.1943847702064,27.707448465631195,0.0,-282.7970262654869,-18.201482267565297,1.0348445858554647,11.460933514923886,-8.92763667820617,3.4690418171504005,1.9170742563675542,-1.9665997817773948,-3.125337908519357,1.0303189229342817,-23.760424667746463,-3.435708573429801,-2.6395186080532227,40.81682531877286,-8.472782672150355,10.115994749966642,-3.0064823346847076,-6.549510630207956,-28.75403223663796
472.72229803879696,-296.6311512217519,-1570.85237979317,978.3843352619148,-14.604800198086554,0.0,-302.2956738325271,6.359423968635015,1.0710516045764973,1.7483137313528634,5.325060090044193,8.011477376181727,-38.81628536888659,2.2376409797266312,0.4426831327820936,0.6731488825471518,-0.8419806330527323,4.701859730937803,2.8372361910433024,1.6863561123667967,-2.365451205318514,7.253908826816051,-0.19464799606698177,3.3938970681058875,-2.663898372749625
-1565.5620920017814,673.2288507895619,-371.8385485770427,-1062.591516019697,-13.77994854612869,0.0,-331.59248542780125,-4.128725187843246,-0.08905539853163055,0.7893211434102563,6.911051945486306,1.1744553183910724,-5.518901136523481,-1.035369918520867,9.075498848899617,0.42503045700037156,-0.7088597224671247,-9.186131407826128,-10.3752987168472,8.239529847915794,-34.58167349270425,-5.06324829184023,0.31548533637665716,11.159744017959191,-5.733573201613952
-1703.9225549303842,-943.122227657745,3655.2871564125676,-131.9459395490283,-9.023745414949246,0.0,-292.7728574174944,-3.3524464620831016,0.3869921222143861,-93.871660471845,-12.511203028457121,1.4289523020526265,-1.1592332024395706,0.028034125775172936,0.2805804374282964,1.0853457148996086,3.833184243574566,-1.276853444723066,1.006732996749114,-4.382965988022574,-9.657050628652842,18.836199192769836,-6.491645865422988,7.153799499685072,-7.041136201946817
-1140.0144271998104,-962.754159321952,-1245.7016283962848,-78.07044625704968,-2.126110199857936,0.0,-300.01247889168724,0.9568761070481184,0.37984189532701823,1.0292165995221982,1.5639589973864862,-27.986945314604835,-0.07196656883585069,-0.11028282257812068,0.5247110732786237,2.1466732004196047,-0.49537229417909584,-2.025234698622538,1.5920407197683246,-3.6643502614153416,7.841735861879589,8.090539579216605,-5.66317045589775,-8.702936142123228,-3.3453542463733905
-1669.8796322147052,-619.4399426054281,3855.5551768719442,1039.5152023625449,-7.680446341210932,0.0,-290.6434695223559,18.032113235017974,4.125103974904804,-51.26882561346359,0.40518623219538724,2.91806722442852,2.6705652962982063,3.1712705856627648,1.9622346585236163,0.9302526309888992,0.9397434781981034,1.629611623527017,-0.9649117395433754,-2.173127559354463,-5.846594898419373,15.861125779860691,-8.183628124459245,-4.433840575927916,-15.894929116594504
-854.3103975551495,975.4344953503136,395.25672770520146,-945.3704819642533,-16.14843944029947,0.0,-313.9743702129049,23.301445367319303,0.0646090921723894,0.29651912203686814,-2.243251030624964,1.0082472828865257,-1.9888081637674409,0.3441902625213963,-0.4527320519910754,0.9686688625805031,-1.2749133195168607,17.186421749224266,2.5546746545084345,-41.70566819911818,-25.600378234672345,-8.232087288845042,-0.08034794360616068,-9.833985108033534,-3.590245278936052
-535.7107278031243,-348.91873508737774,3800.4886583537423,-489.8079130705902,-6.476989841244575,0.0,-287.65544668225135,-3.394044504257653,1.5404402645532425,-166.37149840231694,-14.905750709995548,-1.521065586411018,1.9951026992534324,0.2783855526296446,-3.4996929608113554,3.3276789485416476,1.606810269685834,4.8816168330364045,2.1048738492963115,-1.618268165347371,-35.23584212443177,16.541274222593596,-0.6010807086863005,-17.17870870652801,4.388873403709689
1372.0552180832287,287.61771404601643,398.9448020095533,-407.09388493232774,15.671239674022202,0.0,-275.5486939826823,-1.75862640813905,-6.837137026473582,-0.09146808740947773,-1.0902071873290364,1.2195503499460016,0.6998361712367518,0.8447626235240362,2.6762165604523958,0.08358737306539335,-2.7731398250901544,-1.257254150473212,-8.354278780654225,2.663086976540068,-18.464985751060336,3.0215167129720055,-1.1023123562591188,10.012604768440621,-4.6921135138756895
-963.0184671246357,-1347.1406130326363,1076.3175679417352,-563.0700549016897,-16.358980867403893,0.0,-252.37014686489664,-17.85545356745575,0.6941487974125002,2.145526675158487,1.3383677231846456,0.9201846772780845,-0.2765785048602274,2.4583260419329447,-4.129597988070081,1.0539923866541883,-0.47841191143878276,13.406779272746725,1.0255121605986688,-4.769020592345694,6.548340924225211,-1.7322432098402802,-1.4216914503851041,-23.36841798689857,-31.254607745317713
-1524.490447031406,-288.2849786036927,-1869.025091250711,-936.8186825141837,-12.978160700357384,0.0,-305.2048965769013,-4.450547411239514,0.6694287256367746,1.924369918691032,-0.6483980099271565,1.4478229771582392,0.4546535516175965,-1.2528667943285354,4.454686155497926,5.69008478480038,-0.6091458984869071,5.855365148555271,6.790841569354185,-20.11967809566015,-12.461871726968957,0.9365916901729303,1.2929707906021048,-6.835369874499747,-1.416594252253996
945.4414510770627,-793.096499370121,2531.7716204600306,-453.76728409600696,5.526376317963782,0.0,2902.011834876322,10.469585020952486,0.054761282370983363,-2.2315490567822587,4.534643663683441,10.620167746428598,14.349443281083639,-0.5742827360222277,1.1472920387906675,0.9575088222693916,1.3051514746026427,35.58557228194063,3.99600764389701,5.4604141618025315,15.08352994919498,-4.383847803262263,-8.033092644908457,15.192123623143281,31.826872014066403
207.5645575324608,344.95272381402305,2408.1941068339816,-84.53356972338919,9.561781303669324,0.0,-290.8726179652734,-2.6784174024487544,7.4267188305386185,2.690361413632107,-6.3712979295166505,2.606558148840679,1.2054850415871794,-0.18362371575340014,-0.8308144901112389,0.9962722967675162,-2.742267861949413,-2.2023813740206113,1.956495395516115,-0.5298489914832529,-7.212657594132107,-55.77929024292701,-0.04651059659658467,2.788590766433439,-3.495022925170311
-435.0936271866847,248.58409272434685,-1193.2640743200457,1032.067517540966,-0.025462171629930037,0.0,-287.4492001631474,36.96787683233958,-8.579066814052041,0.2841338626460908,-0.9674073828213273,5.786834101697114,1.6159759148879487,5.1329320960062335,0.8362579286158095,0.37362598402743197,0.9736661450821369,-3.6344687699871123,1.5900382934196782,-0.6864513486957846,4.985874108427343,-0.32595289337035604,-0.7724328731080169,-0.8718765145661118,16.655051750202396
1417.2732428910624,381.01660386604647,3874.384900514406,960.7776010201084,30.354051824583493,0.0,-246.38055080954928,35.84718200872718,-2.035857672103662,-0.7104166763305402,-17.468450004233627,3.517657882530758,0.36188747827785905,-57.94184734034007,3.0687597610477475,2.6073013770857005,-0.2594871492853329,8.351553189719498,4.247420570180784,-4.8769636833680785,17.39339167348493,8.213928426522177,1.1479768943291004,-15.442514100807353,-10.191747268436329
1515.6539535164454,-252.5071250485996,-828.267287403244,453.17249662034953,-0.05878988725563539,0.0,-304.27981766331936,-2.489451722792091,0.8446660907736623,0.8953062442088888,-0.40061418900337914,2.1258248597786853,1.046330548086209,2.784231157417942,0.8462745664488323,-0.7228350472570894,8.326998197368551,4.0890653261019985,2.5216919508379423,-3.7565842163464582,-1.1576219428134307,1.2016222191267405,0.2528201058009231,-4.291606176581317,5.47780709564366
1545.0771933707606,-601.8726273602309,3580.4474779379952,529.6372244752531,11.346520742431053,0.0,2373.9794887305147,7.240042579933477,0.49888828025113424,0.47777093275661564,-4.950260631488571,8.638803040458908,-3.845113520575486,5.050395284801617,3.5197495580550573,-0.7941830661272571,-8.487765741177205,-78.74850244044839,-5.198960716525541,-1.5905845106898564,-1.1589907294445572,-29.172920544679375,-1.9604784237214017,7.406435244568165,1.153767822019002
1871.24626232718,-1403.435767897196,-1175.5630603754519,420.34852862316893,13.752091265672481,0.0,-278.90141503801703,-11.29246030153182,1.257108969535611,0.4790741292493198,0.3791506744097771,5.03470536949147,-18.136578515933657,-0.3678373295310172,1.6979746454503408,2.152330173334049,-0.4370786006291225,-18.552288298237944,2.4060681550965457,-6.423390159356712,14.178208159300036,3.6990532675631265,1.0077331352134813,-6.769655116475946,2.46245777257995
315.7567955385592,518.7658839408288,-812.2946332527521,-1025.9591823710882,23.751292039555214,0.0,-322.6365624097482,-3.5256619818364214,0.379866042614124,0.7132154874243497,-1.0277864448105387,2.0118319491674574,-1.8693217443368237,0.5726742661326651,6.738090491386898,-0.3232298606348482,-1.8096318878964845,-5.900381005744311,-0.5696985046544316,-31.66442945177908,-15.24770465435646,-4.803327427256527,0.1619696091995312,-5.3569828884737545,19.961514636701434
1582.9078921205871,410.6106695543959,3891.430043722289,407.33236354940874,17.835610778834003,0.0,-265.9664968704296,-12.771687616488157,-3.9753287857946007,6.2287834952123085,-14.862314868908115,2.455469228844248,2.7204226295847262,7.4662691729806046,-26.02920589195122,5.663094161196674,1.097502119657084,-19.158179276642382,3.8557952968478326,-10.439570260604842,-4.092651464185378,4.18712216841376,-1.2263154919571635,107.17534435736681,-4.270067254468857
-348.11835758544277,-101.76369724790626,-1936.470108331315,453.7701071365239,-20.751929146829617,0.0,-292.41251601627215,5.7441951034969945,0.31453403587538814,0.21671700886884185,-0.6869895565367214,4.859432175741456,5.694881570287209,0.7848454191835953,-1.3309254587531512,-2.5346156967909397,7.855091747070557,2.3596480761293073,-12.491269437012118,16.181237228540457,-1.8580220646075396,1.3688789645283914,-4.789437742749402,-1.7807147823614682,-0.8663119807186707
1131.2183240414868,-128.35746242890187,-1952.6401615570983,-102.61342036218952,-31.572774967150195,0.0,-301.6722300165861,5.161791098305606,0.2769884833564017,0.45334269584778364,0.3894800156135749,2.532723650108557,1.6467861643665316,0.5863446546179154,3.152026473532875,3.296338117621183,-1.4071884059820383,-3.5135399896701807,-0.9745005411458537,-8.157837196273402,-2.5264329236927585,2.9543120787761112,-4.61129201984236,-1.8955192493449844,14.699921696046868
-275.6111569638718,12.345517077983203,-331.5987255278265,455.4925148451487,11.7853518532223,0.0,-311.69070738569343,1.6165648354713025,1.2811975949698584,2.5928284336018024,5.6938518471797925,0.31592614039915345,-36.21020250295381,1.3274075571094741,3.6534064254704406,0.8255590525810719,-2.6026781938836936,2.501422015210462,1.8572401389543878,10.36257693096367,-1.6590696594923249,-0.7799225540315563,-3.1725844846436217,-8.989927302185407,9.091939040134744
-2042.8605017411812,-828.9630654507548,314.0937750003259,-450.1759853060403,-0.7698197611622315,0.0,-323.724541432192,0.7654033952465547,7.1752115938052485,11.342064458709697,4.080556931030922,1.5083821468747214,-1.8592305447104116,-3.415098234203999,0.9453629450700186,4.2830704176147645,8.573060601825778,-0.3808483195343625,1.1917566857647648,-3.5414731637323356,-1.6731988211068387,34.391461953047354,-3.9247979774221085,-10.650008739991645,-11.042120106436336
-477.86417036530935,-395.70593729854596,2581.8133333583796,-69.51803530659501,3.3389075261594745,0.0,-303.83065864189234,4.081239401857853,0.13436882581471168,-0.765781762653909,1.2755328547795681,2.0565800648772496,1.7952352897186101,-1.7140809679077704,-0.3140187398265617,0.5846485706121486,-21.004936088177086,-9.438842869776167,1.7606859195191378,1.3786465074031489,9.427234907041981,6.144039937693416,-1.982326601879145,5.933921937051164,2.6823862032451813
1557.812804498001,186.31985050473483,-822.1265188089657,-36.72413440680102,6.7879179383663315,0.0,-277.81652105143104,-1.3759559937036265,0.5153542209062342,-0.441108313598423,10.443349370249134,2.2602248510248955,-1.1790028590213002,1.8407286634840168,3.624057899795767,-6.154202688650281,-2.2784971953496065,2.7138901607244166,-11.55960264459057,3.924537672774436,-4.57039558623495,1.8359577347598195,1.7575229448191731,-5.903583276515709,-3.413110956547095
-889.634035783766,357.59229860200657,-396.26191959916486,1028.2614591480192,-0.21624974027526475,0.0,-290.39171081792273,17.248727912712106,-7.473529722167866,-0.8853004434870192,-1.0147980085491146,5.715371136529237,0.37687319687246024,3.6207170168368097,0.3980605534886212,0.6992109087399788,-0.4513498006998311,-4.113749246860687,1.421165765022264,3.4112257539231496,-13.067187986944738,6.198871275183086,-1.0128854068441362,2.860960291633222,-7.8845909893281085
-860.8626076687999,-33.194783483774984,-1648.7579388135746,397.58184519838994,9.114139860530688,0.0,-301.3408940236542,5.851026441843857,0.7687127190966525,3.0172401648204565,6.490060316588483,1.3054117534292724,-38.37193382416806,1.196830019261303,5.415915719577861,2.805335316837157,-0.6070881732796362,0.8390427948881622,1.8165476784937793,9.342467939432945,-0.35328268036183563,11.420340147993294,-3.5494469183368804,3.422694056913204,-1.680925692486854
301.23169405098275,-146.2744917216132,-820.7166986933748,-511.178073333265,25.731396207142215,0.0,-312.3025748912655,0.7196149452857149,0.5121249766919254,1.1966086662012907,0.9005433567924285,1.9425503067913892,1.2458354162281806,0.16906324546168006,0.12615650864086386,-2.48825562761573,-1.5044871764470804,-0.2600059381393813,3.8044007794257335,8.268158289307166,-1.473569873502434,5.906244210339819,28.17651665700462,-2.9723261789604583,-2.1457140141921585
469.5865978075492,-1009.5225879405158,-835.2362315527062,1013.6488781585086,14.240412615928571,0.0,-303.7792473799271,-45.42461620986586,0.4746389232195983,4.246650699352265,0.15202117704633905,13.576939363595926,-0.34802635004166704,-4.2889135018522495,-0.04329773620151847,-7.6211615892710505,-1.2532541309777638,12.438474587819865,1.748194610154993,-13.61404230146854,-3.4302630247387085,6.193626500120526,1.8791846853061427,2.9776593352348573,-20.918247491106538
-385.07368438002493,567.5612126667648,-764.83902266497,-435.4970564560764,1.0355865324771096,0.0,-315.0281442141349,-1.0967555136443898,0.4687734958070586,0.1482226268868491,-1.2508943444133398,1.504054630054394,0.031681282490610314,2.659561425192424,-0.2306466436372582,0.2317209088482574,-2.215850306030794,3.4812574777115124,1.982160035609794,1.5621106492636165,-8.02066010364296,1.7388122846540826,-0.1471028132461874,-1.686327770357659,-6.237743854737317
1449.7090232515923,274.6579214829019,-836.2398797295551,894.0029519235359,24.215661300096333,0.0,2414.1659113304363,72.42524309640174,1.9426779338367326,-0.32693076330085974,-0.9282160884195543,-68.60436941279718,0.6947334159478649,11.917309579684558,0.47656617928067,-0.12116049016087627,0.17797520658800686,3.4343975036735364,3.2643985066213372,0.6468842072979055,15.869895603281543,7.2504422022107216,5.167344902002592,-1.1210450649533963,38.29853216889608
-1801.910097238428,-422.9023724252343,-1914.8422586316365,970.2373870716692,9.323481417948365,0.0,-305.7980233409014,-2.4093147839217774,3.475079208383786,1.4137680159842028,-5.216831932525448,8.82186181272766,2.584866825165098,0.49658319751094687,0.33255358445363314,0.025858072262647483,-0.9736340320843624,1.5233531756590537,4.240438274914461,2.3396069901945946,-1.9710051098858323,5.213810416107175,1.516188341973727,-1.1013104731009635,11.461967614141157
958.0482759700496,734.6846845457262,2546.1562946405793,511.4164032276732,-1.4996392570260693,0.0,-301.84372098529786,8.278546882720603,41.112049478796386,-0.06081200504709886,5.917912853792997,2.4877503344347476,-0.7618725509537283,-0.9634310225187094,8.00722219241585,1.673485406303753,-1.8368581806684856,17.885136478595747,2.1351746799923856,9.20399605706469,-7.784556068901354,20.37267292170884,-0.16961955874927714,1.8204642715091681,-3.65265461509723
292.0979181858166,-592.2678616996112,-768.0310413143476,560.4072192213293,-3.387102728563641,0.0,-307.6746185258302,-0.6905669718105916,0.4908099507146612,-4.986983504493143,0.3743252768329544,5.200839602929242,1.3345790885805586,-0.6343790659315237,2.523440821317654,1.3845825673437386,-2.8121062257537526,-0.6367826765120179,1.5826011321590636,-2.953785113314719,-3.675971143104857,14.72427258941491,16.35832090937936,4.859990354488804,-1.758493671835473
-1078.0246993604076,1225.4637817159517,-373.03717503070635,-400.51270934433796,51.67941937078802,0.0,-316.673395777,28.49662189804368,0.45192966691987174,0.06853774372649843,-2.0244959992953477,1.546523003260569,0.0739294605482423,1.2262250566680348,-1.7957047356680322,0.1792213716122122,-2.2098452263665505,12.308041110399792,2.6114056169905364,-31.209259836142294,-8.353909764238109,5.307834674601869,-2.7111363109253968,-13.757892373292663,-6.496457032518875
1105.9318022202535,-31.463851463306938,-1579.9660883088018,-918.9163481387877,-2.7542096931613544,0.0,2682.721113173052,2.4374775722119475,0.6083549443634853,-0.2780942869902963,0.6535573801166216,1.5003763679294124,-0.942876840304685,2.6623624130229904,2.1026681567767262,-0.2536470250541578,16.987780717227,-13.245228526674856,11.758592628899509,3.8612397701359304,42.15876489662597,-6.882483526982414,-2.319399110352671,-4.364136662325272,-1.8137703863087444
-968.7293081264817,-341.12795580936154,3920.9056143773364,-107.59322908154108,18.720643727598066,0.0,-291.75083889415805,14.758414303753629,1.1782683043548658,14.115006702520688,-14.50331925748979,2.100842466541624,-51.835515778906746,7.02074804970727,-1.3459251624380004,3.1380147909615825,-0.8832133462212043,-6.990513968562007,9.35427524768401,0.14682431522569875,2.63285814575736,-44.09717072722777,-3.915775466657607,-9.342342308848686,-2.0987258594449574
-1498.9418977561381,79.1981333194781,-729.3879400556643,1009.6650873345438,9.296949131089802,0.0,-304.28610282004087,24.982394104924612,2.4725449089626537,0.4911796447665738,-0.4222999377667521,8.0877700061671,3.250345493688086,-0.28391663235581466,3.572885134705019,2.3115297674133184,-0.8488468515697621,14.659868858562092,-0.5204176525737607,-8.393103266362358,-1.5614364567729095,2.931500266615219,1.572040297049972,-5.455470797183806,-9.196613178790884
-941.5437947233116,-496.2767843280326,-1198.3598094509537,915.8294580552424,9.690068289005676,0.0,-313.3027193453326,5.801381937259259,0.8477871987253199,11.453091873950743,-34.087481369113235,11.335698661177833,0.6129126380610187,0.9733891775822776,1.5082555407447835,0.1468813208940461,-1.014391982213059,5.975711844270853,3.5836676126243936,2.927328864283421,1.8205363086240685,-38.26396889726701,1.316624868199314,-4.736699755152078,-2.887151731271112
-43.169997664596025,1304.4134809264108,-1598.826266260444,543.6418536939825,-1.1982425305449622,0.0,-303.1862408628375,-21.01401412115185,0.1126988815589207,-2.6564894979588245,-1.8976431472523738,-37.0951724249435,-0.45610081589238854,0.35012065432402906,-0.1737726132387413,0.603199936247412,-2.0679082942235754,-2.622229050200733,1.8531523754815489,10.992605258681763,-7.955738023325452,1.2203569480577852,22.958467398071562,-1.5224949161476686,-2.4583839689114924
1149.0818589923608,498.75410892086364,-2116.680044760545,967.9727063072769,3.062431746337164,0.0,-288.2642024649934,52.185645058661294,0.11376346782415402,-1.0266543405480222,1.6091542033976147,5.879176293722521,-25.073627472571612,6.668901174738278,5.606489979721998,0.8950912684087566,-1.818662934500673,-5.164116082012729,5.009541162593116,-4.01735228600179,-6.214315898856775,-1.5229992272118704,5.646832438163054,-1.1602048824194273,-3.390915309954352
1053.1813302730643,-615.9968678483559,-1148.9584647677032,-474.4844669445685,12.141970671794784,0.0,-310.27424716404477,-2.372046475004554,1.2506271489468617,0.7025135406592257,0.2647346373075577,2.334209263283442,1.095467961688669,0.6620547534797071,4.764865440221862,-1.6922510110656461,11.141221476087923,4.0254867719883825,4.843040180970449,-6.110192550769006,-1.9850809090277877,-1.1107688551367623,0.30985757962822463,-1.1243017578944652,7.553035198350334
-795.7509809401598,-377.70583471983525,-1865.6643172125093,-913.4980006726402,23.634654463746816,0.0,-296.7104179828461,4.546893214500759,0.7018220000735531,-1.7195493214932123,0.11077522212135263,1.8822909508800716,2.665259934708134,0.9337244465783584,-2.473870968761695,-2.417619838724423,-1.0440872668592323,-2.024646063904503,9.986257636445645,2.82677244525767,-9.800368575586614,5.360084968630729,7.236140503699137,2.1202962557884018,1.7030369852765057
1641.0862360719668,611.8247934351472,-869.3589313796851,463.83579645981956,-13.555933532468284,0.0,2545.6856404800146,6.29795849209541,0.09330993261043055,-0.3510506054572778,-8.64167441374301,8.640378854642632,-4.463818438363289,0.9284328755040506,4.058823197975014,5.6040318953841854,-1.6883873871913926,-6.485813953145162,4.561195837438124,3.5643347402098597,-3.352556034628638,6.9062397778024645,-0.43183260310566884,-9.8008577232662,-5.0529455024592655
-1402.3248183861906,-85.78879452231463,-2067.2372217499606,3.6740816066169963,21.822373993334566,0.0,-296.2328484743008,-10.0922357636556,1.1717653759077087,1.3737684283548643,-0.36488947081521156,-1.4648598020644443,0.31023015420058264,2.014594023813216,12.49457976208424,-3.219153280014225,-0.7349877704273223,9.662010604407023,-0.20061378736919044,9.74013064910095,-2.678552263584243,3.0193974669597234,3.1854529327288366,5.609485860696155,2.3006050682362322
-1076.0794112862013,198.0267103259905,-2295.7070575634298,-442.8218982585473,11.453933735096353,0.0,-291.94731812629834,-2.1420155608130242,3.872189409473953,2.978772644219631,0.5274936441251263,-2.884223444034225,1.3821115122696703,0.7553928890680371,10.948587862829775,-15.54186944527392,-3.4688838925859837,-13.57510455683477,-2.7906828639162966,-12.077911385151657,4.906534896070834,1.251697442532834,5.822179313745902,-3.299508020416614,3.8111196331489436
1022.2955866924274,-9.711626797371247,-2320.0752087492865,-539.3160933080543,5.420474936487512,0.0,-288.9107351144888,1.2499050828723701,0.5973615853283603,0.39346129132527285,2.348243487655812,0.7896572511200981,0.9210092202897507,-24.68897205412566,1.9252644276761857,-0.2855150458401756,-1.1429035572910773,-8.961582776356524,2.1340269446695976,2.4267554038211503,-4.2375181770067485,-3.4456924237955717,-23.34929796250435,3.0678277258163384,8.829023622973216
-1699.6351235573,-214.35796706964666,1040.4281641694122,-489.0351988065041,1.8131778967453536,0.0,-278.3410354523217,3.7746803507027065,3.5297778042907657,0.8810644807953307,-5.771161823491742,0.33358303767163433,0.543361129589397,-0.5381960784884111,3.0001164725449803,-0.5881075636075949,-0.9896965174730237,-3.2923774684870213,-12.936161884052654,8.380782360022335,-1.71998018648752,10.366647511990887,0.4930573869717638,-2.4721994670038168,8.813527644610371
-1330.4146498555747,-1218.7617681845122,-841.2967103619602,456.2967513356009,13.622177841766643,0.0,-301.84768957671525,1.9035341305260916,0.8702531446518001,7.636674221776944,1.1664405623215852,4.968208677447874,0.5782705226226572,2.3738411975165135,24.594691828796183,0.9025682953758234,-0.4715181638156401,11.501118371837155,4.198715544274684,-9.648744774092016,-1.2505702289223655,-23.959066697841717,-2.4197861112777588,-9.75140121713642,74.83902092113419
-1996.4501755176311,-37.92668844660354,-1179.6295910965932,964.6284200924142,1.9093828453804884,0.0,-314.45544742167436,38.22394287623655,6.010595673456127,0.3571910016485138,0.09593615574512582,-42.71219317930782,4.122971708006662,-3.0856081293375435,0.8789930091336573,1.3639760363705091,-0.11253831539078402,-2.6074277431738455,1.1149501181279284,10.247417835735517,-1.7699175124878015,-1.5883992113151284,-0.624305436233491,2.7147164030134268,-8.307675069567763
-368.8605265349239,400.9166397680994,3824.909525149031,-89.03231936882374,9.026299464679486,0.0,-274.7112117935186,0.2383557967252832,-4.6985250271627494,14.607012255566307,-25.674049151436424,-15.20802706875276,7.002906425757021,2.9141388783767357,1.346396915119981,2.9245189987505156,-3.8005892498879423,-12.901168983038023,6.026709924676119,-3.6093076161596627,-7.588441555599137,-2.514490416006893,-1.4836106249497183,-20.463312027960363,-5.03504391435515
-1942.415164485651,-402.31683587445747,2597.1914205216476,458.07590296678603,-3.8345738453219176,0.0,-286.65062284268123,27.718918760319276,5.299497805672557,-0.4718269977962424,1.4136525411125762,4.995623692840023,0.6156494654679685,69.32167829433774,-2.117138008549115,3.912966791039344,-3.7963382496585076,-6.5123584857198145,-5.597884531364514,0.49757206922591957,-1.731060585517103,10.778395629432657,31.147300934135302,0.11582682783650425,-2.2749902790892795
-436.5037630465717,-437.9014117280032,-761.0967607618448,-901.2640221500047,-14.002041925024008,0.0,-330.1708806394472,-0.24094809308382514,0.9316833731227918,2.1776553563306487,-0.3556848631023125,1.8475065273721185,1.7142664686420637,-0.8297322226572851,-1.2959448457082412,-1.0453450281809413,6.529379945006076,6.652720813341397,4.034885506624886,-18.145208007411366,-7.444656089615288,3.260403404098718,-1.2236829967906504,-2.2371266362107045,-2.4324628897464464
-760.3350502195199,17.435715239215607,-2326.4073807430664,986.8556528964282,7.29777172745374,0.0,-282.3663166724351,30.888992651418818,0.6473265217620153,1.2193171680082855,0.3864990141618591,6.196577358118037,3.999413647148159,-1.3307796726966945,-32.80400355795933,2.498078269018217,-0.2703302604768638,2.3927029960670607,2.551668218638032,9.501764554804605,-0.5165345461383526,0.8399184368452111,1.4594353127862192,-2.315578493716291,-2.315948749068132
319.84713801636656,-838.7044333004922,-1812.5423157359228,-143.2483169531086,-5.550484201592814,0.0,2693.968334743547,3.676981183064691,0.39235471952405127,-11.194944755657717,5.349414673644227,7.802187156522984,0.7916996648482187,1.598397230966952,-0.2713288522948907,-1.901344608030176,-1.4530945052391973,-13.888502956107965,6.157546869977827,9.505711999424307,-3.2766921741309387,9.457943991159313,-3.2857774748014945,1.448442257083863,-1.2190626144028023
1910.8477050778918,236.68685013566446,2607.4912929547954,-501.702734817943,-6.286673141739279,0.0,-268.7045988475038,9.857071318746627,-0.3253934051371311,-0.36418201075896095,-0.5656011500699315,-5.713968591618039,-0.37901499302076874,-5.912951829654333,-0.1250549414921438,-1.4260576498845248,1.677033136369227,3.6744820014745025,1.7965682816335347,4.235549711664338,-4.166107188552225,2.883761468226329,23.907021931128316,-8.655500594314622,-7.752015347064154
1556.0748053105538,-281.8128328260351,-1159.8821108462325,-936.177730532341,30.507350581340027,0.0,-307.74904275224714,3.2310080416027724,0.7715211142681944,0.48197046085358214,-0.16225588817071052,4.073711295168925,1.2131594990558985,0.8214092041398088,3.4565167854116488,-2.540807488716659,-0.7585275057607935,3.9712646001230616,5.7111739283009815,4.574325458328556,-8.455728081051404,3.8062650760707104,1.7620746984148008,-9.646419692069804,1.9001011147732132
-466.31536656475913,785.3718677181298,2517.2013764604085,449.82809616737734,1.7923249606202365,0.0,-312.27865410314706,17.563238325928168,-4.658051285423952,1.5913577265263572,-5.2836127214304325,1.3718359562613724,3.8297624364615337,-0.09077829424165415,5.582115263516284,1.4995978999189152,-1.4932160906397374,0.09503955917403983,-7.802268688779639,12.862019993478075,-4.179561483111933,-10.536657633376008,-3.9815651931680844,2.5995771181535012,16.54843568364191
616.7650129868923,116.31021825276608,4007.7266356783557,-13.31059309668198,-2.841048926528751,0.0,-269.65454370998,5.99886740418668,-3.838982129486325,12.412120868505292,-21.058845138136586,2.8573728778705205,7.035483369582086,12.281922010538489,-6.143844682066227,7.656965929077532,-3.058800321581673,1.2439994258480902,6.032010184491365,1.6420943715186198,2.3754499912917804,0.3107093753597111,-3.756381817711639,-17.369130535994746,-2.2017691983924768
-1183.2653056873937,-336.12344782632067,-332.97503602277624,971.0346104005163,6.43656120785217,0.0,-306.2832835868833,7.204060108889711,1.161418002643493,1.8692088135473872,0.6303902689244596,10.019206897325638,1.2312302072539245,30.287740529929735,0.6289709471222683,-0.28306960712040774,-0.9102812821822084,0.08009812715022407,-12.927647923619045,1.0584613228494535,-3.3828052058211813,3.405292332832867,-2.454802772909319,5.074196945034926,-5.556371302070374
169.53897918837453,-872.1837360313677,-1214.28709849903,-910.8298089397504,35.47616707868711,0.0,-312.9359436300704,-11.566110784933748,0.3885828254726955,1.8215519955314212,0.4815896112358423,0.667507827511401,0.43874946991028213,0.009814018305650742,-3.3972008092829142,-3.2339088228023516,-0.9016745530379829,-9.417802036243764,2.256925505435955,-1.05758101319367,-17.30527480953872,-10.27430837426235,22.810223556770925,-0.9025567698962159,-1.3228296916881659
-814.3088349320313,470.5754586353631,-744.8359342088854,912.0199402370511,2.2824629852147136,0.0,-313.38720512879024,-22.166195433735666,0.24175011118120457,-0.4296593957905963,-3.1760805086383423,8.34723875467626,1.0965763710963568,29.670875653450423,1.0064751637539402,0.39378793460830736,-4.594671876681865,-18.082563109277086,2.2632905433116735,-80.13270963212427,-5.37293399234923,-1.0533537996864206,-0.4275593420641871,-17.340964789265122,-5.4325262471654785
1023.7840720406725,1190.5740091264902,312.7799637867994,771.8588746151464,3.7870061565153526,0.0,2634.688070812015,12.636832483341623,0.6197640502777939,14.729508618768314,0.33172745515126906,7.886463763154765,-9.362794025199527,7.450518088069091,0.38345392631657205,0.27038583479252615,-4.655159991239572,1.157134553768047,7.96959881686258,-0.38671024694123096,-5.074585730899287,1.7244663209141249,2.652129868809276,6.870637370431067,-23.19745434108357
1449.144550104096,311.99119051924316,-1201.3725485676316,-505.74013877325734,-5.797033294788039,0.0,-302.1313283679741,-12.874449586111151,0.3572775420848144,0.361315017925918,12.288864325089214,2.1691806943626912,3.969300098150164,2.049479915472872,4.924375577442802,-1.607296053651712,-4.925364467968305,-7.376967644927676,1.9352781858696975,-43.75364593914999,-9.082859077269305,2.8669465984983917,-0.0650674807338967,-10.139376450124637,-5.956880014078851
-1130.6798183911503,-18.08231433029144,-1586.36103581697,1009.5034341121265,11.306543275986137,0.0,-283.2980322717288,27.299657071384473,0.8791985074218884,0.6571256870325467,0.42790896359132685,7.5913959798067525,2.1678960152134015,-35.0165537744525,1.06376308461536,-0.23726880603961822,-0.29103272251913126,-4.754239906965685,2.347928862895059,-47.75565504872384,-0.7109492370844747,0.03727932285962876,-0.62378871388562,-2.7717375318387534,-2.5396142761229235
1288.3199297739209,-3.3989893385921,-375.84572177399417,395.9277645530484,3.3897834786416357,0.0,-276.2977040675842,-0.3054521671279476,0.3867494868557793,-0.6845617587613109,-0.5215869917849691,5.625033798606708,0.6431846328705145,1.3124630442590353,-0.8934235493277418,-2.7964027078697775,-4.573966482566944,0.9376615148013918,2.2271451302779703,11.72503937936475,-3.1581038440764795,2.5432774528247144,23.724048466169165,-3.6207028086520427,-2.209520433068105
401.5247490535441,-150.12249405365097,-2254.058529623339,466.7155892417875,19.43916647273388,0.0,-292.51942754441643,1.972076783572444,0.7158116488726326,1.4572446958630678,2.997797621685789,5.028473864266348,0.12664643098181752,1.7146047935079376,6.777266809692415,17.453916996304653,-2.0087956917881797,-3.336047765428638,3.1110050802286535,-1.5552437738468412,-4.39727642049056,3.3636106058536286,12.314830740006082,6.97920464539191,-18.206696628407013
-1609.6878778729174,-1239.7493605543357,-1813.1736546254583,-953.5867262494693,-12.661261484029056,0.0,-295.4012114979949,-21.326214750676787,0.8325725099030858,2.2300650196598024,1.791938046407405,1.4402671743618272,-0.21620298475042918,-0.8733070648145006,-5.985048857913042,-0.6172762670631812,-0.27594438995944165,-6.927680193664024,2.482753356380024,-1.8660261759999506,87.16279656044169,-8.199734234785142,-2.4323579498456547,12.70360366612846,-34.23448748504443
-1105.1601591901078,-101.12148831637396,-1596.251180476563,-408.11707655431167,-4.969100188904204,0.0,-315.5689526733038,-3.4512125947322017,0.5692280082648006,2.1196114408425637,4.068991260378093,1.6735609316408198,2.2856571521544633,0.18597120406026976,1.9311691135192899,-0.5048740503904121,-0.3939114113774851,-1.3960200775618055,3.289985133250051,4.548969740869451,19.197667677372657,3.57577807349649,-1.2055484089364525,-3.1466068652054715,-1.0858050717244345
-100.80587679207686,1532.3216735213819,-2282.67235369613,846.989014530429,-3.601656821841993,0.0,-297.22615530724966,-47.63924179300417,1.137992597191929,-0.3423645343341285,12.919182687296217,7.532368399485799,-0.06674588416803506,-0.9244032029840794,5.4917706963056885,1.0197164084499972,-0.9745417252721975,-8.734778456336707,2.2516187356410353,12.160075923707135,23.4328818640362,9.113646705928046,3.2006964465983216,-4.7308297365207075,-6.114601290384917
223.2268304721545,-676.7950710632709,-401.1064107965587,525.4808519011991,13.13071894314684,0.0,-303.2675614659938,0.2910958729431671,0.5644274213932372,1.3788508811985194,1.45789223923495,6.780976249901541,0.513177662232557,-0.3743156178320553,2.2869403759695084,-6.340409923673654,-4.485278102392232,-2.9888254791412443,1.424791920616414,-7.304818735876698,-3.3339909580375924,0.8925954307201003,-0.9185466595073439,-2.459274103645355,-1.6838689217746843
-1322.4518698954255,-59.53730525255808,-1035.6691776955927,-848.8084902156762,2.211369794595318,0.0,2772.462630142908,8.726597220597467,1.211979990511996,-59.16959221028072,2.52217247089653,2.078080601397022,-3.6423478229782154,10.139346570163424,5.616991639925321,-0.2322706555685473,-1.9422901661938634,-18.461505952498385,4.930225156451904,1.4770113047353552,0.15742464146338905,-1.6145295730356062,-2.629363650940718,-0.10269191224638544,-12.052926453521376
1903.9034144494337,336.3975517322775,-1117.6541266181448,-781.1800591106054,-12.014193317957604,0.0,-291.00273265910704,-5.511142599785277,0.7581316652179981,-2.85510927473161,-4.672434418563676,-0.07146381566848908,0.32217916427654814,-6.052925423685565,4.900492456852614,11.381412052550909,-0.916893962803117,-10.398264632619998,1.3804574737117215,7.854288042297586,-5.100149166124585,-23.700842850015324,-4.065545089309905,-3.367431186551659,-0.6990359237767597
1090.3470061824298,-511.8677698808295,-2127.8809742699677,-530.8191830071465,-0.360398273074302,0.0,-293.3800855150748,-7.943117728433827,0.4929898299350871,-8.962021828826364,0.737732738241099,1.5300974984184348,1.7900404268479477,-2.1600544621782536,9.121397979097281,1.303883194931113,-1.7488004730365114,-0.4976649437147817,4.945794880784959,33.1824652227795,-3.907288389968741,-0.025588326175668474,0.021124870556569045,3.0873473237654476,-1.069724608910989
415.4621055127141,-303.64022764416217,-2196.521267058671,1045.3481998798022,7.426906171225497,0.0,-287.60547213798156,1.6981988081761077,0.4793755770873827,0.8891345057343886,6.265883409766612,7.501256334714922,3.0590049710524014,4.59544948249177,1.9961888579637128,0.37018978192396423,-4.118646246603818,-6.018883126121689,-13.137678116244482,0.9631308640918401,-6.636742277236636,3.6749070525985017,-3.472396947296267,-1.8133088620481204,-1.9403119134158309
981.8381442524153,1121.93326588691,1260.639271641581,-495.03171841379606,-27.45269720179624,0.0,-308.70267739041964,4.027106036544897,0.9612051344052791,-0.40594535846006485,-0.291956927359089,1.2116689511513878,-2.989366897792203,-1.452997843288546,-16.047855053142037,0.9118435607110715,-1.6756831841875526,-9.643293597528057,2.0773181922678243,10.675778103778445,54.685033353377435,-1.8735232596337674,-2.4880197966244695,-7.819422951353537,-6.106354260253178
-1271.7240365878945,-429.3814024413552,4023.3983284798237,516.1991500215635,16.151903182136838,0.0,-306.0789505867929,29.858749878843547,0.18171176477390505,12.527448921485773,-11.526522026571786,2.701025385096407,2.2380607239542902,6.051456359399902,14.267498589053885,1.1546082043233024,-2.2393068819376696,-12.06812517526508,-2.9978898375235286,-11.141089575791863,5.650557013198955,-41.65936954741916,-8.617931566559792,46.25644976544794,9.5805184757906
-1173.4912710113726,-39.18476640002666,-637.2100077318465,-16.819599888723733,8.084566382589651,0.0,2784.777596957078,5.35767214697791,0.663429306602573,-4.408719613144495,2.6002115289693872,6.835838122873371,-4.6180347811192215,10.364901331244225,4.261311329055906,-3.1229615758621767,-1.1543482236969347,-8.957888871755907,-21.674571216955755,0.136187460581881,-1.8581393658846677,11.248419390901736,-3.223408746335203,-0.5402068836337001,-6.018194267125083
1527.4680857087487,890.7215222036897,3723.0696030102226,-1160.7344152630048,-40.2545878328467,0.0,-251.8652862392041,-22.10515368938929,-6.744829410972397,-1.590657825472351,-12.651366609900048,1.1572792383939936,-2.303300331430003,2.238287325759549,3.9922336269442806,-85.3569691504141,-1.046572543401911,-13.104614382109034,5.886032560363754,1.8153533801409307,-16.174055328279074,-16.52920996091596,-1.489045886309859,-32.59757377679815,-1.1668812138306588
1387.7170267060549,-853.7704666085372,397.8585414623112,-817.9406918812541,-19.22426416029209,0.0,-292.58668117185454,25.107301122676745,0.721636467941849,3.051178755340443,0.06142276679562249,-26.042560442371105,0.6842844469011893,-2.308019833260956,4.324727853627449,-1.9070113503284154,-1.2320851217091828,10.754364091046149,3.125281245828339,-5.96276212870256,67.30523796444548,-7.993095636602267,-1.016091816882226,47.373884116519505,-2.7777026805752603
-442.4848843822017,42.65855298255185,1077.484457032419,-439.99638690375554,12.415576549761418,0.0,-282.40665724575626,-1.9263312872097307,-16.22480004064026,0.6672307798457077,-0.5918135586743464,-1.7080193095452954,5.894627151579549,0.9702909086226467,0.9204774222590144,-0.6092609029082228,-2.091565424215605,-3.0550432495717392,3.177093740690469,3.5994356046428564,-16.80310966790953,2.8041323374069624,1.2826511939999232,1.518492917194665,-0.4621934442617073
-1371.745241005955,315.99331227685246,1150.3009429518465,472.096681934353,7.7157093431070605,0.0,-275.9677347561048,11.720703341919831,1.9796309628099866,0.5887303944638267,-3.1976195927535076,2.7343659365716166,1.4758089173952615,20.57943841238191,2.033041312184761,0.40099811491077303,-3.5192514583550296,24.588089700413096,1.4058991403199403,-4.315134487383613,-17.41780287986943,7.295343343325284,0.5453660522881676,-1.1683023232079064,0.9588007203252039
-1197.085141500537,-551.2027840572317,1022.7867278400697,-475.1382047983609,28.38513045545553,0.0,-275.1873968008039,2.349744540518726,1.3365068198427654,-11.381139510856887,0.42979473320917433,-1.5226088465374925,1.950860954837022,0.8812399719929491,1.4221597749435226,-1.557162335399514,-0.9088614180035597,-1.0300182237065338,3.6927867774066168,0.28164218048756573,-0.7148527924091633,12.183369265429189,-2.7224485864924786,0.836041687681916,-0.1316582871671721
-742.4312336489032,658.8215980298186,-327.20884198276644,901.2557453195893,23.6840778409931,0.0,2709.5854110753717,19.184740050813637,0.7462627493023691,0.809165344549878,-15.262843061668038,10.495365748101188,-8.182303570820002,10.836162997617812,1.20613016138398,2.736354954643059,-3.9723259531312,13.399828707834864,10.801568852546794,-1.5945221920230734,-2.8144938172755545,-33.806583303498385,0.7160768963755809,-0.5408516774976107,-11.0561760284409
236.4290990450366,1077.0560623938934,-2125.5592140106833,-1034.1198288703802,46.176984369719406,0.0,-320.308470735933,3.1961752401744565,-0.09202085749186542,-1.5010965602729103,-0.6467103533182487,1.2764107855022446,-2.174893141194158,-29.185937926333136,6.300440589611741,0.43215930176050066,-1.4627567222559281,-4.430979534285641,4.804085727511681,7.269681645527047,-20.715150543989747,1.6036569656074313,6.049333444894239,-4.762838837031463,2.8492457489109086
1413.0445833446975,-830.0127103732726,2625.9090767494863,1148.3299309474435,-3.929821491017192,0.0,-265.30375120531517,-15.64210555025217,0.5737830464782718,1.0091999649257162,-0.30952486093203724,7.969176571762277,-1.6868075964804283,-6.689429739330826,-2.8777758797120248,0.5532620099063806,2.6928551244553436,12.107208427593246,1.5362885019129757,-9.570104421364352,-4.5918207088524,11.532313699938241,0.9512967082159832,7.501388283817583,38.10054902785666
327.17156550512044,-426.3538174328697,452.48806728089386,4.317791841434916,-7.680708157210181,0.0,-310.2018479366839,-4.791673389420049,0.9465230681472958,1.388321915349322,-0.09545227139476287,1.3555920816481015,2.0747457905888,0.7452843493276429,-2.776272436459595,-1.9861934928153724,-4.505257354028626,-2.44681981489585,1.3034695402640746,-5.438054317534745,-4.817182051804559,3.442669764592239,-1.0343378077174714,5.085253789683663,-1.1246703984940367
-670.7033421555686,642.4076627796637,-401.6869375523043,-70.15461481276155,-10.93819735601083,0.0,2707.115316014862,3.9293622819827125,0.059220964220968945,0.7109368720276223,5.604772279842375,10.054301922691096,-10.25649595349391,6.009757185695464,8.666579699120334,0.9840179636428308,-5.1782925025554665,-0.07951073987490397,9.353168074579012,2.7406455577695494,-3.6991250518037266,-14.467977805874323,1.979961029718153,1.871570905358798,-7.7167933015819905
578.1067126588165,-491.67594732063606,-1588.020772896171,496.0598730097273,-1.4248012520801967,0.0,-321.42262137414224,0.4543431587920221,0.6021482247381754,5.805914057499116,2.027917643707699,3.9090339392180145,1.4490146931132812,-1.9173772632289066,2.6969975986790056,1.655456624607675,-1.3951107089192436,-0.3315990833726137,1.9367614431141245,1.6980000568607125,-4.205863716067041,-24.90712568952764,-1.1405081633291727,1.5603625971814985,-0.9837125312381801
1857.187965785279,559.9349540591701,434.17757764099713,-436.37668985248166,-5.9080074716577,0.0,-298.48667681414724,-7.878241308236137,0.5713025241559169,0.053112032313292576,-1.4273306730099118,-0.828193352257609,-1.5453088849168772,33.957082987795985,2.3314958603121094,3.1212115814310346,-3.5778682503505466,6.931725919756425,1.8213939008798952,-62.91430088959966,-6.504282742690052,3.06697710276464,-4.443794968767393,-19.06814364689196,-12.420910380603507
-753.5413972770313,91.25677566768819,-1603.4363509769314,-912.8311152522094,-7.459168125196281,0.0,-300.7758479460058,-6.859470394435693,0.5317739321276254,-0.4940837869099157,0.11321155143485603,1.620277924030596,1.8184412755560413,0.7122872973186373,0.39556525801934145,-0.6883938051402944,-0.2364413607794097,-1.1925953442441908,7.980944064405109,15.530555631906731,-7.268377259488398,-14.923501814361313,6.357721956986972,-2.265930621683722,0.44359906107927827
1889.8825639770687,701.2602210492391,1164.4671984831043,-4.184394794349545,-11.732659226100116,0.0,-279.02996336986257,-3.1428667841184876,1.3064002184444563,-0.2996231608610246,-1.0985530557903962,-4.409276928319493,-6.963818590124196,-4.198110377639222,0.44710100847085893,5.449012118956481,-3.4310414300761303,4.778978086866282,1.287643068400362,6.588991908105953,53.953330163672675,2.3921738076898147,-4.23113219869485,2.70554578532677,4.4291312260972795
216.391203201923,-271.688155357669,-805.9049300617544,-537.4073794599599,28.809506203839664,0.0,-308.6043893209265,-0.5050882885281702,0.6976275709123924,1.548517061595332,0.49703741137578994,2.2294792711104043,1.7391869166489022,-0.18598139481737067,1.1999987824160439,23.960175299606203,-1.3410441075706827,-1.9698948029136454,-0.7353295935763904,0.6824070393633648,31.69735951984102,2.4834770045112,-0.7443598373137674,-6.903340158255051,3.9133065574161012
2107.2725415391774,861.7971410042912,2452.1602663863687,-998.63981876925,17.255017053569865,0.0,-266.18445375556456,-16.49410763400549,-1.7189684782876342,-1.9846198047425954,-0.040030423175062016,-0.7620676418936756,0.3088093278623232,-6.133323287785609,1.2582890905783466,-61.999114775589476,1.1792246655341045,-11.521860726563869,10.761987616203657,9.896208085754292,83.13358668189295,-0.557186917933313,1.9146745089341222,36.94833122484895,3.9925005771203934
334.62513647403597,426.0447567858318,-763.2303123330512,4.957615876957243,-7.6005123786059245,0.0,-291.65016265347725,-5.52589166468556,0.4759130782807077,0.7336963918144841,-3.2877966146566613,2.1172535771519203,1.449111695197401,0.3157429785320745,1.7048105315586892,0.6118101713632513,40.4276286784162,12.598381391444814,2.166342357188382,-6.251864830557524,-5.875568600084967,8.271430910940522,-0.9423412685516872,-0.07896585071414243,-3.2888538897536037
-1718.1255953774182,45.836927670626025,1124.1141164380126,-834.678758649923,7.827904226054726,0.0,-274.32812737864754,10.823565302663715,4.916861267439761,3.622125717499841,5.3988214735212186,5.682538047375672,2.1818632442707226,-2.906225152624422,2.0789119763721526,-0.3113393292916921,-0.7609536313047447,8.274824973734527,2.6976655892959824,12.494242205674253,-7.920108984911749,66.14120747536961,0.6003674428072736,-4.42105605033189,-4.761510182670399
-1474.9654645709531,-12.934711762278752,-1572.122883951187,-474.32203855483357,-6.581044602610299,0.0,-310.7645548711599,5.127304624426113,1.6012958538850317,-46.62872599034353,2.0303266629192858,1.015913139861898,1.711152077212135,-0.7473431725317478,10.217163412730386,-0.3793181781439984,-0.5287979076479062,-0.7733126138985266,3.4968241580513997,10.89885787329379,-1.228270363931889,-44.519728432322935,-3.3338813952225657,-1.943293951595258,-3.8222999139276865
-267.070719252357,706.1184038108677,432.7024431449239,-898.8935846282036,-3.0946967583439937,0.0,2816.4290167906393,3.2051887115211133,0.9582396847035083,0.5362142761655232,-0.8158506222602504,7.501929039247142,-8.519438653319673,3.7842745029959586,1.7630622425424587,1.0563300106954159,-1.5019584638082022,12.520953699865263,-45.55606517143145,3.816367964628426,-10.5406218292806,2.8547466415399354,-1.253983835499855,-7.878259142477226,-0.5083324765750569
1423.9754492693,577.2328908726658,-2134.8921256998956,910.4875501760101,5.509218861645848,0.0,-277.4994212264087,19.732507391123193,0.3708553080199707,-1.0263731095980926,-0.8373251485721637,6.585113523828145,-27.328331572414697,9.175241752939728,5.376614664389535,0.6574559854108558,-1.44748581829348,-3.54212841810496,4.533276061958522,17.03785191712902,-5.24873756522943,-1.6700793958936033,11.191617305006364,0.5932344264347333,10.104475055766867
-1462.7094337002557,381.10506087892225,-2186.7735098051767,-447.72910801695843,3.2092459279822947,0.0,-305.329685074561,2.144515221525284,-10.901287767269224,0.38666123233861877,-3.0423267888598167,-0.02487326787512495,0.4629877152347273,-0.8097673059953688,12.653581335100041,2.430086811893972,-1.863101959536646,-2.135403818599582,-1.7789069622487614,-2.1626384868535147,-6.540886601720512,-37.919670316215004,2.0939528950918804,-2.9621034489426092,1.2482576022935532
259.91849576577994,-367.63260273288364,-749.1853742230426,-85.983883617799,-19.75958125219632,0.0,-301.1720353694713,-6.677142122838471,0.5967825065845804,7.1400757597657005,1.8539189052635918,2.234036764492566,2.0132190870694604,0.4807119241860286,-29.945587842625596,0.2546470697599502,-2.911703229987649,-1.0847583817551463,2.565270322460985,4.28328983960732,-6.30353585433628,-52.647086403208064,-8.971186945783892,-9.38250838161788,1.321185368219129
1577.3003929834133,-259.50820959292014,-1188.025784843292,446.7815624077272,5.709438663344507,0.0,-298.1658803021876,-7.818949589681129,0.5565912155742028,0.6576748343159138,-0.045561649785596826,-32.82024399169302,2.5510758165958825,0.2876457768068623,-2.4943432931390155,-0.7997842738573888,-0.8040246158708353,-2.0432276684716446,0.5645571484388742,3.6685332597104066,-3.1613040418054443,4.1423405944456775,18.86325348500246,20.63321665895635,18.195659261949455
-1223.8346871823185,474.0772675677929,-1974.9007965451096,-893.5664394286682,13.93960510595635,0.0,2718.1695624919835,5.4061610953649035,1.02472492042443,1.7853311766321247,-3.026035107392076,4.425278148611383,-6.4293996284763475,2.725510187576214,-23.116335653835012,-0.746989926987745,-4.5998967131833695,5.299751088732608,8.140818411739609,3.2723051122455247,-10.830362077582938,22.994778114145507,-2.009973039999325,20.43001134523643,25.834327734947397
-2130.2082441701077,-399.72481573871585,276.98771276832576,991.0939817534105,-16.291222906288176,0.0,-325.05143414360094,2.269354231751816,-101.35082022793523,5.499107180142641,0.5027127302838417,4.923910735464479,0.5358651542833173,-6.222380071250566,-1.1294335898823253,1.045881573029919,-1.162343871553555,-4.382481087185009,-4.939729709014681,5.706339045099349,1.465109134903188,4.7932623809508454,-2.4197149090241123,-10.939895328887392,-6.202415427298732
878.4383424834781,-604.345996609506,-1887.64938795468,981.0728160844852,0.6405789780200941,0.0,-294.51042291229544,27.554964318027533,1.8423296058926408,0.35593081090578216,4.285054618303301,-79.10824310379527,3.590816935951692,3.0408074760335824,1.0296666887961792,0.060605571463114155,-0.7701961760224038,-2.8644984283483486,1.6197502579505219,-1.9067707604263695,-7.301740103339139,4.027066071438643,4.679723686814184,1.5041363728958232,-1.0910519349186207
1844.7985004401987,162.33384603321082,1129.4454612215884,-571.8234068701894,-24.480940516626685,0.0,-281.58870232512385,2.866788283986575,0.8602876017855553,-2.1021872747219645,-1.0828477336853728,0.38973703135803744,0.5479202924465344,-4.523363686110864,2.955365022032393,4.7679412895409135,-1.0330377075768795,-0.8922073991377998,0.665405248799203,1.2646433112308104,-6.306188232722369,0.593344273833635,-1.4166482749356888,-4.255624580987895,10.458703365799837
-311.03997283794786,72.0542060407956,-1113.0103903000072,-118.20413022653635,9.496125079808753,0.0,2779.9105995493464,4.51560007675111,0.5750711149156089,1.4269278201907367,5.429524384169663,1.1241559885784314,-1.0058916288401085,5.992752268660579,5.635243934721009,3.4807268138301533,-1.205617059406198,3.02764096170388,9.959194724940255,0.34781631779983546,5.213113243307073,-3.432219921990583,-3.5306177104527343,-4.03235098944873,-6.946199839697675
-471.53179998518567,1029.793222712149,-349.8969090090736,498.1423011010682,-0.26842897998133713,0.0,-326.87100835274464,-0.24979802155224765,0.07681819045322413,1.2435030497695219,4.462586081064585,2.65247819462942,-0.46003089265925085,0.5168548151463719,8.55532671310361,-11.3300564407371,-4.800849942593644,14.165105284405419,1.8594190529382484,8.31301585792121,-6.14875777810652,30.203661719629565,2.2576581079376523,8.375343668577461,-4.737301454184357
329.97372498425403,261.2439393982132,3946.5915704140234,1092.9267597274948,-8.588919288579149,0.0,-254.96603320789768,-10.57651944801274,-1.0191320323390178,3.4586532480151835,-22.721806534777496,2.3149503414648103,1.7845043843971318,-84.35380346109952,-5.228354727677995,1.2974511303914757,-1.0397063269355362,3.3068447457417856,2.5230012092233136,-3.9256237089774633,4.655071841772956,4.479283437573302,-4.66656286140577,-17.867862845934177,-14.534713029305635
-2077.8608235982397,174.52671444962283,-508.1181367743296,-992.5471217698959,-2.423376886968688,0.0,-331.709340953471,1.6484336756967621,6.912150190013016,0.5730371581597814,-1.4589815555722119,1.1564551885260108,31.923761577280718,-2.412923664870216,-1.2939645230811334,3.38838427402017,-1.2612662276074085,7.363192923655084,-8.725907668996527,11.369201095618173,-1.0163927198741258,-2.443097756143682,-2.1821061386912115,-11.683678855631877,-18.34144290441714
525.9734392525651,376.6700717915578,3791.8841100535606,-537.161441459479,-26.095536143496254,0.0,-274.8880288033485,-8.354252789182608,-5.596078052232076,7.119681109861089,-18.84925798923636,1.6382433553501612,-0.41922890241270994,3.6056364125120273,-27.249954520576374,4.804462980368219,-1.6620165810450578,-21.25213589477302,-30.556861695514247,-0.9094650319915916,-2.599345060983755,2.9931189438579864,-0.9681134196305213,-36.14372881474468,-1.7705722306927212
-354.71565845119125,675.7048369964075,-1156.3897255680563,-46.69549215665879,-5.263510315014058,0.0,-319.8604546241186,11.648379204283145,-0.046465119773188054,0.16048182695091004,-1.513896061432397,1.7996912821817357,2.335334985165514,1.215965199617666,-8.322392049484268,0.4890713438405302,-2.601171453665548,17.215155947594695,2.1246026239963376,4.402010399731503,-6.0853082657542865,12.021572648495068,-6.439656027201192,-5.473341157993138,1.2855137859111139
-249.54401531006653,-824.2575593849556,-793.2168405682165,-483.9448641425676,40.15280308558121,0.0,-313.4270313816838,3.94435319713428,1.1996336451564407,1.8610551451595259,0.6341937132786517,-0.32431228914228943,0.5902367005655375,1.1523673369519278,1.050715410883096,-0.38895010158651216,-0.7588765004289045,-1.7372861850015469,3.8834116033158224,-1.976860751467261,-1.6287649084483564,-4.816018210125008,-1.3259981420569875,5.922184557575142,-1.5872759415017106
-1045.9176181588205,168.34198868431963,239.7250324335617,-154.81564646085403,-8.039201447698572,0.0,-304.11842152398464,-5.7836391272226,1.2779205296795755,0.20788995210234468,21.30664380373117,-2.4039307722938554,1.1967473781850513,1.856226177024939,-0.8959497861955226,0.05244387153738004,-1.4004826822661165,-2.443883083283984,1.6096463618607604,2.1997224983450843,1.3129518274154497,5.046711978734111,0.2080473986309357,7.811950368451375,-0.676995453254019
1794.2962880368577,-243.62623004006625,-2239.513563792061,7.2684798901143,0.9785878536253879,0.0,2589.844482459753,6.477344380892424,0.4171938210144451,-0.27659122954554194,6.953030688527295,12.531719946865548,-0.785288274622766,4.788819509608798,2.732984150479359,1.4834407632931828,57.34031342548936,4.971861092577754,3.795114326115681,2.9878643360320662,-3.9029062928890506,4.98501450454382,-82.42517347358292,-5.062627500712814,3.350558280116048
580.0398815573444,-249.0912740422314,-345.9678989101462,-951.4052595039271,-14.408943397148617,0.0,-309.6095933335385,2.5490168205337356,0.738770754631809,2.2318692278374166,-0.14111783232179653,0.5308373361674147,0.7436507455222358,-2.5199783321248153,1.4638176042473778,-0.7227396544642387,-1.5116076364168458,4.214077262680347,4.221253048495171,3.275117137356578,69.87171140957923,2.654135060932167,-1.1920322369582084,-14.28932530782797,3.1855708809489993
304.6103308549503,79.25519934006212,-1218.0189234152149,-548.0683211096429,17.049248556413296,0.0,-296.1742758746916,3.179498819938916,3.353172021874991,2.280649519435886,7.520899900062445,1.5851613697225913,0.7822710704656688,-3.8816819043780653,6.50064179719058,-2.3270575815527024,-1.1172047445624778,-0.4806874389142235,2.870314207256741,17.504147447152906,-3.0749455105998034,15.674569602803412,-0.9905351134537361,1.715560855355487,-1.3923544568844097
1702.7619055309115,-86.28800622463048,-2328.983769219475,-514.6615391289141,12.518719181487892,0.0,-280.4717270829968,6.1164085606053735,0.6366338082994751,0.44905054810438993,0.8377233781360401,1.3880223472324997,0.07115986127432172,1.822683059840883,4.185915022845562,-2.7389615019853455,-1.186230390559728,4.388423452799255,2.981724920937359,-7.903557156372108,-2.4506760174265207,-1.3640708109659234,-48.63109557165785,-4.0854255282500915,9.299396916184085
1110.9047485555827,327.1904145750676,2434.2960506644467,462.475609129502,6.220011387860849,0.0,-294.4843810201973,-7.072432446688201,-0.6681237885587616,-3.325250249252216,-7.415078768523773,-34.96101291471345,1.411293588813437,0.5308691541448904,-0.9844361136028338,0.9079311733687188,-2.1454762136086063,1.1388378004377584,1.3503544947439405,1.9036818637576827,-11.211996120053069,-58.21620797731842,-0.8873028889034644,9.333428636309296,14.085862301926648
-1497.1741425042956,490.0411069313664,1132.0984060335227,-443.61924529448817,-0.6150524483200405,0.0,-297.2716365083357,-14.834630998035902,2.2053284612120203,0.7653265409540452,-3.8301645974923524,1.5005999954223859,0.713296202070429,-2.963165480523677,0.751188147586707,0.40917202168320144,25.9376185844079,27.260174597688223,2.453034548676257,-21.38891011986169,-12.356068242407838,6.981975880582385,0.1530975396173495,-7.474763922756721,-9.586550838981609
-1157.3922289934417,923.9507911078028,-1217.0774362095788,-1105.6359647567958,-10.967521313551142,0.0,-332.6204326761309,4.632092055706848,0.36462132672680214,-1.1701762215785771,2.28959661167758,0.765523034417081,-3.3607475055369833,-5.784753024939325,4.557976937938793,0.3505272133171275,-0.5610014135285349,-6.076377465314389,1.9045634537661524,9.351897905628663,-25.133861231714597,27.110643598519374,-0.3975057778296868,-2.9777384275099372,-5.250253502683157
227.79685892726292,17.02100185336426,-1903.490174220506,538.3774274651005,-0.15165587284047613,0.0,-294.35415116537604,2.821161783668997,0.20693251511440666,0.0749468054951205,1.2560385915020673,5.1856089368538365,1.8114389313076347,0.034269968312564056,0.1540528606058688,-2.42729082711621,-1.4075653547269884,-1.0728672506034163,-9.028874297688747,2.442721614493185,-2.816252548171331,3.4717349697041056,-0.6330449406298297,-1.9514121140071448,-0.7403051856296747
-1663.1116183938254,396.5123590228939,4128.582610891724,-409.35384891469675,-2.2232149648326778,0.0,-260.34690885844617,0.3687505240480684,1.026751638431923,14.764943565533683,-27.073434118110878,1.3219513889258225,-0.6821521986801846,5.880632795742862,-1.1168959718377667,3.7881120063970557,-0.2572652598499469,10.307073121335915,6.332200093660043,-8.698424116660844,-4.875198205975332,1.3361876744252315,-4.67269612662287,89.14014722382234,-1.5052934422961595
-1660.491273453026,-115.9050419985089,-450.4415651731792,-967.442729700408,19.99141602830253,0.0,-343.799080418191,-9.565658292758123,2.2885788586893736,1.3855388463218816,0.23421417530325497,1.8737832871822362,0.3876361209550496,-1.4079839133000434,-32.394770453550116,-1.2093096809130262,-0.704154317485675,-19.789188219947114,4.775251421893071,-34.69835303039013,-7.543018838622351,-7.228096735763436,-1.687313980997501,-8.216662396956185,-7.231741446904746
1596.3298651603554,-524.5360995873423,-1261.6191019176947,-44.36848761245459,8.915706859857965,0.0,-305.75403435039215,-3.253537529549537,0.6235904060979969,0.5377817141892395,-0.277993879777587,0.0036102054364741303,1.151290223835686,0.5896605700790548,-47.95675655662336,-1.2693638392023359,-0.9676305513945842,1.7647413052975511,3.3043924035573666,0.7199626960940033,-1.735376466637269,6.2650728456023765,-0.5927641996118709,-8.936906647114197,9.983585894054917
1352.209393992786,127.11834569859434,-1580.125921895974,493.281062542909,0.6096660817721831,0.0,-281.58018268653325,-3.8764080335652458,-2.9923770981356883,-0.2603709033887018,-0.5832734414562809,4.852512806392487,1.3437638570519164,2.479696572566127,2.1629221562057563,-1.1940824020133534,-1.0878855202169513,-1.3491187996401566,1.832017723478124,0.27170000199951266,12.266384018038933,0.5405311836172482,-0.9857407827172516,-4.106809894638674,0.21381010012903978
633.9020283764052,-38.65410984440104,-1874.5445453108657,-938.6864040267213,-9.267975781078052,0.0,-299.27961696438854,4.8817965043347575,0.5693522335405408,1.0104178994458493,0.3732184166439252,-0.4518039810321064,-0.8553502754198615,0.8072036234292908,-0.2860574657717666,0.42610349487601845,-0.46128922732040645,2.44996024156552,8.058688360160044,11.348121085697196,-12.71063823432487,-18.72097269751128,3.2691524132453913,6.919683297845503,3.91184197987014
930.1910200944334,524.6959281386761,2360.8916857318895,-1084.7837633998308,14.040527348763181,0.0,-314.6885073505766,0.7142922534535049,-4.5665969861230495,-3.195124116391347,-3.0596936510093116,1.8687738666851852,-2.0156013874950407,-1.6162584471764432,4.467239756178273,0.7539969746504465,-1.8185327625502778,-12.515210781079226,3.0871808893263943,-67.94344130666133,-18.558985490579715,-6.443208675115995,-4.323395488955773,-6.208602275708294,6.712283219053361
-1556.6503619436767,-488.07705930545427,-1635.9993925528618,8.689403884556597,-3.862160547440432,0.0,-307.30649456854707,-2.3105509490300644,0.7913713160547706,1.1778018769701777,3.573080136676113,1.7406484422408468,2.5105143631009432,-1.211827492138599,5.391571850016232,1.44431528000573,-0.9785605376597928,4.107192248594815,1.9429622324978193,-1.163131109351624,0.26630340275730624,3.1675594248726884,-0.6201508127760268,-0.6060519096230258,-5.367275806892088
1803.7789885284706,-189.54980807584633,-2225.115094562485,-525.8821298072403,-3.5054137394730756,0.0,-287.05003577657243,-4.798179662108412,-4.01508817977486,0.903147304234015,-0.16220222253341177,1.5137676510389675,1.7463720248580252,-0.2903674365544275,5.917906861526977,2.0274547041707813,-1.3216269699081717,-9.510020650441612,5.571344258717287,12.238219240882366,-1.145465405203576,4.111023739715273,13.267021731316847,-3.4281960202774453,3.34416895154448
-1445.8012660546945,1058.4282471882534,-423.4132823404376,-1019.281049729408,-21.64907383553409,0.0,-332.5072381468443,-5.881000783838738,0.9623796054525432,0.27822630085279687,-2.2509252018237187,-15.227319386963952,-5.320828123425578,-0.6569146759426272,1.2387712018563422,0.42851320711986884,-0.679612073843269,7.779017244622893,2.099596319215037,17.44150052190457,128.73176870813526,-1.246580078988512,-0.22404796113967304,-19.614588862510033,-4.791117664853277
1465.8473507450974,-289.4686594263945,-804.7124180849586,-471.2642920675319,-4.654489269544528,0.0,-298.1597907358568,2.144664463934477,1.6315297368092454,1.6202223124138568,0.3882246968993844,-0.2347279982131882,3.1421463942268644,-4.1388546527936185,2.7826383911045056,-2.8688285233355826,-0.8923764781497044,-1.5788640821558764,2.9136584107308727,2.0324211945431454,-7.819138534170338,2.9696150392681044,-0.4939574305271038,12.04754050242071,-19.027993993804664
249.7089335513627,862.3584007885905,-1573.9091829760862,969.7831321841917,11.509081878447038,0.0,-305.5973946111373,54.92126196819809,0.3504671148628658,32.999054281176996,0.4268300116768921,5.959339340073328,-0.09312226301151161,9.601468603352709,4.1699277841075215,1.1096817230529914,-0.25590556974416623,-2.251179378013891,2.4554251310857356,8.371514061965138,-7.129765815455977,0.4248165426448714,-0.4962062916569566,-1.6753938749071586,-8.082554172973191
-2020.8230428897914,-382.60041016966557,3956.309345090702,1030.5781212725872,-10.46426844332254,0.0,-275.9532258567877,-12.013784767082718,9.269540798677978,4.180843944391454,-4.354774584636178,2.321968445042842,4.616856963752313,-5.524181624849065,0.34427243546617553,2.417712213681381,0.8420698603276741,-1.6007333694528674,-7.199508167954157,-1.3036055766428936,5.061081236386102,7.355685880399857,-7.100410027641481,-15.730306566412995,-9.698004999301896
-1163.8708251913395,-667.5947415782924,297.4226478077141,-979.129395434975,31.757709604871515,0.0,-314.89403919669775,-4.659749084433434,0.6257180148069781,1.1074279596110672,0.17432791228283193,2.069583625521879,0.9477031853120056,-0.675816903001597,3.8323578380032455,-3.8401836949028203,-0.6034775394894387,-10.760728553110061,3.5223624936740787,-8.547337046100381,-6.915022771727491,-8.21546829259999,-1.058084285041531,2.6802650714221414,-1.8356293155733805
1576.7191492922789,-235.12384156031894,410.2219802614965,-458.03292055169845,26.554070303559605,0.0,-296.99390960940354,-2.2927649161680765,0.8452488451717758,0.4005756260104281,0.3400058989512505,-0.49596618638752915,0.9772719490560207,-3.3572539671823582,0.0035527868867721996,-6.121851253581081,-2.215832698795317,0.6681481412636723,4.966215447034656,8.78208438459382,-1.5102043609651152,2.7158908703791504,19.167365034379646,-3.5989592862784563,-7.591506540072964
-2184.2116315154885,-145.08281430934417,-422.5115678060492,427.3928845333705,-0.5531613123682165,0.0,-323.6238373086914,-1.6519765420153458,7.689103728666461,1.419054099171963,-0.2322212803281221,2.69107638729503,0.07611119191935947,-5.823781721116193,-1.2181029320413839,-31.285267883807894,-1.3289569861424106,-2.3507573510058033,-1.2596295254229666,1.3237379837302983,-13.091264090158594,2.6019008842987787,1.440126006253906,-15.894411048179503,-9.19529620695464
1201.9928422965932,639.0330048029908,-1604.3281630743188,967.7015049878435,-4.065798854903205,0.0,-270.9681955455726,-37.60656898128814,1.0238441165399654,-1.182056727934042,7.367048163044462,13.590623158084473,-0.47010900029114505,2.2983206734997084,4.195223806835314,0.49171266817307513,-1.5318678275839228,-6.345933173547477,2.431611872908637,12.587854720829418,39.34005157963505,9.819430248799925,0.04372262929804281,-6.505877775172604,-3.442773160171205
-2023.1282687295263,-462.1970191254578,-1893.7504267418635,-484.2173041571519,-5.934190228134374,0.0,-306.0934792211385,-4.292304757246728,4.614795938351061,2.049411623844662,-0.5740186509284007,1.3994560630384432,2.48399863874014,-2.289023179358605,3.944100905285742,-15.343446909830538,-0.9545733844505259,-11.106868181246954,-5.410312599382974,-2.975967306396553,-2.2855875674330677,0.5908997013422957,0.9229832538344609,-1.8603219114199279,-10.539131880855543
932.0669719403362,-321.04438327460736,-1141.3672508923999,520.896151193048,-2.9615823050531938,0.0,-324.6104592642498,-3.183640922792485,0.6042009613312815,0.7593104119885387,-0.2025324999964489,5.693822864998594,0.23679923453648793,0.29628958720846404,-0.21482090884266064,-0.06453665821934426,-2.6430925846158764,2.638094183994174,3.439950051659163,4.258594973654326,-6.902366470230189,6.058556764354042,-4.970268556115737,-0.5802686530642636,-1.5934049954985663
-1384.8673366650726,374.9839525343272,-455.3517501222556,-1055.4722452228998,-0.9143201524906014,0.0,-340.44131195959756,-3.7967204781813244,0.5862533638280991,0.49542644677728326,-1.4872534682566991,1.6929445479191243,-3.182334496737258,-1.3299099818618962,4.2622767354962106,-0.24921525756012874,-1.3123785785896604,-3.416062540989545,1.6805776543848203,11.872110500401767,-15.45927630592946,-1.9625026168291628,-0.9722501079819658,-3.863896487884954,-6.059713194789049
256.4982184924079,50.50522082792361,-400.57978306721986,539.1882653906015,-0.46607209860369736,0.0,-285.14656243081134,0.4353932022527497,0.4524605347442901,0.015842341881690473,-0.04264580300829783,3.9817443452913523,2.466323133575922,-1.3402616124847289,-1.139233373053053,0.28584058495742426,-4.211630081637893,-1.567578470676323,1.589479836867846,7.421062953752465,-3.1960372139147855,-2.5453182334441804,-0.8410964495606735,-1.8751128032191808,-1.8288197134160113
-384.16397333660484,90.7071562306208,937.2556394496896,975.4401665310825,3.7330325728839986,0.0,-288.78257798865235,15.481543396806766,1.1351652513730928,-0.026131317848887427,-0.25803922064274387,1.0203283970233912,2.5563427212977072,3.7562808237571383,27.041898875135924,1.739638038990377,-0.9358801932598869,6.391767088247073,2.345127909868979,-1.07388247842094,-0.048953908352385805,1.592682801985852,5.737425591826424,-0.4901530506075678,42.942915948959225
-746.5563111137728,186.11528572780836,4020.6837271770387,-94.7070186234697,18.183634927295575,0.0,-265.80109539286104,10.591675268103492,0.3376160834671513,16.001372962227528,-18.297571048567832,1.6386248109575114,7.501699413286039,12.301326753065457,-1.3423457513455492,8.577903314807635,0.9283990401790363,-17.059722082376094,-0.7466746624608179,-9.154238881335734,8.136204850688914,1.1910595356044205,-1.3927696565082635,36.16992562705925,13.328128739193813
408.51581164630835,1631.8740260534616,504.31217239254636,47.123184866124824,-10.020822008761318,0.0,-289.62674689225037,-2.267512370374077,0.22121282123226504,-0.47620116023679526,-0.2408679787475463,1.6988162563403986,-2.9173730096146757,0.23378371990343938,0.6274600601120722,0.9784435853235333,-3.1007689107308174,-0.8107043000052605,1.889413943537729,15.013836652551452,-8.082501107108275,-5.313267035251645,1.4646386857513107,-2.9318295420460303,-4.408109113641844
-1179.3608631803636,78.14787597346177,261.5790606535232,983.5001212973863,-0.470224525617265,0.0,-302.0242068052143,9.73253801575,0.874155668406095,-0.1574878665242448,0.09176564799689846,3.826633892138964,2.80936845664325,3.226085659707527,0.6734252094114821,0.40279042329897224,-0.296594451822247,-3.64414781136094,1.6204111930789988,0.2518838615064025,-3.7347315651147177,0.2328122856933669,-0.7598312524651883,-2.535581663357278,-7.137196990383837
-1375.2014723094494,-1032.8608415549522,-2068.745740791054,-32.73997175114492,-5.42148811248958,0.0,-305.1486168948614,-4.14540153191059,-4.199727398284536,1.25143246701251,1.798633652310655,1.3894163109236712,0.8678664338357922,-2.110422150249694,0.527375405229201,4.661821632887098,-4.715232909350589,6.127259083992722,3.04738440396354,-14.72412790478898,11.17899322777168,7.10988855152702,-2.2416503913795154,-6.191553007242818,-13.969182575605295
1003.3938930186891,-338.73427029552784,1197.8452691298999,-434.6641197364004,14.177390322603825,0.0,-312.6113029644385,-0.3467958331980269,0.7392509772251348,-0.4942441962719094,0.9555954901297808,1.7309019225987643,1.705047865167078,11.449783785596479,-2.0997157945243368,-2.420415733367509,-2.758461074525195,2.8694995794694016,3.165680360663921,4.30846574607951,-5.948219491093888,2.3951030025860396,7.150178319225978,3.596176277497707,-1.650967066859043
-1381.0379178045891,-426.2192133601906,-2137.819699362803,11.234865772289673,2.860987300949757,0.0,-306.9747401812972,-2.677899815189616,1.06532115765712,-11.349704802693765,0.1685519010423155,1.899306822213069,1.381984421392952,-4.958664462455785,9.450718821977727,0.523103863709401,-5.038037829208425,2.4968571705519627,-15.587239075442632,-3.5175284797268316,-5.299684496862718,15.264989235945517,-4.310766822786565,-3.569871015351384,-0.6495214197856091
-1467.3850516542332,-761.7037763943011,3805.2260525631536,-388.48314908381786,-11.218111289167352,0.0,-288.6325445982914,-19.465227545622536,0.7845735143067925,7.41839178632429,-1.0441023630973534,2.24321592678165,-3.5190550978005657,-0.7961770580991354,7.030630564282283,1.1222498798958127,1.6094359471842081,-31.193828214742677,-5.678418463976291,-1.629184247239283,1.1924649883126792,-0.17921195169265597,28.04147846809059,-6.036029398115241,-5.807629473681649
-292.4872586304128,237.960258386974,-779.2928203842688,493.96880509399557,6.974147353361355,0.0,-294.45405015450143,2.709360218026386,0.594820082665732,0.2005206421842283,12.687974930542966,5.067311688136148,0.6844866078955064,0.5611159590244765,2.4640284560202392,-2.2943561809294217,-2.3965067365954282,-2.5037442044007756,-10.119406873140449,-0.07199372362077508,-0.3394261384458672,3.8127235841321085,-0.546464987477056,-4.0436452355438375,-3.8439348503408013
812.5591638251008,-1488.4665313688513,2474.8525828594484,-566.3859716758714,-14.60328815895452,0.0,-298.1155328860097,15.403678328379318,-0.3450725917495191,1.6958154360161624,-0.7693720934583913,2.6051663845366027,4.6258849806885785,-1.8475444640966527,0.9294084741187938,1.283221490893678,0.7101476459441295,-9.827908012051086,0.8866492580362897,-3.8468239032943985,-7.888455094443802,-0.873529999257803,-4.418194050515071,-30.119099778840557,-22.03279557308917
1669.4074361797443,349.6542548663787,-1173.7042932167612,-464.38538267450133,27.335532668872702,0.0,-293.21407920844945,-13.521511394354187,0.8582245944018344,-0.3577049754358287,-0.8015302267480348,0.134980760732981,-19.976225894578754,-1.2202361763630625,3.592358720817689,0.33716675365625465,-1.067232864598972,-8.422866466047552,1.6170560545647041,8.707833763025995,-5.310027015086605,1.5090901908061916,-5.021692875323138,2.239611791533334,3.263959413017058
545.6116123322381,155.50957070466427,2435.9482305876154,495.80426047917217,-1.6889440901063,0.0,-303.77009682291214,-16.991511733104062,-2.521295092842095,0.7586901902429762,-2.689662658503993,2.434110377989306,-1.3167318830090267,-0.2584548609738723,-1.756564202407751,-0.5802162751426604,-2.1769188024568957,-9.821937323834666,2.646568858190308,0.8671460958275913,-3.8783144454517062,9.048600485462615,4.696075546045642,12.275170983090034,-3.0361137138776364
1958.207883274358,-424.4497511401705,3902.1407649696066,432.7534809706145,-13.86935332025763,0.0,-258.6862844039978,2.3856028810352483,0.44972554371669926,-0.28945561614295806,-11.960626192652773,6.045721982869569,-0.024034821381030136,7.7410114217619865,-0.6541213153711631,4.608963852151353,1.1112538135627492,14.597298785835207,-0.4227571353576754,-7.430915229203347,1.6509905245973011,-57.22323476233492,-5.208056760314889,16.068128126936422,10.384872837363256
494.6795470759488,67.67445439622678,-2202.2534797201993,-901.1615089862345,43.04150960758269,0.0,-285.78833855315855,-10.312038457995998,3.2547103610460435,2.57329569262109,2.4623372976585007,-0.7079367866546938,-0.22264754111102755,2.4917862400845454,11.658346085140282,1.7505892093322122,-1.7567073530584003,-4.0082795660911446,4.742835558654366,2.046412193183033,-4.893723204957873,84.99070366617269,5.799009736319882,-0.735718318401297,4.300582683357759
679.9969759707798,-20.050154872538677,-727.4879691725907,-4.899422962045787,-1.4225310208005226,0.0,-291.4377776094952,2.6646204783526346,0.9430593015162546,0.9112997545955462,0.1634952664738916,-17.937166454847826,0.9803250042082552,0.5981420397572821,1.6316414845694704,-0.08923678117794304,-2.2709139877255007,-1.1143775918315153,-9.00032753037765,15.37551922049459,-4.372478441671958,-4.867565523026158,-0.8376657987364935,6.7008707552578475,6.88037649861895
1350.2417261563542,350.1006196899505,360.8735367505595,-837.0961897856039,-16.507734254736352,0.0,-277.55408404453954,-2.285584739584717,0.7049886291810081,-0.7296302763458772,41.06230161244351,0.3971622058770195,-2.4738808940644246,-2.1085417320696007,1.373729607084641,-0.9617962120694372,-2.1939326790030895,5.577165513401739,2.529767728581604,8.396274130637625,-7.514650165451021,17.151740418619834,-4.713171718503994,-1.987030231929028,-4.871286154234467
-1053.1730806007781,541.4104436405001,3900.8055545937686,-891.3751573601231,0.7509270530224592,0.0,-272.59625112240616,-11.414667524634279,-7.9694278275588655,6.716931152889325,-18.767495122684707,1.783024995066232,0.1033464194366568,-1.2632349744893119,-45.4033826902989,2.7247435122797423,-1.9008518728753216,-31.352933253029992,1.6785181289473745,2.0726151319570842,13.01517780989012,-12.81930949883314,-4.014100748334478,-32.88655453386853,-0.6137893493455236
-395.83187691609703,-338.97027093294156,-2200.5342539547623,-456.75493550759836,-1.7933208882714928,0.0,-288.7748046081726,-4.0521963367630285,0.5795854439001149,1.6603273324400472,-0.16017576156647825,1.8900988566162698,1.6461050981849459,-0.06250878018086753,4.132406549798608,0.63360360085631,56.173059869639644,1.07811233663421,6.054511077520697,2.934006664760775,-2.921483021554058,2.6746159459098147,-3.5106183228340977,-2.9541209990936927,0.2165655172560359
-1555.3024157016755,-1298.5382672642932,-1194.3407653744287,-21.35460985767313,5.365411913484749,0.0,-298.4116282898359,-2.3702722098254325,-5.826261190561433,1.7976262291392378,0.26066375301365374,-1.235866640771148,2.0974824629636615,-0.7811705331548673,-1.0982572514112863,0.9828263435569077,-0.46038206785223357,-1.0958095078901673,0.17090776386733467,-5.300048549047597,-3.5479188804528268,2.721691009097138,-0.47043818794751496,-14.712810217368592,-21.83097136286298
932.9010775205184,-745.9209470686698,-1233.7490663180208,1089.152981553958,10.821942965644629,0.0,-300.899685596931,19.61263650029334,0.5489328749324928,0.4983718386065832,-6.214876962236809,10.254246128570642,-0.21646292111073,1.4412994788666926,1.3101235535436275,0.6786623900448506,-2.4030171900672626,14.994896565174235,3.435503199599858,30.65061863230894,-6.012955288843179,3.642484379096929,0.6770130416737637,-2.903223793675638,-3.5421576853435597
-39.33136557545351,1111.6421837847533,-1183.0242300486505,-54.716341062019225,-11.295319392091589,0.0,-319.4412551172692,7.920974421932013,0.19468757550149493,-1.9676127748171512,-1.454659567614768,-16.040228575456428,-0.7546797425722604,1.6405060976807793,0.7523599221927588,0.7541756046866785,-1.1814857802998497,13.337556380434846,1.7470399936948091,1.3063527182883778,-9.510457974156267,9.492163596106241,0.5620031729806402,10.910063294711055,12.211806913484013
1705.769914290372,340.26922989796753,-823.0604450431398,-62.95598888526509,14.763127696601957,0.0,-280.036856011986,2.420027467140148,0.5896227222953135,7.550719640607348,-1.2854236657118039,1.6419318382273151,-1.4422287587676104,-0.8112167808094141,2.2422455913722983,-1.210177769942981,-2.3770453892336056,-1.33206390485987,1.9506859169860427,6.123687717264638,-6.690916601528432,0.9367670332334924,24.18346939139823,-5.22596890793032,-3.4179366365569535
234.8352818987445,-795.5541748402316,1210.5110475096212,-423.11161959491983,34.27401138864443,0.0,-286.29201255273347,5.800998232489907,1.099247773166824,3.6883951643612116,-0.7348375807746238,-0.8822511651168098,0.49938097521325886,0.9733132958765228,-3.5164813674944844,-0.2731060059797189,-2.6736569787621773,4.50322661969999,5.100970994131814,-3.8924809721555835,-4.32985082719401,1.107364866192246,0.7305191692972675,2.880829257716999,-1.4275411510467848
154.19951081718204,-1412.4870470575966,-1203.3137321250179,-547.0828979305778,31.036900477325986,0.0,-289.44516773842383,-7.487691345221154,0.39197782880837156,1.5018158173961178,0.3400375767616371,-20.658349561647054,-0.4261440484415629,0.21476116026241682,-0.9625826481317927,-0.22134621784445477,-0.7049831817932671,-4.392643584252608,1.7017668399678174,-0.4243950464805526,-4.0231878565254,-4.29789939525224,-0.991563210896384,-6.966723656514189,-19.609044231006788
855.2182106915425,-776.7276590806787,-1839.3502916222656,-85.97560965692547,-7.4902765977037955,0.0,-306.6912927049198,-2.789743085258439,-2.3579564293162965,0.7801815784495008,0.6968635241635676,3.4971182620620667,-0.29926449033897146,-0.464655116918086,3.209324186607206,1.0964454577147293,-1.0548263819812487,2.0394506704446917,-9.431493541965244,-3.7059997882996623,-6.621001669798983,0.7374660831772517,-5.57555036412515,-0.6725932448496524,-1.087904990549568
-479.7612666132194,-210.45526338017726,3943.926395179328,1024.518182352722,-8.837643495386938,0.0,-263.34866345221445,-10.675776065539495,1.2742777880240472,4.68287188498437,-11.265466325673007,2.3941194289689207,3.326752012850847,-109.7500490574911,-4.280250818544374,2.830636460040607,0.2635278061441922,-2.924941705185465,4.4204500603598404,-0.9274629857127052,0.28327665943155245,10.591176781776644,7.771064943818112,-12.333987478404591,-16.79275283281521
-1302.5934271083245,1194.543774069875,2508.624376001312,898.1922190737387,14.740399114698794,0.0,-286.38033148302253,18.364604942958955,0.06635040450176807,19.395333480144938,-3.0972796810783394,4.516552761807542,-0.18582248307426658,6.906366580689504,0.5830789665817115,0.9289161998074961,-0.0758722629361881,4.343472541923118,2.170583185802965,8.892395710457093,49.1517999161652,1.6769086580828454,-1.8391579292026243,-5.358551298381104,-21.45784359419504
-778.8832700966007,550.9073951379613,-1734.7813240971268,944.000413156751,6.302889547093798,0.0,-284.35454865088354,10.9236696748703,1.472902892443134,-1.2493486999116405,-1.7923351450988283,5.729356739785191,1.3140784645710213,-84.35197311846416,0.6114467135709809,0.18474771113241947,-0.30254966180952586,4.872489905377187,1.967506479398168,6.524807540714956,22.612596865839688,-1.1959920764098957,1.1999712485022815,-0.682361619660248,8.672715837989713
-349.90367930843473,-597.0141937999504,3847.889449792453,-43.10225905209819,4.020597730410464,0.0,2642.7964715223698,-3.9810451541723366,2.0287780297071327,4.645775569935741,-10.726904418020249,1.5883949823121628,-3.128358428891741,12.395611133579655,1.5963666577056879,2.4724671944016476,-0.0033033583995067117,-54.0917491244165,-4.413529853848443,-0.40775481821951737,2.7674523236985085,5.618702880848006,-5.269953080829856,13.501862484419384,-0.9798207481726599
1229.3496508765077,-275.5293796445882,2589.1340620684523,1071.4347783361454,12.838642620517943,0.0,-270.3578760133631,41.7989815210668,1.7522332473984288,0.41243616987713805,4.986337775262051,9.110970689167328,3.8349679984552894,2.044725497634324,-1.608040242247907,0.7437220894823139,-0.7605362370796487,4.10905269901806,3.688781513040439,-1.2619686316073286,-9.8193406426701,9.674568989649893,-0.7439026601068217,5.732005845078708,-11.774321644242171
439.0051117880713,1239.1760613525664,-1563.2385660567136,-28.785118617794655,8.059483923161313,0.0,2917.261374897148,7.07788439651563,0.822228174170563,4.439653567662197,1.2364282726422753,3.9982727111238168,-6.614775467848353,1.877134721435106,1.8630001195659056,2.1133245928225586,-5.172339640222342,5.368243973033877,10.750469867131722,6.0601909036591355,32.752885231750746,3.6229429870990355,-1.7726250726471917,-3.2461394465799613,-3.91706604096328
534.9351217569304,352.1336216578842,1365.8292622219285,-416.77610669879937,-5.427528350813696,0.0,-286.88331861676625,-2.453530346651133,0.7038846733235908,0.5428633369727659,-1.115022818375078,1.6049683424778967,-0.4243018073662402,-3.1984277144818125,-1.8085410066333534,0.5079812414648536,36.850079644020774,2.7612123565545077,1.6151539809487372,2.9567859578839544,-3.7897682048404997,2.2372152514450536,-1.1117336671789504,2.7758585925078534,-5.126945229786153
616.4234622046941,-3.1601056168331825,2403.1893788042544,-70.56283057176186,-1.4377685334938586,0.0,-279.8067057433586,15.201542186367789,-0.31036213427139886,-0.30077644918674584,-2.4118402406257933,2.762140078105206,0.6654174531017918,-0.8921801027822813,-0.7459910559513617,0.926630546106616,9.424309376121322,-1.5831413287205198,-10.307068881222389,18.468599125724328,-6.347920111952476,1.5544161199588435,-3.135783023927769,-5.3621261777333045,-2.509676045558917
1974.902314774768,600.3910413148091,-839.4490884785281,-559.2158192462379,-12.43645164972542,0.0,-289.5968748259551,11.056108598602973,-1.1613653947988452,-3.143391215608196,-0.468298438991946,1.3503634212595497,-0.9674718539559268,-4.675350437993832,2.6166901676236036,7.123229175468378,-1.8276990706538794,7.476072271674086,9.70518330100261,4.637833985830984,-6.165547910041669,1.2139494001068873,8.784012031708073,-0.0310615487395119,12.866292292431744
-1948.7553305647805,195.59384748418833,-1983.455217410982,-501.5995329895251,-6.225098170167072,0.0,-298.12293341037326,-2.290420061255302,10.485055144263132,3.9389650161777188,0.646365380786859,-2.2007498476290572,0.30485741346299344,1.5928576827714844,6.870968059658692,2.3475270492020996,8.6814819834274,1.2746739663897135,2.5662678637322482,-1.9748537029434687,-2.037688372941293,9.109183467560896,-0.9458954940981174,1.241466608390524,16.7947738213805
-1627.345230852094,585.0365245035553,-1958.6375055446683,-440.8426810790425,11.344598577179996,0.0,2657.404901770492,0.7818905635706171,0.8596309386670419,-1.7277804827994232,0.3452553600132002,2.2177436189500437,-11.987280624881874,1.6907448561031484,6.055213804597189,1.8553376295599988,-4.152883691410972,-3.233348884882656,8.3693437352251,6.336210420193247,-7.717494766625021,-2.9417861116235455,-14.594768551283071,-1.5573290241168873,11.089372443508683
1377.9771323335203,987.8853263373094,-868.5872536294399,475.48448997920156,12.714287658857362,0.0,-294.1110524011473,-4.470250693319018,0.0019386002777782932,-0.312895579075035,-2.0391155591755217,4.878579237757681,-0.7257719741397817,1.088062862464753,3.733488006920392,3.732322185428399,-5.627257876285474,-8.193844170653628,2.4055278753068587,-39.413304470978254,-7.96085513786543,2.8756046674278264,0.7015655962576716,-21.235777347630293,-3.716245701926481
444.0836169358666,723.8325696442887,1233.3208927631351,-857.5861416747413,-4.445251567509348,0.0,-301.9314409695016,17.66720053730438,1.12242006734106,1.0920212257992725,-2.0195444463532097,1.030589100629367,35.93524569653189,-3.807097332119866,3.932251421949535,0.6920003300814398,-1.8895162599676778,-3.499360031397298,2.239601151843106,8.826677402312352,144.70827773206267,-4.1811137979328254,-3.1082768018483904,24.21585060015124,-4.276344368764133
-1823.4300423063703,1.5587260443267854,-2290.5067915087193,393.8583676268952,10.582628882212475,0.0,-296.9979816745367,5.050360330569669,1.134024460955342,4.08761218975769,5.890286426740566,-9.924858084749223,4.0265393413956465,-1.2036361655274652,8.862123357820447,5.325138172447845,-1.4102459604890258,-0.9771017297453845,-0.2597295268569185,-0.5795237721466142,-4.075379584233624,4.000463538554735,4.1032308473991295,-2.6719540110145035,-2.4016983513556993
2110.794664542974,1163.6053715546025,2551.2258456897875,-71.66795875094382,-2.6200575451873402,0.0,-263.59646658233106,-4.37986234978293,-2.134846876484388,-5.27905072095322,-19.78349064345607,-0.5143841219354507,-0.19905193640946808,-4.370497728018532,3.1051737504417574,12.56999281430391,1.9753569886427227,7.358514577486746,9.805218566304502,5.814989751882967,-7.559817158426751,-44.892057182630204,-0.8340737454673928,2.0319252199748643,-24.475053690094533
672.6973115004693,-106.44157114227744,-2252.490500557779,467.97776134611144,10.01684762902538,0.0,-303.01369795724673,6.430299257518134,0.3609278827958443,0.595695264733628,-18.2022992527499,3.787308552358924,1.6015521231827716,0.028977638325167563,5.637349875419229,2.4205522326889826,-0.818469590671419,0.19078415350106873,2.1696613266578977,6.951319943825204,-3.1552987296308,9.506557370017655,5.66803452405711,-2.44898458476423,-0.004716982838432962
-810.9213284638481,-17.73276313997297,-1089.6931793069643,-407.14067032681675,-6.180850168594424,0.0,-309.2154995587426,6.749055260828509,0.6827153175798393,-10.163179326641023,1.1694351131480898,1.6059664795403976,2.6755565028803434,0.7464776924714378,1.5548231654079467,-0.8819314957928407,-0.34180158424215923,-1.5024598417104806,2.834569141202011,10.31819403582251,3.1059093712734467,7.427780372617025,-3.430808174882844,-1.4560685444822685,-1.0286232437665417
-712.2840893062748,214.89189738960653,-2301.204130631106,-39.544089854426524,-88.3043821397652,0.0,-278.790924493805,0.8448376687984164,0.40615458218485856,0.5768419600078121,9.867786950010979,0.18798923761536912,1.4076324504984885,0.38505518653685233,0.6592782848913744,0.5667896711698278,-1.838424869911813,-3.8554172281564822,1.6261384799493983,2.7223511507684535,3.9782707052449804,2.119903980555978,20.110964054929752,-0.05382910211765035,7.75255640406064
1711.471359883342,-155.36246331637597,-766.1662785248517,-429.93718681250886,3.5446906631765556,0.0,2771.171335071308,-0.1804252947968425,1.0638336699244937,0.09767448007421302,3.666384096734899,7.823653217914443,0.8992081230855888,-11.422872081474381,1.2388708797012866,-1.2077467820949839,-0.4591367098740725,-14.77198199489867,2.645001623152128,5.3476092096740775,-2.966917046867567,4.293133001935532,3.61509233378295,5.413009920232051,-31.294137497782522
1680.6113795506328,-434.2565917554621,3913.814655622989,431.3272901295353,-11.030035126694301,0.0,-268.70250710553375,-2.791836399302281,0.1360562398946536,5.395966110769622,-9.746574037596744,3.629320708292344,-2.3045011223361818,7.165814141037319,-2.2139341959342227,-0.48779613876059774,-0.36889033631263946,7.879029177223351,-1.681479776369706,-1.1740811904323858,-2.4624877584992713,8.490596016499282,-5.782908978184686,6.021658723314944,-2.0219024496925497
94.53581320155223,103.1983749736619,3900.015154300889,-1058.1387068783422,20.774618047693995,0.0,-245.27609913941996,4.099879216391078,-0.2779689859346275,7.895915664298052,-15.05203818432729,1.9729546939437375,5.943322272885173,2.8173685844963257,-1.0990139850215344,2.7820093132103056,-6.236205834831384,6.376599423975411,-36.94279709105751,0.04842291445002941,-1.2934722959992004,-6.687910376536338,0.47850687741849723,-28.20648494540553,7.002689978952954
1916.2414898243474,10.760701430766238,-1578.0058850751143,918.4841023174785,7.2767571709455225,0.0,2374.3968960643474,23.88313952380759,0.400665578205283,-0.55220184957723,-2.3753828450597236,6.820977521512771,-3.4017136109877217,-21.055775890767737,-1.5513317293584665,2.5348574167299733,0.03155762204830179,18.38629453351808,-18.134265508639924,0.7932179567123745,0.22521258237337782,0.49524348498528903,6.342953273221872,4.441176394907836,2.668651817375625
1911.590338711438,-211.0604498099785,-335.1216513239818,-524.6876519974513,12.328849011767717,0.0,-298.3670144118919,-3.189606161465816,0.8243031556384172,-2.084780009550138,0.21856221015759975,-0.19550842772647875,2.9490224608264892,-0.8663482538606122,2.303821420917804,1.640782211065252,-0.8645913660386988,4.37722239910358,-61.87175775503974,1.5248339282905603,0.19246783381345578,3.1915922896374376,-1.433024257434498,0.7075239111932023,-91.68125082321598
615.1026749976301,605.122311269907,405.72772404612385,430.59676669757107,-92.4458296861063,0.0,-307.6218536785606,2.6145646657261654,0.021097886076279583,-0.010805216271933142,-1.5203872094097048,3.6247663399246193,-1.9499728199394826,6.0083257859104275,3.0172901177507425,0.729766078531112,-7.696003561215908,-2.942148634687046,1.619929508292613,10.03307126462771,-6.366285992931399,-5.3094583572317156,-4.738591353315414,-1.3555162788124868,-3.2983817796289205
1856.2070723615946,82.9311407710559,-1574.3075988432852,-829.6624250569097,19.91229022766422,0.0,-277.5808201475163,-10.230212838604999,1.4626801608442597,3.270522589964626,1.2102696669827167,-1.6893008992125074,5.571035617940749,0.3136335711673284,3.531179328508747,-4.92182965072991,-0.22414799732349,-1.0384197097101102,3.912320196155916,8.399722913515442,-9.564406563056236,56.117636214625385,-1.4945372163922648,4.730827916783067,2.173822046549822
618.4168980259265,78.90139907654536,-371.38619328456184,-543.5442137276315,-5.792857656083425,0.0,-316.1186891897534,-0.14024193243303726,0.6777440216332201,-0.05215057120819424,-0.3171395760420561,1.7362770507605731,0.013882586082166259,-0.5956760868979182,1.1189562168041594,8.197671233159209,-2.857458220384649,-0.9980532833764293,1.9305576455450608,5.778265394709964,-3.0868162002492725,-3.2129616915383026,-1.0839205521172461,-2.324750929813616,-6.082887867267616
694.6704237580517,-774.8600344595386,-342.6757733431828,-46.3693881194796,-7.765648813321522,0.0,-304.61461971735656,-1.1838048907885546,0.7240388686525023,1.0500496583051975,-0.060354965935030966,2.739956794195064,1.5149605148314997,-0.2594746731962873,2.4528990530894315,-9.890073443480965,-4.269154994838052,1.3292243491783884,1.0840187109472819,-1.627550556248401,35.39831039600209,2.2417991147056124,0.7075646426781885,5.989255565759248,0.1052539539223458
-1982.2229873838946,563.9271713212138,-1143.7274552253589,998.3228315784673,-3.891668572582973,0.0,-321.9487412235203,37.30314322414253,2.5782862437903162,-0.9134039037973319,-2.3284220761335876,4.0296296212344265,-1.4705532861200683,3.855776756154171,4.44564350366406,1.728304387670081,7.92635666412034,4.649742527401601,1.9366901790764746,2.679693069323571,0.4609870347748255,-1.4202816036219599,-0.7406515311668442,-1.6507557501186276,-8.932467925461324
643.7774222361445,977.6419419502172,-2168.958319156211,870.2278849039616,-0.7885923748829936,0.0,-306.17272540618103,-9.685636546851528,1.0941781480592505,-1.357036674614586,-0.9819027700071558,6.930743096039285,-0.4566693356107099,14.229595138058498,4.359406947680428,1.0117665560238576,-1.1628296047716602,-1.727529579303717,1.9999525855542946,15.527578239414218,50.20396433905396,2.1270140734041223,2.9509936426490775,-5.954573436106131,-5.591786148459507
-1780.6420467522614,-240.44267943072734,-811.2857527284151,-867.8872913612399,13.57117621048114,0.0,-330.317048433272,4.571950249605143,2.2626309287512125,-0.12711526931838255,0.92125956303244,-17.977294865195315,-0.9691515954377544,-1.448409603648576,3.0742088505638243,-0.44128264706931564,-0.7752448626235597,2.1799062175533748,2.913626955562914,5.28074008081757,-5.667097545595126,-2.7481965012620915,7.705767826091559,-4.610428603063478,-6.218065433605977
1041.3512768897242,-667.1553041783812,-1147.5043743872927,-943.9600137552148,-11.867869303625342,0.0,-314.2191331555518,-1.7703827662498457,1.2600988053525466,1.4688241273451568,0.4660588037988819,2.029256451162705,1.1607536617476184,-0.6231574224536734,6.78234073688683,-1.822656990846321,-1.086642033529661,11.399869223811752,3.1627852202401012,-0.5417827820659649,-7.3320653196588585,24.776035794136998,-1.132112368524191,-0.9347780622643803,-4.520873098555561
-362.58095402227264,-435.6842417424177,-757.5795231550605,1031.0136880585633,-0.08652290421123188,0.0,-332.85981951239455,11.805762091546631,1.187689168556809,2.1236441317997103,0.46318460395803773,12.760359085150476,-15.043470731171485,-0.4184440024104431,0.7273238030214095,0.032829828468581894,-1.2023981841382823,-5.875906265940663,2.5049495581245416,14.867719247849294,0.43029408991542717,1.8435979109375111,-0.8153745793603939,-2.3112054809835727,18.134998379588854
324.78902916899636,-362.0537170964197,424.0891122302256,1.2130304442400885,-2.74545976517973,0.0,-298.42240060421244,-2.7282295011324496,0.4996734136725133,1.0940671102139088,1.75901038258693,1.7794425120457273,1.3606701712375562,0.3249854252206245,-0.8658126324992262,0.4872751442738284,-4.756249187060009,3.5982052659234918,2.0009008398886188,-0.16308033361965027,-6.53342130142417,7.5057191871776086,-0.8143791410710239,-2.439074419482902,-1.8345041336113015
-251.4862156152263,-963.8524613339677,-1647.205711206757,-461.2099208815355,-11.864513332210278,0.0,-299.3719299846618,-1.8090536889078896,0.28867234309553935,-13.283509144375818,-0.0743048347501919,2.0802544391572853,1.6245510484084025,-0.42531241521258234,-2.2362905410396383,4.09096165500897,-0.7214593565281076,0.46852371398757414,3.2662075133529314,-3.4488117385619024,-1.8689699069261105,12.214377449006413,14.86772294148637,5.8816926393747515,-6.346166203183613
-608.1727887510164,743.4660015761921,-264.8125923017063,-365.5443070009094,-2.9237862637728265,0.0,-306.1939795324989,-6.884958444467089,0.47911850042465925,-0.1651558542889439,6.656163383589583,-3.1273539682112794,-2.0524986449165885,0.3256371466197994,-1.1825742722908128,1.1220104512408324,-2.71358050412347,0.6530311545463524,1.3059799822252076,1.4217204520510525,-8.428118923191006,9.032585192184305,-16.7153690820392,1.9165403675514208,20.851236138077226
-454.8532387453372,-712.8440721126644,-436.7216404927503,-104.12479839501201,-3.111272648099179,0.0,-311.1951337456709,-1.57767429454033,0.9209640105263425,1.493208053545805,0.413880925899028,1.9740404949415478,1.5659514405687796,0.24095080709866487,5.7915222462514935,-7.825381573661185,-2.6519870764547204,-1.3692006755395374,-4.435805273849884,-2.599984263742486,-0.9211558100649461,0.5156446250578154,-1.3011042535313428,-0.7557191849411742,9.283324241754686
-314.413688973939,109.86535635875684,4027.203395204766,-95.10048653797473,-132.42283435927104,0.0,2711.802997181823,3.2671598159185935,1.7125495314206918,14.302580359187406,-10.106846732725215,9.798174039718429,8.575699168332468,20.81166904834001,5.671142850003759,5.010295028803807,-0.4824062298875502,26.171326523401238,14.799263556290676,-0.05738730925632111,3.3048026706832325,-12.617019889709741,-11.486710815081176,2.0711492431473353,-6.800873130417085
1395.7542455719752,-379.25439777256287,-1904.4131143427499,-47.76750051377393,-1.2919229457948513,0.0,-297.2377397749271,3.0640627519293417,0.5500743604293961,0.6789460555953586,-0.38031467843444167,7.06272277168953,2.743492041306127,0.7221187916325584,-10.878260118253543,3.007041937048885,-1.4860746613375875,1.0620337842633607,2.128606924284174,-4.98107381734933,-3.410113288068263,9.257964275607335,-3.2240784016252104,-2.6974514684379605,-1.3838504786751717
872.4909143774703,209.9347431353532,-1614.3716316382752,518.5603650773012,-2.168071734881013,0.0,-290.4292831291223,4.519189535870511,0.1805046521512355,-0.38575536121306414,0.8804372815612761,3.748322249080905,0.7746758113069456,0.7137165941452094,1.4878951923208537,0.4716353665218832,-2.7350761403915915,1.4853969538687544,1.853386755769777,3.880829125698972,-5.049479253825147,3.3365283061987614,-0.9837793120721244,-2.7210119741584027,-3.429204895087221
-768.2422162939964,587.1687195606384,-1772.750732058872,932.4532339953739,2.1514304661089927,0.0,-289.4676698664728,-55.40065664904649,-1.6776967182999059,-0.7016834163424148,-1.0282145933668734,10.161902317539086,1.203457448256287,0.4552549615955648,0.7963822777996673,0.41450306236258017,-1.482033676355426,14.786427197094593,-11.01739579740834,15.138577960036455,-3.835757192153191,-1.6034542253620945,-0.27290951583700956,-2.1006501563009476,-4.108198815546225
638.2401098450968,-1044.1711323265872,313.70000846985164,376.57991336962584,-1.6564969551988933,0.0,-320.71098505385703,-7.8222568188603265,0.5342230266593067,0.6936856499255091,0.810688894207408,-52.365239767352456,-2.036301269091418,-0.3722540633945771,-0.23360276002585467,0.12202575504179367,-3.064917432351492,-2.276163931704256,1.1361281762406157,-17.054488600818917,-6.3279561700733975,-39.04165081481148,-1.533237969830704,5.862910225748764,-1.9949878592421941
565.857779285688,-13.855493061295741,-1967.4057921771673,-70.39413701207818,-1.511862101919974,0.0,-295.0322070743451,4.307874310683054,-4.967298272770727,0.41687087929815414,1.829214174509319,1.524543571249264,2.1008702740452865,1.3108205061734584,1.394948504578445,0.4946537349046639,-0.8716714006906665,1.1897735616192622,1.8253702928415325,15.736139675838372,-4.215521750782453,-0.16426271091899305,-0.7273924482286891,4.106293830288893,2.9027143777446134
-1355.1036023514628,1834.699487701162,446.7165644210968,688.5465011090962,-6.507968093083707,0.0,-283.0789769560304,-4.6007116499424505,0.720088517748505,0.9629196153329672,16.131878271283217,1.2212835411640468,-1.0168027956737586,0.6827655864263757,3.0965906245931722,0.6380374749883642,-0.7160197930959854,4.698990172137707,-10.420679964028327,10.501040857477584,-3.062563620438593,8.215429924321922,1.2647095369287917,-4.3092986441173835,13.573728976210457
-1571.6822853262056,-195.72411650484864,-1692.4833435234357,-881.4492711049572,11.426713871218377,0.0,2731.237411634222,3.172301669830391,3.5723302321332895,0.5781459958170596,5.473401990775915,7.733185531620194,-1.725333985602919,13.851079664993092,4.128198991607171,-2.2808228959638654,-3.3576887535429023,8.77174137073315,13.952539351868742,-16.57938615362784,-8.362782802248962,-10.470595717945267,0.11375598863436444,2.1634658070045667,5.207387126975372
1500.47879026422,318.1602904326987,-827.1119063831288,-49.59364816432069,-1.4775533983622873,0.0,-286.6381115331918,-2.9609787933288327,1.41734617476996,-0.40540870992687206,-1.3890463516297025,2.218281966452482,1.840599513597734,0.17997508829459843,-32.372323924161044,-1.269797580770123,-1.7444125647187145,-1.5643806212329205,1.8221942412002818,9.467389592065249,36.01433598846403,9.206905441115973,-2.4941936245080925,-11.049788070145846,-2.445249764475226
-803.601832200356,-83.92247395217221,-1919.4599405821925,-68.59638244783368,7.210744176591642,0.0,-294.3379630664771,-7.936838149714923,0.4024178694872953,-1.4425877683578572,-2.384485187536785,1.954153869062068,5.2160189962404955,1.0736694677025629,0.3095199493287904,-0.07845903914783153,-0.5292691042858964,1.6328772468134525,1.9381103759954907,14.6107696521792,2.0948584924085774,8.77407670921867,2.2665817735235745,-0.042566287050464044,-0.9873640356995886
470.4248928452249,878.5983817753033,4099.05575746127,1027.2474216454355,19.38062011400682,0.0,-271.7291805599494,-22.818917829273374,-0.861685979445537,13.168743797219301,-15.899110666062905,5.066304801774733,0.5353874429936343,6.692080992751826,1.681631436528003,3.619720829761049,3.5365154093958187,-19.11215519908641,-6.585921984233783,-7.590727333725729,1.592274621623783,3.7129940548453675,0.5754385654788744,41.720459986895165,-17.688137600042207
2110.247583981801,700.4888785553512,-1561.9562922557514,509.26668225736694,-12.336900558877947,0.0,-274.28807082906843,14.567556521779427,0.13686085280971538,-0.49259009545961385,-1.619580367880386,1.9220334296262704,-0.10734427568328908,-1.4783248091648507,2.7895502939863697,11.730485282522764,-1.8860434106355435,2.3590429304420146,3.6644138310170424,4.660349036463747,-4.5753513391768115,-2.656355547532377,-1.3489116787884141,-4.500078242077242,3.9637118970492002
1040.6319741041148,542.0418100782517,3690.527731068667,-1023.2355353628459,-22.017437680319006,0.0,-255.94010990860411,-13.638430909374557,-2.4668818442799765,0.40976319752737234,-16.28484309417169,1.698304741122782,-3.376647713447597,-53.687123797198474,3.580073132402357,1.9746079116324797,-1.5978223182688127,-4.504537456752095,3.0415923844004404,8.377274173185517,-11.82365145100062,22.315665328219005,-2.003340025121679,-10.582348029265999,20.32205499417506
339.7238037905212,-11.818499105208232,-1938.4483472304255,-142.57124921722985,25.199173007172313,0.0,-293.35797558990043,5.786317589283289,0.2322351570379293,0.10157023127410109,1.8454106327507158,2.133748472090767,0.870984402729311,0.8056536103453982,1.2852710862090961,22.386936354981255,-1.1544518347836077,0.47737760409179986,5.728228520151178,18.83543095967148,-3.9400268136671524,0.5893892686831373,-0.7291033714119732,-2.823203549232966,-1.1126664762092549
347.91995513246883,-906.7799673853575,1184.3184064369336,432.9671436770872,-3.7875759912137568,0.0,-308.6789074020458,-4.481626138662404,-4.010675472757064,1.7670593051015873,1.1487575944175625,4.40868117736917,-1.792045766102157,-0.8949698873810109,-3.3260286466209825,1.8168116693525749,-2.823541825331916,-2.772507247396659,1.1212005474767681,-13.0908187828301,19.479741407756492,6.7164819452122755,-1.5014008658492448,0.32786906794683285,-2.9458108169693777
874.6339499471666,86.20340934153333,-819.9497849828227,-579.1535302986271,16.620965250407263,0.0,-306.5296241928057,1.656025729062627,0.7005444812346276,3.5480392134472334,0.06362484434908827,1.99766464944497,-0.22540998351989472,0.5541140925938648,3.117428019177179,-2.6377136495547715,-1.1867649684579495,-1.283774514024022,3.6149178859630817,17.965896098679494,-3.689632204809419,-3.293755004425273,-2.8531919490331727,-5.141883556301207,-2.6300067280451707
1103.5922145775369,650.0034805597123,-1171.1888411240323,1009.1445029457275,-2.7085675062413865,0.0,-289.4895291066787,50.83928254834106,0.6725779869165464,-2.103143113897745,-1.276494066486932,5.2846333957202525,-0.7146297378081923,9.684501692102469,3.477659475335616,-19.174367519694034,-0.9190044959075966,-1.337047734894223,1.667983442255778,7.758703540142904,-6.660358814835194,-1.5559304682368205,-10.58434811449845,-0.5814725012846413,20.77670097720404
1646.2906069793,-237.6926451705591,-1618.9464843858777,-35.847028977949286,-5.920251838946481,0.0,-293.56448341749837,-3.7555761645322,0.325744398733569,0.5945418490120564,-1.5166817471391782,5.80701141302737,2.8820475457634323,-0.03145793702887769,3.4636149729618766,-0.43481114505845664,-0.8832615011549383,1.355477478226827,-11.442305804035469,5.076671394892109,-5.7667896233313565,6.735568511195321,-3.9793264269854967,-4.7655603152221175,-0.4316864020083937
-749.321987198952,579.1400334385871,4204.6995771800475,-429.7111812416091,-3.3899600804151877,0.0,-266.50955954795273,-10.110526852509459,0.3302426033458529,13.646701637076765,197.88368197459414,-0.026568738360291187,1.5717751239851951,4.672634309575016,-2.8853775762087537,3.4251088143783988,0.3442886623466687,30.530151361280268,-1.3801859213809495,-11.031987041537404,-13.160906766712273,2.636562924698515,0.23448644773686814,33.083225416667716,-2.2409501999901686
-25.95666696456856,-297.4855100278083,-1068.041596285313,579.0802410458729,10.21272619445113,0.0,2891.5044174708787,0.7483137506922136,0.659157310533964,-6.247593199032502,5.9634235086053975,9.649794745731459,-1.9450002685059236,6.962457828876276,-2.2703203688500895,1.6266544172280422,-2.348411341472919,7.140842513923964,10.45213442561045,-8.537114251635563,0.7601578854011343,11.796587850320787,-1.0396797195256786,-0.05198697230469951,-0.8438863998845463
-7.855363228030907,-1194.058909081582,1113.888194514619,-1056.8283100563735,-14.068892605336293,0.0,-271.1819648019906,-1.9278810250911786,0.3994970599838027,3.288255213004045,-0.04744483489978085,1.6617979962377516,-1.1869123903900376,-1.113198967080044,2.61156076221795,-1.2826188736565631,-0.850905464964326,-12.839853773781345,1.492257091728764,12.345496662594499,-12.500750196676721,-16.346337978733672,-4.064549095896806,-1.3877339784538476,-23.49430178721186
-843.4459996687024,-70.76854736231016,-336.0651500372204,421.52612885748795,-0.07125270040852198,0.0,-290.4372485698595,-5.588041837254301,0.6073165312883811,0.20452262517432748,-0.02660086221193505,4.096169021635839,2.575089122589227,0.36218972892978424,-0.16888543425524047,0.20156012431679882,8.461613124234761,-1.924363512630283,-9.712714960041748,14.493854739506697,-0.3074590524503256,-3.4077126354779708,-0.9950093504662257,-1.9226030722613998,-1.9860354370392763
1747.2702348542396,-420.1590662383907,-382.00561339822616,388.0032140863849,-2.346550691828803,0.0,-307.14967622983056,-2.135388609699252,1.0451254442282687,1.1453973379010631,-0.5220262957649081,1.0822888230972614,-19.797652558054658,-0.6047345251724621,1.7621760750249782,-0.56930993275592,-1.3019577095400288,3.3893793858589967,1.2065251021127608,-1.417580874401209,-2.1236829933459496,-37.41778884790161,-2.1562836793805245,-11.005667892302075,-20.9596247311697
1695.3907922252538,537.2311797470704,-1817.1890360907337,931.9711395522271,-0.9331624774935708,0.0,-273.65638855312653,-15.907897526167488,0.1353968128709683,-0.6948474047208998,-1.375708561630747,7.4971492213871285,0.3179186824166306,-17.91642615696164,3.8948642669143223,2.2806736342745486,-1.8514931358456712,-11.463449249856552,-11.993281786054254,8.886744949246813,-7.106617184981473,-1.245648626689616,-1.8177192195302563,-13.853215498117313,-2.586517913054384
437.3777763597274,-732.6346258050074,392.80163264654954,6.362486887257442,8.222072946619496,0.0,-298.17951390058226,-0.9611906176309254,0.5776169125303762,0.5032719466422513,0.9721978223357682,2.9520742747956086,-0.22562200070787225,-0.06275371176031727,1.6982714900374376,0.8918131315441632,-4.624456205773924,2.5629542540506662,1.6567396386460274,-0.9503060292059649,-4.065338825871039,0.2406019597933148,7.960133231065794,-1.880370453028792,-1.4468600279916048
-742.4091645964332,-142.25568822738057,-2218.438590843821,-47.809814290542796,9.457121133547197,0.0,-292.54203077775827,4.03056911453023,0.5125140856615592,1.0898163357652848,1.290818908696464,0.6144315064072077,3.902712719709372,-1.3142791055104457,4.778245576241698,2.559124850970693,-1.4785018876313947,9.376988743094438,0.08765899261730792,7.598827686999467,3.4641800430323992,-2.4101765717384755,2.6863098052093495,-2.4448772142299062,-0.012271641505055834
-458.09219669757005,-843.5002562736582,1068.944991114933,-959.7143259138116,29.95240673713197,0.0,-284.12562139091284,-5.268325627472938,0.5737478740771931,-20.06430782228505,-0.18655851516718605,-0.2520450530860739,1.4750616911403287,-0.7453686123407731,-4.4443226752339084,-2.9467562293932374,-0.9163627667614495,-1.0064224902471313,4.199047164480324,-4.528380122391909,-14.04143386218432,6.675298111395134,-12.880322435401187,-16.028037426523074,-2.474347403924133
-1966.671325254842,-1016.0347806278668,2543.817134267254,-69.3895193510949,-6.621580621564729,0.0,-296.61716137954113,-5.721179113536883,2.1728981774633813,1.5169004641740318,-0.40971616455737137,-29.17227751428056,-1.1539894738441396,-10.396903405962092,-0.3167985679515325,4.788483113608364,1.1778592570818665,0.5128323652729007,1.0670175964019224,54.65286808989268,-5.202437069544327,6.6597362241646225,-4.666930577758606,-4.81086814654589,-15.264455472191822
2061.2554956898957,638.1384898248109,1138.8213950216427,3.97403151519054,-9.497788795144178,0.0,-284.15573678367,-9.162069416324943,-0.025610933785406458,-2.7733393515573197,-0.9383794812584393,1.4938043265400627,1.0932087497686618,-5.555380397872602,-29.577343982942367,7.7461799631687525,-4.7478714869773,1.434639420118785,9.7605135254545,6.724389720863905,-8.3373791731752,4.190702890384748,-3.217854765988776,-1.092739770989134,11.638307676000608
-810.8415833502349,1257.4982571675516,-2258.0472175379946,776.6587050863458,-58.5620090424657,0.0,2425.313319900879,40.44461680064342,0.3405742083636316,-0.3756388283836872,0.8882665729870374,9.60101027228243,-1.9627422205911318,10.226749326744057,0.914545671010393,0.6348306585878527,-3.1363281504956326,1.2294364674273173,7.538379112970468,9.023273152929464,-3.455542325057358,-0.5403562315158557,-7.292364733601322,-1.2256175515529357,4.089705012760325
-1843.1789831356516,587.6743426802495,-1705.6116746437408,-843.3584380397053,13.890489814891888,0.0,2719.422874178205,5.652486499287407,1.3706770091670095,-2.600218964653017,1.1547919890377514,3.423119682865396,-11.893688009617286,1.6861971906415367,6.5233932872240015,1.7266693809234759,-2.792943276130507,-4.513867048497212,12.205718624241054,6.615780981869368,105.14892834406191,-0.6751046683345129,1.1871613941924672,-8.292947846200606,-5.3283957007030995
1956.0943996723552,208.45487544224315,1081.619421058816,999.7741909132637,26.850071017479184,0.0,-268.34660438596234,13.5939585085992,4.6576206121776575,-3.8508954431984836,-2.4526000609139933,7.471998441681474,1.7401073602641648,2.8189426885885474,-0.40759418426888055,-1.4727809417902449,-2.4239130522231505,-3.953516235740507,8.658425341803504,-1.3968834515326978,-6.4907697059353,6.978272836366688,2.2468603047948106,26.533238987262507,2.04956797372182
1415.0238243453625,-553.7571101200526,-319.34231426267127,-985.466311663437,-16.254521299222432,0.0,-285.18120201100714,-8.575021587689351,0.803979447952017,1.211944848346735,0.007296676052273021,3.0575188460071527,1.0770523591084216,-1.9351400468194506,7.072942264913287,-2.3825684372116163,-1.6002669978305573,3.5355765670978943,3.3410920804817845,1.2792964017408917,28.20179559216608,0.3192789517665077,-1.3348117393885985,-7.610330278474582,-0.3789140393914813
-1395.7070680002946,-597.6592830003021,-1841.1301565193223,999.6592425210065,-4.496105376986716,0.0,-297.10285012341024,38.66248096122709,2.8443204565003786,-8.821282732489857,4.00373546215751,7.7734361202194195,3.225598991210821,1.4135271892352783,0.2959907285356034,-0.475472634881064,-0.402665890953117,4.994147404180403,3.212069379707638,0.5522136841687353,-2.6912313683954285,11.684114792631549,-1.9724207690836242,-0.6549412479297361,-2.512289520269492
-1285.1507847364837,-568.9998577713512,2584.7065834140544,-376.32893760124875,0.8951471173738171,0.0,-301.40026712287454,3.745189805120479,2.012422594176931,9.164815604541223,4.506749350555695,1.8593719115069027,-0.9424172090066126,37.21956963874485,3.3526052121530228,1.4954203255766694,4.380813059566468,1.1502643582535728,1.406617146648212,1.9226275279482472,-1.629523265711037,8.926821818033584,-4.137651933365646,15.536960569186817,-2.3264520924104857
596.7865540755032,-346.38679772722713,-2238.842591520562,-533.4935841315772,-0.9088397242977533,0.0,-316.0536813926409,14.974672006526506,0.6655096472657125,0.9473969738684908,1.2458931787262209,1.937908915344413,1.6060738730815465,-2.3173475910117634,-15.073432856955977,1.339605897645011,-5.52215645985533,0.2747668915555176,4.379655979045868,-1.0001602165174812,32.39943320814908,13.416307327539629,-5.416575650743071,-5.095761764737441,10.823998417242773
499.4978148364896,592.8339793036408,1182.061109392456,34.973433716551284,-0.47954495576516076,0.0,-304.01292211108483,6.631639589585623,0.47338726987334423,1.0749423373205291,21.478611037651312,1.4404882102375094,1.1442785469900794,0.16270880205352323,-0.13135322510508665,0.5683895371247472,-7.734226123344519,-6.402021204626613,1.8162843126344992,-9.867622116183329,-12.433216543197016,6.190989411836249,0.6599169562141487,14.381752748311621,17.918947258726874
-1205.8971150041077,239.64873096763915,4264.918176537578,482.0295862736481,6.851032161472096,0.0,-279.507656699181,-34.147237164490015,0.8091941466155742,12.64990602687699,160.98373499114476,1.3628199208396254,3.4094499259112983,6.843597628518964,0.1997288258946982,3.294458274835075,0.34715231691229903,-29.879825985169784,-3.355248811459068,-11.091622620127286,8.712331401856252,4.256628943011802,0.2652019099478977,58.667101803879525,9.071639100220354
-737.6046305921981,57.13751036940346,3898.0344369316404,-870.2310098687983,4.5656236739516,0.0,-276.53888530796075,-13.906262442975986,0.37110761376662,-72.48618087637266,-7.072156621020815,1.2236270096184207,1.420495613443456,3.6915238916214683,-1.5657335799633125,4.74493360872249,3.7930100244082396,-9.02839578464081,4.978664009800517,9.64589044701192,0.1276372339744046,-5.4255640002792935,-4.002823051433662,-2.5775847420724745,-2.9850331216563233
-1423.5649215314281,-358.875680433293,1114.6301222462948,933.3011317648877,11.46471407457926,0.0,-284.03009148892846,-10.745702403374445,4.513924422764916,0.9199518698269767,-43.134073959176014,4.00646885179291,1.5288679985782196,1.1680749774699857,2.0977220499925617,-0.018784238230240995,-1.021659308316498,-6.560982533035981,2.4702324736497276,-1.1974503280850388,-5.355959605572507,5.983558677051453,0.1651669001823472,17.97733161736932,-6.534142537865944
-428.8457924971814,-311.4213349816435,899.9273044336312,-934.8380239482417,-12.589744133242815,0.0,-279.57496580864927,-0.773565168946749,0.6148433572530362,2.6142142199317924,0.17123372432837272,0.35664741492993307,1.113187161719596,-2.0314236936785828,-2.5407240663501534,0.5363898235969563,-1.1645837573470927,7.233416045111402,3.6472173959610665,1.3901503899986039,-13.153843583693007,5.758790285751531,2.311780794893577,0.6512270670295625,-2.5767924594295013
-1310.9473105036045,-30.37453225346148,3971.9199727549912,-113.6797091319263,-59.56235710787722,0.0,-274.7592408095547,-0.1319702818724846,-0.7133036029414094,7.848243593208304,-19.925542433512707,-21.899607487108316,1.3539255167636768,2.4900196268867334,-4.243206353638058,3.7541366426845,-1.762364830753195,19.557572052006794,6.2411500762248115,0.9467533115170559,-34.219776640755214,11.238330235521603,-5.888876778840669,-19.38888401549598,-4.480464419029161
1653.2690406282459,354.94937185057205,1089.1814707271794,1052.474784721395,-0.35829500514647533,0.0,-278.63382006051836,-16.507843684646467,0.6177804992919718,-0.6457021354808535,-1.5863098138873744,8.969651529392737,1.7749023140536133,1.710906055432065,-0.7133240557516605,0.5668110181523813,-5.923924296620763,6.535982518357484,4.012205529331171,4.85188713693275,-7.101581668756888,7.058026641989365,0.4941398285111833,-4.177156333936645,-3.9671070193585605
1047.7028702149523,-468.9688942320024,2496.057481493347,502.32960561412966,3.3119599341455337,0.0,-298.61850378974424,-8.993870508718151,-0.11095508824786593,0.9822252929635679,17.129357427518393,3.1145518267556898,1.750824387824794,-0.9971550862687192,3.675836892947659,1.6297068479356749,-1.2342842823395843,16.58490216497559,1.0312930065693204,-1.5966202685665605,-9.529298696253612,-37.629382545784026,-0.7600116346980808,-15.752766915019446,1.958126759085727
-250.44145863983147,-812.4963323708402,3831.3894132354235,-463.9905528837808,-9.80047870723665,0.0,-285.80590531637415,4.400595773101654,0.984535381046646,14.034316488926178,-3.6514832548722835,1.7030284964729028,-15.83438132451158,-0.08570465823624757,2.233369807340945,0.7033033760461026,1.7079343486310892,-3.541307157473152,-8.557242586792638,-2.153919251993793,3.6863170351511827,-0.5509617904334254,-9.433422726977463,1.6549035378324934,14.472157944164309
1959.4698449842197,286.54481100137275,297.26055987919324,437.63859212228743,-14.31011778272124,0.0,-271.18308089955485,-2.392614818309902,0.4335483710468743,-2.578592360908884,-1.2057583688819016,2.406574662071086,1.3751514306008454,-3.125001641215788,1.633477279380923,4.141847029366457,-4.708409386005703,-2.768804249017086,1.6911131684171412,5.590457302636577,-13.439626539420665,1.7025631302900737,-1.3702429229669115,-2.579487300832999,1.6797640801576548
1881.0346932555597,-725.7336686048989,-298.76426711828293,-491.6396640825902,-6.862592632434965,0.0,-296.67474076042896,9.799083072782665,-6.123588973637336,1.8973254966374429,0.6655597150821427,5.413820871525376,1.0303936214018243,-1.7097677024876352,6.760895360140723,2.0248246932317024,-0.8403826310788011,6.997927253634803,1.7080068939757322,-3.3056993780264063,12.528675398760228,-2.9717493898954928,-2.6323962280509696,-5.051496260808346,6.72677105373623
-1448.2936298147763,485.13606197763045,-379.7101426521087,-439.5018698837167,0.1310020499467334,0.0,-336.1827518667709,3.3672547725819952,0.4187813895558199,0.7771698616299102,-0.5051892231864714,1.1976034936403757,-1.4030442006785864,-0.3885333527831672,12.748335942536535,-3.262762693351736,-2.556489438142183,-1.6120233862265978,1.8090589271691555,5.437637917870473,-8.651463732951854,-35.921264979331816,-0.20443558833500908,-8.896583338437503,-11.855684421804233
1665.456661041206,344.87828267264837,-834.9893259375024,-77.92543541991078,16.467386027353328,0.0,-282.7494223051134,2.4185324488919093,0.53015138093796,-0.5285879708381366,-1.6073009167042844,1.8276427330128604,-1.0867263581401265,-0.7342859982673012,-31.05156998183791,-1.2766448654019273,-2.4875447975759992,0.6518281305191478,2.251672533361676,4.941826633572993,-6.6697268907774445,9.655443502315768,-6.325712728022206,-9.469566048005944,-3.740657615033139
1084.201914783277,-1045.9622470415202,3974.92083147233,-526.2043255830666,60.0041494097296,0.0,-270.5522897503348,25.867608159796948,-0.39503397349205216,8.246057239355489,0.49117079023076937,2.8171666925697507,0.28308631212068947,2.538391250793275,-10.998604857411898,-0.13363667066232904,0.3545085402833397,-6.756223416203396,-5.045064316174275,-4.736208428906807,13.02379353808835,1.496531685406412,-10.715074193753185,15.060290480696443,-14.94912049367074
1841.6106840785887,-13.099176529870535,-401.8771832170825,-606.0366328120172,-21.051918824416724,0.0,-291.65722319048194,-9.021989587085127,0.8374237915629144,-2.2450032724670144,-0.4843710595980709,1.2873295539286556,-21.977945880586205,-4.452128317183559,3.5208060404503287,-0.06483823691056295,-0.7531295800938722,-3.802172367507415,1.3055309688530223,4.728636995155365,-2.6376782033452875,1.427670743126278,-1.6912643657689808,-4.74572865104783,12.658823899149743
339.2173435604223,-280.25488062854043,-735.9941458107224,567.477034629094,-2.487379102329054,0.0,-299.2489231100075,-5.503197263146064,0.5682156242241709,1.6279007403711114,-0.7035125467326369,4.497513135964483,0.878731702691684,0.2615890526768674,5.829768271098006,0.7281274678206957,-2.8457639095835257,3.374575378296891,2.476716790371863,2.818994407709322,-6.156216167502071,9.646783703162951,-1.9250301952274822,-4.02800167831009,1.6467448701299119
-722.7637524084462,-48.959133339510664,-313.2538511391354,-409.98554800493395,7.044585786312832,0.0,-303.8912868778034,4.529933273350395,0.8572690095275883,-0.006783454524821458,0.8013136576407409,1.5251751737099875,-19.71478939676177,0.20432144536610877,-2.1733791280443606,0.633549334603182,-1.0549514666138782,1.0765513643848401,3.380084529400984,11.879639466770064,-0.6829231445496161,-3.4083014628095234,18.090969832917537,-1.3244787213747167,-3.3277648217288776
-364.0505563972098,364.47935463618757,379.7856696070988,-396.51549133479654,0.6914997506285586,0.0,-309.43714435567216,0.08510154171413548,2.390434377786508,0.309052700291649,-1.4858320423253266,0.6665820523674092,0.08831823310448988,-0.6093883870578015,0.014238925411952354,0.37709019809494276,-2.9676494832612246,4.372282869070407,-8.671268137068498,4.676427122406384,-4.365703928443276,2.7042333318108818,-0.731566958548533,-2.727789353810508,27.60004742138415
1190.1082331798234,-235.53282464866882,-1066.3841363522588,506.17617039911755,8.353483632324215,0.0,2965.3469171027537,3.3962916206059752,0.9955381673372815,-1.3885874443788397,4.470194122387935,9.332357675067882,-1.4478619323518591,5.231100771099564,-0.11252492640505282,1.7057881431498487,-1.9491818711651767,-15.365778065272464,8.272768076100132,0.7274951523609394,-2.5963111692346144,2.1066637604494196,-2.6566123215507633,4.729360784537089,31.596721611230183
1003.4615903007897,645.859850808353,2374.522522456882,-1115.4792084689375,-12.2097734798529,0.0,-293.887227415537,3.150366799233623,-4.986268835477984,0.6101711992702697,-1.4707531488633887,-0.5775826477917674,-1.9147990788894786,-2.403537041144037,1.294161859661095,-6.8568345798185595,-1.9812871384433883,26.57625195574826,2.371547143819742,-28.75719939404875,-28.80128859065635,-3.5535038319901635,2.7053743768260596,33.49350906086979,-6.2969227526133515
-202.3097523112709,746.7251297323658,290.9373280596763,-969.4672524323078,-14.847516636559153,0.0,-296.02885940797256,0.07412840677829104,0.18856196795079375,0.8401479909083924,-0.7652159410055709,1.044771087849808,-3.919408443710664,-0.6827592196662895,3.9198106312125462,0.6794611117578601,-1.8758536419690808,-3.657170979582255,2.4117436986117786,5.6475349494089295,-26.866154853785158,-6.716149263975639,0.3401699386023464,9.841071761129452,-5.473021665005956
377.0268474097118,-267.279961979123,2560.1338336635486,-943.0070996872198,35.0297042682137,0.0,-301.3846263040048,11.358272714115007,0.07670705921716059,2.527566883773128,-0.6992512279633215,3.511234647662282,1.1951181830089246,-2.1739455927442974,-0.08322718108808694,18.538497205538548,1.2849408277472347,-3.9768541513398916,2.315110568173027,7.631872131810692,-12.310083335828034,0.6881466888879956,-4.172524599709299,-3.6360666157087826,5.814078653536316
421.5388133745476,-299.82105971169466,4071.350148751818,535.9073671659686,4.584168108361038,0.0,-269.7616187438953,-3.616971397000506,-0.20295230970718978,15.049824329830386,-12.078563044203415,3.971121841545409,1.3786875787383224,6.82628721143055,-3.232530572602457,-0.7683032690308172,-2.4180440310661533,-6.7555251259027305,-1.6517155208782384,0.03540025779324026,1.6491603770103715,7.236963103498008,-0.3015921531776893,1.9257773237295326,-0.8449632679961273
-1338.315536898632,78.7449953771353,-369.091726757252,534.3783516588292,1.0565912275850597,0.0,-312.92038557737317,14.871083175038427,0.5421152277897598,0.6308575461720637,-0.6066183153583652,3.7647393587596025,2.785872073370462,1.0499967771858765,1.9230233953809825,0.35967249601771184,12.622544250951837,-7.381252466589254,1.5967742682431774,-19.270712997996124,-1.0850852905315367,0.9588924713519572,-1.1685664413735306,-3.0527154977318363,-2.5134105948910905
1543.4116385465468,-1078.1966266917814,-2140.28572163536,448.7516422044164,-0.2492695277322293,0.0,-276.40769043461626,-7.6571012851285944,0.29063061761711995,-2.2657205630605266,-0.48677178389679626,6.344638218353226,0.9222218856802925,-0.4012153141903327,1.2188542727406355,6.318409071483224,-5.926852699479722,0.6291276445426444,2.123385972660399,-13.113538057212983,-2.4316858951739984,1.075032116060066,11.932015783188234,0.38704763988868623,-4.1153720700482985
1013.1369464175993,985.1464031371397,-1724.750502911111,-0.6951314779611304,-1.924142350389437,0.0,-309.1585403534279,4.46042830880043,-0.08703228791520906,-2.6071093461637944,1.5649405956015705,1.2185647269153634,-1.251354869710959,9.919094640872618,3.8969211735618976,0.6195738545775645,-0.7974912658461988,-1.2668317831941744,-7.512213695450678,14.051773613560778,-14.210071825653994,8.99255769314996,-0.01328337413920782,7.621937549640438,-3.2237318615835027
-326.0273788471203,228.54166462361513,-749.4310437704814,-911.1838938795319,-7.022692701934946,0.0,-304.2308269661207,-1.0331973821601046,0.9836788257453855,1.268600357612785,-0.9910390317852293,1.3772668580820138,-1.2820120926542684,-0.37162780610193813,3.093313235402871,0.1523496418060595,5.536081058438669,-2.864272362473111,2.04343594584171,1.9443703969064134,-14.289393152928131,-10.061413687595348,-0.8600730231276903,5.106658458731305,-5.046235354769715
-1958.6812718569897,973.3932586902358,-1173.4598478868434,-1.3934327856683972,-3.6420531786204333,0.0,-318.51582020594464,21.46697308814438,2.5285904886274713,-0.06646574238841105,-2.403432942608054,1.1870331690621738,0.36163308035966246,-1.1885087277002602,-52.66153344677305,4.090599274085453,-2.473091332111011,-11.550027995536404,1.5519053608813365,-29.129544050995797,-3.0636503038702765,5.962007953394097,-0.9365956948827424,-9.546090382903282,-3.019916206911671
195.24430889269837,923.3179137793072,-1264.244937150155,-60.779360129981065,-0.9480808163686043,0.0,-321.6440069412335,-5.393502926922317,-0.08234190594934988,-2.0250935590437975,8.978745522525246,1.7517226112002227,-2.7186441998736814,0.3277387317012317,4.1357950067848614,2.781562884927714,-2.6550686068927885,15.730564634954812,1.7245331660909287,2.5454182925588253,-10.689032074581855,6.176417468881496,-1.395446692501844,-1.7688591847342556,-3.8098874082746383
641.6597589523417,-1295.931606574651,-1558.2705013894806,476.3171405844512,1.8770115941434882,0.0,-299.9541868223787,-8.33539912477063,0.6355386825752618,0.9746260673330016,0.6320969325170562,6.951100801205225,-0.6896614198409801,0.4698102907857623,2.1826654566135377,3.5529833840826703,4.682183743177853,13.42605562220484,3.0484401331304984,-10.869657061907338,16.797078280738035,-0.5210481791040622,0.8413981248870817,5.822858571487713,42.9671632080959
-803.7207252869905,87.67176916231645,-1155.5462326944842,982.6754638643063,-0.4453379561556863,0.0,-285.96882114837945,25.669065274382326,0.8557611025293897,-0.10002908830248292,0.029923643056772378,5.286102244646899,3.7092994812348445,-37.66193326815505,0.7955680335440636,0.18906435172540692,0.069003032006693,-3.3575552374427065,1.5085527413215087,13.517052328865523,-0.2934870764792668,-2.4319551210440653,-0.6413601141610131,-0.873778177431819,9.928675531713395
818.7418401101895,887.3503690746552,-1669.8529146304074,-977.5454254955433,-12.740477954461223,0.0,-327.2791831298667,-0.13058818099303401,0.2724197331273039,-3.294358244478469,2.3580712148916643,2.024678408299573,-3.264980750271373,-1.367696323931221,2.549466470351868,0.4060085218668084,-0.6128500572523613,-5.240662354915291,4.803459592554289,11.112835646403514,-34.81814295333419,9.825772633457522,0.07859345677743758,8.723721286753976,-3.5815831095807478
1280.0108161565704,-282.28808197695935,-2245.695445913628,921.3533083685951,7.018455995373297,0.0,-275.89772793295725,10.488486650091986,2.0209583622895697,1.0810735003999024,9.08711914361451,7.544216031766091,4.539524359603728,3.5297994429733586,-70.38066963863082,1.0067037222042163,-3.475893306099216,-0.04864565138783958,5.643387969110678,-6.076015045698868,-1.6147476373353309,-11.89383544690471,-3.483572517047964,-1.6094843598791346,-3.1301224992469745
-884.6793181531873,-925.5638794597666,3816.1444847705206,-999.1279685873349,-17.136104011381516,0.0,-283.9265839978572,15.834016517673096,-0.04566905148270084,9.701020942476172,12.595680379382195,3.14651124854641,0.6121063532465123,2.819578689997909,3.0730994914309533,-0.840214454177344,1.3374873802808585,-27.229950952851638,-10.955999691895324,-1.5916994330085232,-3.1355372876459713,-3.502656010307808,-7.512586813864674,-18.545562860469946,-2.270434845433594
-1363.6348905576708,-530.0205543765068,-1830.3400631868594,-925.877115059085,29.7827395868799,0.0,-305.93597120910766,-4.577706078145436,0.44837564790283246,5.188348041977554,0.1499943835467683,1.1228216237175754,1.4922004405520772,1.404907135870714,5.265143619613916,-2.0263422334871346,4.017062681262285,-6.511623139525135,8.427154082816068,0.6116940369083153,-14.678654012861973,25.86297703057056,1.9180558568135397,7.297323029911297,-0.1674729165769952
-1906.2446438415407,534.5072465747979,2609.974249097466,-886.484563399316,2.783309729048143,0.0,-296.4184189356554,3.2824683939616954,-1.9273871275014829,0.6511403605380295,-4.62206406859901,2.115398727662923,-5.908732610459622,-2.159121289157209,2.771791592923215,-36.69584326435057,-1.7251494831576597,3.060740103586066,1.8774316447679413,9.58326713566109,65.15517928183479,-5.074689235062287,-0.1670599505658164,-10.173311527865962,-8.496688028855344
1869.3608533570878,100.42412602980328,1247.701809848581,-420.140592865327,-28.41420911474935,0.0,2602.6057564231605,3.2153156610881446,-6.095210823880271,-0.29571890217346036,0.056987222130414794,6.712568409368475,-1.8979512057676766,-6.562902101750744,3.9029828918434255,-1.935945451250334,-3.304089934719805,4.87726710049431,-0.5502115423553615,5.310979395995464,4.222502759252753,3.2876484399193466,-2.9605322806182346,1.905976051006249,-1.6050644137064183
-278.45778316340363,208.8038771177026,-2197.3447774686474,481.34573747198147,12.114495486875365,0.0,-285.8942065075549,-4.993750572191922,0.21711844633448796,0.8264469924288597,-1.1173179918200085,3.3915423985208712,-15.975273844190847,-0.535108794012884,6.924634463312642,2.754013919351171,-0.8634965701526987,-0.6023172926610394,-2.071150392479227,-4.657708801799541,4.120081803606685,-1.1464008900474663,3.065847998990193,-2.552002232609279,-0.5670138008844101
-2016.8873681366983,-999.727304036823,-790.5432977549187,-854.5507003347128,30.04753779024999,0.0,-338.7301102192949,11.645789201911505,4.654058226814936,1.3618024951256307,-0.22095291427020822,1.9378752917150532,5.310887514173309,-3.4365402830639664,-0.4328613358766743,-0.679360387984635,-0.5360885907757702,2.6562341363063946,-18.1360205461835,-3.446573221464378,-2.383012343457588,1.2633772115665094,-0.00455588199818867,-5.7009647700176185,-20.684350597342636
230.96723021057002,187.50271786787422,-1568.1864185742418,-943.0955347054105,-10.540906530785373,0.0,-292.7638457071684,-7.441962478145928,0.6530706759156256,1.2056419479053713,-2.3025316824251805,1.2121729284209661,-1.0089314265236415,0.5061830111715294,6.925261246092481,0.2231140037948684,-0.7762038807827675,21.51772421175063,6.462392788018926,4.286697818998517,73.63711929425217,-0.2076261706184026,-2.466145644299466,20.004730327831048,4.857559811698451
278.64118745471393,-786.164096731046,2448.319173418262,-963.4229584346216,-14.173488747667516,0.0,-297.1156418426609,0.7771878292850706,1.9138493603797002,4.483974545987921,-0.8030262748385046,3.3327186807363565,-1.3821761931694803,-2.5481213374219935,4.676686043714975,-1.230461334476468,1.4535328324467183,-8.05293729638803,1.817271678775874,1.410384313101267,57.4260705917182,-7.182363212429256,-4.815838225991235,1.744811179129829,-1.5201986879412166
651.7800052725922,555.059137412759,-336.25274221446216,69.04849187186034,-1.6929922459014513,0.0,-301.78171843265073,-2.0990774491954496,-0.30739402786669595,-0.061930283657363396,-0.9579182511081815,1.9847867652191675,-0.35649042888721433,-1.8067987322101806,1.343742394098288,0.5276522077695165,-7.629411831287035,-2.3419014843892256,-10.466884402798335,10.348432195850478,-4.5000961014136545,4.991242643331863,-0.22884972054179242,-3.090554007068979,-4.102931054759014
-446.8120724088783,-313.0961594779036,-1185.042278185595,456.85574400418943,0.33470944293041494,0.0,-325.56144440778456,-4.224485684051456,0.7544754481598183,-14.023987296170608,-0.27255347332470536,3.167548080741693,1.9042566252133217,1.1211623774093273,1.8389285078379591,0.4639894564264752,-1.2678484451880052,-6.732868328317944,1.9556037822523402,-12.803321098569295,1.0442354726372813,14.341796309885925,-2.6973852101332407,-2.6010554419139935,7.656524756781492
-1820.5908966700515,365.3393124332485,3949.563874010518,-955.1917411728814,-1.7516522237051897,0.0,-261.5917503413838,-1.8741671477728141,8.415758867886554,4.4991555919997985,-21.711480932937295,0.3463246333006379,-3.43349898354186,-36.99651104115049,-2.3208365193465155,4.022435551740125,0.9187577772087596,0.3961993547358895,40.345436773607105,0.9248533423444416,-8.27897949188201,0.9441031229850271,-4.524394681723362,-23.506354864195394,22.345119576175772
-1984.0926478157319,-866.4585180015152,-822.534921355465,-132.0927971413191,0.5192660462132236,0.0,-326.8415776718831,4.391610934421782,9.159697126767458,1.261433264832893,-0.5806171454108111,0.9488561887717633,0.41974301865165364,1.3331356441964066,-0.1515374387131152,4.5853112880829805,-0.6790799316735442,0.319780994327423,-2.9214696015989654,32.76883628849669,1.2465024114478989,8.41611320058177,-4.243979152499013,-3.9937889029302824,39.68173058804002
-2002.5373857663044,303.3591344733808,267.59961959213535,-60.22446392520441,5.823976935320402,0.0,-314.8010893374936,-16.286268279448993,6.699688626875427,0.8531908776874735,-3.8628115859235423,-12.430891031934227,0.9273263077200113,-3.541778388202257,4.75616448259879,3.8582909936073855,-5.6036738759244225,-15.394810129119918,1.2596136603919894,-54.48495726605473,-4.2322158298140655,3.2696059227994216,-0.9932190047151898,-19.701500854929037,-15.83736769389915
621.1341183947803,489.8499091796977,-771.7135989860013,1045.136892517297,8.016928530044133,0.0,-297.8891368977174,46.44700411188398,1.001254244169906,-1.2499151211715513,0.013453402241294314,8.355661009387576,-0.06462041544343837,7.681765286507518,-0.25829446641433246,0.38025145446668457,-1.9189290828367338,-0.40391738103669583,5.407335560578438,5.549993148604433,-9.578166160831373,1.737596117597255,-1.0060727198269577,6.94695028065096,-9.056642837434207
-980.331381243615,-394.2475505391861,-412.8193995802714,-129.28030494075162,20.450807276184793,0.0,-314.96495104478856,0.4871160454886433,2.754208629178583,1.070740554831458,-4.514847498836619,0.43274596500328905,2.0105197809958306,2.6215596379730126,-0.7133272808102842,-0.09342151513198697,-0.9556503032945591,-2.1393112977430344,3.5460293318564893,0.7601122618092961,0.938118619504908,7.513605469188926,1.5392302515645226,12.285212962278097,0.9976028820983279
-395.66037101693234,-374.20745362104435,-2210.6290057480846,-843.1870687152282,31.246651864594533,0.0,-280.86923467206094,7.165973118994076,0.6451021093187479,1.2742044852705678,2.0321272658516607,1.557081824315372,0.6093536301085182,3.2753356012530808,-23.873593938497343,0.19896072362364903,-8.063206038193098,20.54269381487526,12.90488868239708,-3.59113899826465,38.87183994743999,8.479568807393532,-3.7775400148501563,-19.294512108834322,11.344883540115744
378.15640011631046,-106.54320285303027,293.81834453245,-910.9008507131255,-7.440774515451355,0.0,-313.34818220863025,-3.3566532931010378,3.626976316568152,6.498113260529514,4.558352391391773,1.0138567989974867,-12.29761044899197,-1.8939512190264463,2.0062003283833754,-0.7158252060464335,-1.240011335350352,-2.8236552693697257,3.719950363304825,6.417831561427009,-10.84098145778065,55.872904391048216,-3.303349035042659,1.5065112354155805,-2.9926455372221294
-1775.9743775599943,-880.6412928138616,-1231.002994175913,-447.6815548552394,-13.101684509805336,0.0,-326.4560112764695,-4.627244926549056,0.856667673053183,1.2043442291923279,1.0823659427367152,2.631176084605577,2.026153329121985,-1.3218131313375083,0.15742473398720588,1.2078666128297075,6.243543349993567,-0.48912704878267654,1.6494102362923604,-3.6352442003420284,-2.313985254964793,-6.402446243579652,9.15818175164455,1.2388976415222868,-8.246786465021572
-1813.792134251154,-317.94933999635987,-1184.5568807180332,-435.31775470488606,-8.573585546128777,0.0,-322.737284293164,3.02420896736467,1.0509166605089573,1.9108965754178344,-25.71205812937786,1.8739844069439895,2.154517356867095,-1.0138298144916862,3.8496891482862767,0.29169648840025403,-0.8916712577626378,-3.5981051004992364,1.8683637286057442,1.1568374499989542,-0.7473785005750635,9.752204016845317,-1.2336597288291695,-0.9189494146886648,-2.703299099837106
-1567.9308933363832,-992.3430912397844,332.003990180053,1049.1296579323923,-5.497082436994661,0.0,-303.37744546088845,17.789885276046107,1.2280278650399443,1.1341706354547887,3.868987574475637,-36.09557156871335,0.14185771364156077,-2.3788011401493754,1.3153476987417767,1.2551463448018172,-0.8408695974736217,-4.457047390523429,1.4503837396433623,-18.901219846382133,-3.028485464263453,9.656514137221759,16.7857399359471,-3.0288550174254225,-18.35111598284379
596.19926312952,-70.70855282106297,-1892.6319052931321,-535.3549999083878,-1.9504404861298843,0.0,-299.81157976480426,-3.3071289232112933,-4.961133523221998,1.3414637708625718,3.2437363703300686,1.3291200157265932,2.0279449583357443,0.22755231508094884,1.483033083333998,-1.7825656943730805,-0.5614352416758908,1.161874516194916,-18.296229862937537,8.519667029098027,-4.820930661573746,3.3918339288696546,-0.7079944631661864,5.43407175230336,-1.3400058202173701
-1882.9085466804006,-308.1081454640565,-459.362493558789,-909.8568748394111,-2.8044917026058678,0.0,-356.84331353339394,1.0420232730268424,14.933933669409276,2.178015906944841,0.3775567353265209,0.9902328905786587,0.13213980124760827,0.6870358790640858,-9.188699544926834,1.6969293005008537,-0.9024360495468077,-3.3378920880001264,3.9987555542410615,2.5002085607476077,25.957957636421753,8.932950036825568,-2.4827416978890287,-20.32778528848878,32.11214319442884
-39.625223801819914,631.7455760060856,-1805.905418695337,-54.85464713983334,9.716188707612694,0.0,-298.36054191301736,-11.342937053543666,0.8219329643107659,0.04116665928083977,-2.3284304084525025,2.1412649590481267,2.048621316829511,0.5723660810949911,-15.926474376984327,0.3672732563330984,-1.8185421525173584,0.15310340281504617,2.595069840111002,5.009672470486739,35.35119387101818,7.435820644180244,-1.269078587505744,-7.722516948174718,2.106252438341443
-36.60099312468951,858.7836229380835,1102.1023440716947,-409.23670790454673,-12.161851377814218,0.0,-302.12968088080277,2.5371133048003824,0.13442475533914042,1.9443592693220941,-1.0679965037897243,-7.429387989457512,-2.5781541635010883,-0.15900267017543776,-0.37702563898706837,0.8244866390984477,-1.3633647225900776,4.634351701155609,-9.851962645385147,1.964437385517367,-11.746203059396253,1.0275095555210547,0.15465227840891893,-6.043544411147351,-6.4403103654932865
228.83838762723204,1109.6503138966991,-436.75409974397616,898.2538292869308,-5.390522688692783,0.0,-320.74947747265026,9.776729316334281,0.35925639892021033,-1.5076303266878746,-1.9404928712874827,7.9008260532691175,-0.555807016419222,0.46115368010563024,0.44208988269077315,0.5038249020870015,-2.785333807025708,-3.021778906010685,-27.25221276201466,13.756170361058784,-7.067497211301323,2.559660129180618,-0.646316944612137,-2.4622945966894387,-20.499853380487632
-1787.977030836104,130.31906148122076,-2277.237452061758,930.1547172709633,11.575621661709574,0.0,-299.9733609621768,-9.15493777643477,0.9832494056011551,1.164319491019988,-0.7666456719626449,8.59242943087304,-7.748529681614408,-0.9975953740680927,4.973370503725775,2.472820025343382,-0.9295807467688371,2.951391195986393,-0.3708154367138856,0.31579176880710513,-0.19319115704441697,2.4459747390272377,5.5480301923861575,3.902882680303921,-3.6290803548633597
-1029.8618799178498,-995.2847724222926,4012.2622870354726,-1017.9183039315479,-13.236234736535176,0.0,2823.9309132390163,3.685490512459616,-0.3767076169754159,2.6707179053602337,-7.647462624926374,6.168457727284188,-2.7849097306899186,14.375631176669634,26.980223536719652,3.233350867449377,1.657227116101625,-54.98897919849477,0.7585051374218681,-3.740357554642075,-2.317176408828602,-1.400201951052051,48.55202108474613,3.173197149942778,-28.392991540744493
563.1765121411765,689.5929874672653,-1882.291588316647,-5.016507929712944,-1.4601636776454572,0.0,-304.3814266164334,6.194399011197417,-0.034272694872722026,-0.2279411832771677,1.2240421085190178,1.4473689301874204,-1.1644669786463488,0.926130894592333,3.834060822951205,1.4568441458951504,24.835454322592586,1.4086380217648304,2.4660799445771544,6.747264828025336,-5.606432087341397,-0.1684059193970112,0.1418911437369273,0.8788864399462909,-0.7841494332345998
1696.2089567950532,419.6360609928878,-1915.4724349569174,-559.4184921911994,-13.031065242003578,0.0,-278.79930979252447,-7.02178695072487,0.4629505522474642,-0.04448966022535074,-0.5193510914058389,1.5210378103413993,3.1445901633846445,0.036617789701953486,-41.61462275596732,-0.8682747542504629,-0.46731656338408256,2.483066990665243,1.7127186735640676,9.744114093259249,-10.053023649202961,3.3556438768348937,-6.4868333726654015,12.49307450020043,-5.2016374616373895
-1166.985585002699,374.6582666409132,1007.92955776933,950.2728384450587,-27.42648569383328,0.0,-291.01325025913883,32.09142266698673,0.908415540074222,-0.678369470906555,-2.6680710508000667,3.794798493588841,1.8352864871485708,6.131226832409654,-1.444810157584225,-3.3076986627862186,-2.712232630738173,27.464014312710642,1.879751635489711,-20.839530699444506,-4.737854767007489,11.653192133758806,0.07135254304087756,-1.9527939949897541,-6.769571951779284
1624.7920676350325,1532.4224013459443,-2142.169581535321,12.153435687303817,-5.873731412295652,0.0,-288.9473428420243,-8.147752919120762,0.280006108388718,-1.534317456491875,-0.36138136332661314,2.0078975781879858,0.3092616516340117,0.9034989151734532,4.104825233105946,3.111386011838246,7.974197592274263,0.2612626933893361,4.985645374528201,12.27324897078242,-8.100388377845917,2.8738293517215845,17.56138639176531,-35.75518784179558,-0.7699382853139901
-481.390074123027,333.53026167060307,1009.1738289025928,935.6400309821752,14.568357527671271,0.0,-288.21095603684273,14.789714274876552,1.569813620323363,0.5393186069639387,-0.8693172131402304,3.2836234451230872,0.7772149858923403,5.410789150383435,-3.857807776614273,0.549424438371448,-3.6038533987640013,-6.940352379156281,3.8205428474334258,1.609572673993882,-11.678863860133852,3.7341355063891983,-0.654470290210975,9.299528945994918,-13.815411841942947
-2174.819001201411,625.4332842838004,-1967.7460994374865,430.44435162001963,-37.359741756075834,0.0,2643.7633649204295,18.837524172430925,-15.34175418409504,0.6051658380713071,0.12317057841789275,6.6112572908745,-10.47383539683646,0.4553429053841923,3.6493412650669637,1.0375449496877684,-2.6899258755637807,-3.384680885768968,3.450474892568575,-15.641646557258383,-0.3427884334828964,-2.919977756366736,4.127442153268971,-2.56165948290877,-4.682190736190053
-996.2077780909909,770.3176062630492,-376.39672557836485,-76.84461861506131,2.7855294541489304,0.0,-312.0021076839952,3.547113244034384,-0.011759695719006117,-0.24222308572579596,-1.3310823602853,1.4520588180036695,8.196120285665277,0.5941557308367833,3.655834800466073,1.4902727841652808,-2.741784399590733,3.2281929041101054,-8.08535752723624,5.663017961890988,-7.083643770440835,-2.8339044009600385,-5.221303153192115,-3.2988627502259327,-4.60698716661118
-383.772155799019,-1370.9176046503396,-1632.1039204335727,-100.45745402772614,-10.086047434946012,0.0,-292.38980073846454,3.7796722832782943,0.42733899427123373,-84.12376032082099,0.37245171033487895,2.113349809023381,1.1871670945418271,0.1771475815305779,0.12755167464743528,4.077874867951147,-0.4701509712288687,2.9699489685582843,1.3375198476817411,-5.004898384670083,-2.0936319265349583,-75.50962317196392,-0.3055937490943449,-8.225503329559405,-17.162298233342938
1068.056058854565,-162.59388622209127,222.33239142271054,879.8447697481612,10.943752540092591,0.0,-294.66323462986617,8.92336249814559,2.503778423004053,2.72738539286176,11.547396742052939,7.3748469261391305,3.3994950508599064,2.9894991135019064,2.0071369538813997,0.22130228729496842,34.84509551736133,-3.157169369879785,3.2983161263529737,3.34594081153259,-3.310639312640946,2.3974284179440484,-0.4830885719453733,0.4770633723881311,-6.9060034755958
-395.5660214813945,1277.9352047226062,-2111.0055645913126,569.7997643385926,3.895528876190366,0.0,-319.7664463171924,-8.723325442105573,-0.6144051018299046,-1.0221598137493566,3.104482659510294,2.0678691278408903,0.019345662927795215,1.7882559003176117,8.4578035631761,1.5391986616720301,-0.9158183963305763,2.618987821350855,1.8914286572280283,9.028973378550246,-6.133277205569112,-21.409773111147377,4.242491244737069,-13.179711259065165,-0.548291046539284
-740.3859959236984,356.65172609629786,-825.255078993173,-51.85153308004092,-0.27329620618422207,0.0,-306.54009375240685,-2.70353479831186,0.5924850823820199,-0.5406728708039562,-1.8564769473577347,1.8020701884036374,0.10115291447552248,-0.37959555078113105,1.9228256521484137,0.3666695748646051,-2.457457408775516,4.355764979011545,-6.903725438603066,5.937779684473072,-6.383361757111863,8.205981974953096,-2.806562807887728,-1.971436170142835,-4.349907679997303
-1748.6961216842649,754.9395935315686,2779.171864555774,984.3563607302336,-12.539967093718781,0.0,2672.1272999736475,7.482539803044424,6.182026454836263,-3.207771673593554,0.11434119118779926,8.505130769957418,-6.928922143228867,4.4504135379835255,4.194746141506023,1.8353444676326274,-0.9306285891803553,-27.7214169197689,2.1555891214323335,2.8739190102729677,-0.45234917573664735,-2.7597060435512506,-4.484296167881038,1.6423483803715373,-16.211465991369312
1738.5053719186528,940.9594763414896,-1265.0050960732467,-52.63681796340847,12.829649376114789,0.0,-298.3704667162738,30.485047237389846,1.1489539905541415,-0.48493745156982504,-0.7868842111125932,-0.9359773276652354,-5.197012283805565,1.0335441909101009,4.199571965240691,4.298935589034112,-0.785997521411327,-1.4709361804639938,2.340926042100021,8.100890309135023,-11.760339603882546,6.937430444447749,-1.4612313416442757,74.51406688408318,-1.2373547255204922
613.4314953696272,-388.7214964863421,-331.19518795268226,-1002.1180645744257,-14.171882369845763,0.0,-335.87805424333555,0.5257288826392101,0.7730374496395835,1.4280554210207623,0.2993715444423466,1.130063849690251,-13.811953430350457,-2.4832731035565843,-0.09324475630035098,-2.241448350618765,-1.5708172735611894,-3.607718893994874,3.663945592580884,2.4667489041346533,-14.33416595632177,2.980461307819173,6.329198258250657,-0.870541026779107,-3.814401894635759
-1189.2795205283303,-257.0639808432625,294.7485191838034,-70.46680420832472,-11.983452716430671,0.0,-306.74498689114415,1.9739787839444778,0.7500868148264503,1.5016934124703503,2.6856778356844724,-10.839345667171413,1.9937455950833296,0.4743635730117791,-0.26303823480247673,0.777083647677765,-1.111354121720633,-0.5751756879290508,1.5273982882651782,0.8033389611115981,-5.048546881474971,-0.7361267426769482,17.01002195671694,7.498290967733002,-3.554747106280026
193.15881398757193,435.0037880850652,-1577.3524981188036,-91.11215695612158,1.2070736129917488,0.0,-300.2548679629594,-4.592747079300202,0.8491511055724735,1.1722011597868318,-0.8154184890326115,1.271053757494259,2.8353235172078453,0.1375182020321066,1.9914453102739436,2.9542967023469773,9.971022048929944,-0.9241124007107341,1.4464233469109116,2.0013682180154744,-8.459162055354032,-38.610631433861165,-1.1307921289509961,-13.724386836532805,-4.161021014734858
-356.53455944679285,528.9346730287562,2473.6762923434053,-882.9373712928476,-5.041805589387079,0.0,-316.7397889962569,-9.52496162551081,-4.603546665544912,1.9954118527672104,-14.93193181442997,1.2016178231147008,-3.4400771269122883,-0.9650468992629778,4.189342066913199,0.7406196397159158,-1.0103972123540625,-7.62637646418111,3.1352464395095696,5.955674490155673,-19.085917059789864,-7.037805134758092,-0.02838160039651034,1.7743434013975867,-3.9645864990384148
1830.668541366455,-170.38578152063715,326.6168234725481,-103.54015259601016,19.554334211046786,0.0,-289.656510787755,0.18683066945607854,2.691780950436081,0.6067991116849246,-0.14078470745931226,-0.6027785240847882,2.2365327704545406,-0.5146959810411094,2.627425836534793,-1.8121999237705333,-1.2387679685892958,0.6936498679438083,5.2405156099341434,10.198151788769955,19.166074269294764,5.396324196630924,0.045990772115000536,17.166750375079413,1.347436732570333
-1529.787138100795,676.8395583650248,-354.7988795072951,1073.3216606160897,-2.1421904388889743,0.0,-320.61840950317287,-8.567630526247017,0.2645358102629259,10.383683767558438,-1.0323932355694507,12.669916088968465,-2.148009563861943,-0.08950240530109671,4.460226376441981,1.0700220825988935,-2.9182976021974736,8.7683989186121,2.745331303060488,9.803103091749461,-9.057142093771082,4.980733241533521,-2.7218077196185964,-2.4463775097918994,-11.256998751140095
-413.1684049250093,-89.21883529987818,-1583.344703132134,417.2033583640684,12.24711084763554,0.0,-298.8059800970529,5.74411771180608,0.8684078905960367,-3.353906869169946,0.6147557151597295,5.313527521769694,5.605063229744485,1.3813457267194607,1.4431551843196493,-0.13031919868495023,-0.778901765294088,-7.731765157044919,2.316326664026378,14.722520953979794,-2.497210186529892,3.7292308164574908,-2.4228109794266763,-8.891244478295718,-0.8303764557370119
2021.6132244117418,-994.1555073718029,3953.772235473481,-70.80603864359654,45.74133619878409,0.0,-242.07332859046198,12.215167871119402,-1.3744052104247722,0.8989236063877393,-0.030163913595791052,3.9742661006719127,-0.9572729265236484,-0.5679905995584131,-15.471253114765236,3.2365702088466772,-0.729536863789693,-6.044186931980434,2.629502631986768,-4.541896991890396,-9.51841938574307,5.672318946350649,-11.002606911722179,-1.392796902450832,16.597233563256864
-90.11075795567011,56.604877058887325,1156.5630226745413,-982.4596521785688,1.908676875748566,0.0,2672.8095711220767,2.149060121801453,2.1430968229845715,-5.101795910826404,0.24840770264787043,5.719460633539935,-0.03821623802059011,8.519097454024928,1.9245945782338976,-2.677740223211365,-0.846480629073287,5.225259819581838,10.827348545185838,7.1469318818348775,-4.702657914183783,-9.474473228804353,0.43143934706596676,8.859743487278946,49.342297644895254
919.0262767616923,-434.97107625162573,-385.53315783292413,-23.28778236557764,-5.544446397302543,0.0,-309.8375853653609,0.557734848412047,0.7525607851099985,0.9880990952883065,0.18082804485415963,1.9008524506034645,1.7640253912158277,-0.6640804408476044,0.8287090970913602,-0.6925698748217178,-4.265648349207294,-0.7434306802944186,-7.250751815278245,1.3468105563718196,-7.600247997596816,3.2432363931492336,-1.116696915054715,3.957688919080682,-2.3527000768028636
942.3348406620828,-1097.0537778316502,2592.402127644697,1255.3096318024675,1.518949175285855,0.0,-264.71840474447635,9.411544894934558,0.11420135054226283,0.6016430104640592,0.4370293655084524,-87.8904539623011,-1.8656713519213455,-2.7717834376539363,-1.2655212391725306,1.3989893059410636,1.3726898200184372,11.057333481829515,3.80934957193867,-9.065825517624301,-8.909914356334882,6.661474302687887,1.665351326879289,6.506958213949819,-20.926051401335926
-1398.5255661126794,-1340.0565518689898,246.66364234419558,-546.1181985221616,-1.1442801339500868,0.0,-309.53384230155376,1.3875581226723994,1.4262963566714228,-113.1438371000774,1.1236152940453028,0.44459112288739805,-2.4140093680555568,0.13634624704967907,0.007030648419477412,0.8686639771743887,-0.5326466894182217,-8.641366325675154,1.2608949902622777,-0.9814718681400216,-1.1466476015056983,-66.15072362094583,-3.6675502816847643,9.88710894253839,123.2769638066596
-751.1878452871987,667.2681673437573,-1808.6135623612477,1013.7700232043151,1.4168143420297423,0.0,-289.87803427472545,53.50350624753895,0.32720965498944465,-1.4334520063497345,-1.5388216926332297,4.5766566116763805,-0.3572248442586091,8.365918641654012,3.820800317442619,1.4166607227979133,4.184034760699942,-3.862480963663752,2.5918695289393514,6.607173579817719,-4.470633155357839,-6.336794595143305,2.4815206110632118,4.353995579954938,-1.7170388501878233
-1945.6216051622066,571.2042906969363,1107.2211220279012,-468.9801981104131,19.919297040662965,0.0,-291.9346053529036,-3.4223741939329213,6.759405919565762,0.02493011308454639,-1.3236643286281446,1.1147424087179698,-1.741856454797973,-3.3045580376298886,-0.06554714029489259,-33.84541289679495,-2.471494930093079,2.71237917642364,3.212619097262091,4.8527227437250655,-0.3637220427641209,5.067544954132313,2.206402624117586,-8.372926129831551,-15.082345681462105
1137.6809127420736,-157.54410150992842,-756.9823849146838,-17.525030194818385,-1.9661096191406422,0.0,-295.55420187493365,-1.9692074407513358,0.8169077938410146,0.8332375096145227,0.6438911669303107,2.4909850449386015,1.4495339035092665,0.27711491505529756,3.5770250488535384,0.3602709279572547,-2.4514120191010855,-2.2361094656148808,2.192302481770045,2.7762429651859946,-2.009580453681944,-0.8514866673680687,-0.7694456159013683,-1.7930744613565803,10.649350172350186
-941.2539084471681,457.5398944877429,1129.9529714844357,-32.944807747917025,8.131464858767558,0.0,-280.8981689910731,3.824233358245277,1.6624782436783945,-0.6352161714350031,-2.649199438037032,1.2651832691674396,0.9723911151660902,0.13175104888243958,0.07245437937901111,0.4871141475369665,-2.048999500656178,-2.0966029788133826,1.3276071797870483,8.46118477363874,30.425825902341476,8.275201054721963,-3.102269871284092,-2.206284465489982,-2.5425120880766863
-1687.070156113317,-1284.57534218503,-823.0428647026457,448.9480602816499,13.61322317149386,0.0,-299.2340548580586,-0.39991103067149053,1.134306777694589,7.935168179386303,2.7680317466544713,6.406962935835698,0.711143654741871,0.47389372807498453,0.14410190888891858,0.9461738904959288,3.9580377020184074,-13.397698665411644,1.948570206335401,-9.69076940408942,-3.4086720550592005,-9.771370376206297,1.7581763202998826,-17.992634614854044,-13.658094150024445
1739.0666920806852,271.3749446369459,-428.6724916418828,-516.9818810875691,14.784716236491867,0.0,-293.5395345120663,-2.076543354601346,1.5071118489554898,-0.4558837741287181,-1.256406568753008,1.7820138213160386,7.433031104040804,-6.426131096015757,2.6270740754696402,0.3685794614086847,-1.7281455718460725,7.500640641546686,2.0529697095564026,11.60496433291358,34.519865029759096,6.054652898373614,-5.183198383249565,-0.8637749901756371,0.3134261896077141
107.54087639712122,-398.3772592608839,-451.4726813354998,-968.2883936244274,39.04212460407431,0.0,-320.52410387634615,0.8974151878397644,0.6599580665724095,5.649962304581358,0.5302895010731457,2.4337683685254974,1.6082300648734429,-0.3224551930142149,-29.44309605617921,-2.593152184756098,-1.635316880469505,-3.5562524671193745,4.3993349465803355,2.8125842107076875,-6.884039897798494,-25.40669541410626,-4.9635437330325365,-6.054191731936201,0.6932880673798395
1102.984246241868,532.0107030608235,-384.3445825497622,491.43481895298055,-2.7189356735569814,0.0,-295.8656978654576,-2.613176645169072,0.43340429022894833,-0.7632348076201937,-0.9991060829290231,-47.5338070397998,-1.4669974672919233,-0.45850178738064884,1.6819920211404054,0.2602650340018847,-7.59922506942553,4.9898375477535595,-11.344107982934895,4.661844866846745,-7.658170007871901,4.774773637336507,1.6207547441404762,-4.2619766754208905,-3.583903027410539
-926.5170725793201,1217.435056350846,337.3368752105391,-406.09848060077434,-4.432513506706738,0.0,2711.3754112806587,4.70722838538128,0.453282335638356,-0.9601418523205218,8.413690803211395,5.010340162399812,-6.418914703076656,4.973155871459744,6.291701804684934,-16.508237998481754,-3.078456091714922,-2.4404804274253795,12.056130321125787,4.297797614584305,-6.872465215745519,26.683808343033302,6.215061965813496,3.0402965478483552,-10.333705359552042
622.9278377524872,2.3674563045808124,3975.0922700875935,-537.6685615481177,1.2083570263980254,0.0,-252.44914700376168,5.186856287494741,1.7248970950138205,12.344825894735935,-13.953909437758787,2.598118947448301,-0.45196695982417745,-76.72011554841448,-6.5983416925724505,4.952644676957314,-0.9715882133923976,-2.121969835962415,0.5629378982494082,4.89476332809608,-2.2290334311628746,1.1633292065900318,6.691704357721449,51.67503245818206,19.06580421457086
1130.7830953684017,-670.1941042688867,-1587.4113159436808,494.16159853566893,19.469915840176352,0.0,-304.0951881392018,3.190461159940911,1.2705443490341617,0.5967754481910233,0.6894061251186608,7.848370246101824,0.9991144162153277,1.4201345065552955,4.107144338204413,-7.2258135952982725,-1.253948582574543,4.0532629178558786,-1.0386751359177964,-5.291828347278078,-4.05600386460207,6.896891847780385,1.117887782905484,4.134412640851918,-0.17174721211498511
-1396.8310188498358,1164.039909253222,-815.166658154424,1000.7722406881311,-3.9255928359260643,0.0,-301.2799208565971,-35.8676327360607,1.810898599602852,0.08449864430345308,4.658873900337856,8.861874576855033,-0.5758540920758319,-0.6382876598328547,5.941861066596681,0.7473545072344886,-0.6634382965757655,-3.595016518654788,2.6691434460213044,13.357174699861018,-5.3952179294991955,2.1658339090381835,-2.142607541145897,4.213127193836941,35.42146249748574
1205.1191991103753,-664.3092763995501,-1767.2571236589038,514.3920273784485,-1.4805927644147765,0.0,-299.94663094823966,2.9548115125933703,0.805834092089145,-5.280901525395078,0.9782169348459507,6.287731888320006,2.769762466942825,0.6708077576205044,3.5510447391252846,1.7367154166156085,-1.1884107176984262,3.6885968458708014,1.8311204719924628,-3.4693156525805864,-4.524090752993925,-18.301027170561497,-0.43138792508780066,-3.331042648714179,4.683633719174536
-1777.4647627582333,503.2237146999394,-1889.4667114784493,16.178332268047107,0.14651975589302887,0.0,-300.8158702686606,-5.864331597381824,-41.02589954650707,0.13769496275055945,-2.064346416567343,0.8505146670886635,0.4872231031665253,0.5194066856928164,5.115957900924067,0.5710467355525565,-1.0323712689448858,-1.8961911885034903,2.009873364134597,10.92285651718701,36.0647650075783,2.215041024324723,-0.060657500793023594,-3.52365402656594,-1.9901836487257025
1439.4418976627119,-535.714698378658,-804.8052520626359,-900.6803359156193,17.41594451463986,0.0,-303.5164186427665,-0.8676008238678716,0.8546433852442381,-0.6581408212278504,-1.0942010377714804,0.28762150400462805,2.2139205627700247,1.1388239597737735,3.9208998749189647,-5.0134358749922265,-1.0571443382573582,10.180277913226783,5.906062118663623,6.006384223507153,-7.283602344668637,-19.150335013120927,-5.210283397823924,31.509758830552258,-2.9505201818600724
-1980.5310470070303,-424.3410473378269,1110.989666395287,483.28137839587015,0.34318127323907127,0.0,-280.7659684202556,-2.5619901078335796,8.586550765511085,1.2822494212052067,2.384288180022316,0.06041627866589961,0.29516712620588087,0.10252846784171425,-1.7402655091702404,3.6803557293091465,-1.5142887856366443,-1.3344013005909816,-6.657031929280106,-1.0859467382345114,0.48233095284764854,6.650117164892278,0.4848874122002849,9.319401574314975,19.474910921255407
1863.325415693504,30.357822316290935,389.91530005225655,-491.52386846888015,27.117066573010288,0.0,-289.15089713983264,0.9304588276364342,1.1189726787357936,0.4488220439989582,0.13331101655961705,1.1322552428485644,5.78586475213913,-0.6265124691416238,-36.379120588793796,-1.9515617972477493,-0.8132899707473693,-10.72223131718,3.6928474688721105,-9.375570955679192,-3.900882151835228,0.7787269640235183,-3.080884494263538,22.096788800650906,-2.7869981819078684
-1978.530522098061,1204.5466567168892,447.1314338033968,-472.07317249417446,22.761300581641386,0.0,-303.993986335573,-4.3251964030969425,4.304419154258497,-0.17763645073711662,-0.49332028484451745,1.5857376701733714,20.769572247523428,0.19976893027801734,3.201804962506834,3.6465107694976586,-1.9664789916083534,-2.658822143285444,-8.713602359741685,14.163352202415627,-2.8522103150871323,-5.474236066820604,-5.008313148732885,-3.939559046304522,-3.045597282243864
-284.9396088714491,481.61889226265856,-1731.7777381889357,469.6978746942007,8.047419843852097,0.0,-295.9577106943545,1.8823977908787428,1.4385195743260581,0.0703827101621869,-2.585803245549183,3.877809051377379,1.7175856335154867,-10.251996237226008,2.3348748559912496,0.2406277412517072,-1.3502482780237788,2.532631584562328,1.8477535407926797,5.335985875841239,23.335339626215315,-1.1170750862972005,1.6190585523873176,-1.646153729907739,5.0270663592147935
-227.7467243094162,1026.5089457967101,2547.1862032043455,516.0697165947504,-32.75669257993835,0.0,2850.44139955899,-8.457701598014769,-5.268509835483809,-7.076679805526871,-3.935686873791339,-84.81079836934433,-8.48882519863292,1.2874617256270768,2.682142103891252,1.6806356175556492,-2.330829225970453,-1.3555345244759909,6.712817801021175,2.7986115002417273,-3.720497625262651,-7.013827502016521,-8.62589493586501,3.7475052265229043,-6.522950428789141
-1011.8579318972286,-602.1960011746731,-2208.883465942246,406.1775879934413,-186.06295723867208,0.0,-288.0880719049029,10.186872545251228,0.7273087289657759,5.603142844523426,1.57957332441217,4.002337483460438,1.5328100205667683,-0.39078003204082057,-34.24241073816937,6.034421920929398,-4.373051906742398,4.8163909669050815,3.7202205960020005,-0.5326551136284695,-1.2768364771821403,-8.7128315576027,-3.540159514687377,25.456050682034025,0.07069558488471836
1825.8287629943782,101.57461397329278,-2300.582749665655,-44.492304146022875,-59.1272065544834,0.0,-275.9665686481098,6.132218966426752,0.6063509638149633,0.4198938135654018,-1.1034687059435806,-3.818613584088816,1.7128970099474778,-0.5167683175217894,1.2278555486794362,-2.760503563093537,-1.8953020322343932,2.8191431893959886,3.640851339003736,-0.5383413629219441,-3.891906789270006,1.95611188702468,11.843322828322476,11.091375569178966,-2.7150806317177896
-722.5740907648906,1327.0096201772383,-1250.679422372189,0.3489042325690222,-9.524844433429344,0.0,-311.98525057954356,8.023249696438238,0.2333019698665292,-4.068414822609139,4.387816534890886,1.4954965020289406,-2.6798135830869776,1.3491050366897885,0.6293171393498141,0.9731597375090045,-1.716479473521109,-6.94963796767948,1.6520425064677842,8.045420948623052,-11.076444159472791,10.117117098442348,0.1600895453849005,-3.205270800895324,-3.841265117487929
1794.2769259202075,230.1388872295475,-1619.1827411642548,984.8984828351608,-1.764327433890691,0.0,-260.6739663740255,32.65820923016204,0.515891820445415,-0.4306038719152511,-3.671254968363868,5.168992352392307,0.8984674609595391,1.0491102626651696,-1.1760320023101611,0.46444017924552006,0.5633904808613717,-0.7494672026766456,-15.318421413555994,0.5919023974109638,-2.1158172845181933,0.3408963065704233,-2.1806405745706643,3.7789858637805938,-1.7912830742583996
-2023.6269760349408,-1022.592550191839,-1654.0065903366292,-464.5554294344528,-6.207384881690856,0.0,-307.87638987050644,-4.538399792534849,6.285009767218946,2.2266425053473955,-0.08392041048114045,-8.56567785146666,1.6132739688389612,1.0879510761975015,-0.2422877671278359,4.82051305455278,-0.4214134013696759,0.6378065820732468,3.809985532489735,-10.105239616235847,9.72782063989209,-1.0309253042727646,-1.122529736609184,-3.3922143565830805,64.82890362890838
-463.26753390071667,-53.19544035300716,-2385.2619161612947,-891.1726310874931,13.93360091965565,0.0,2487.9558610304844,-2.345418914674129,3.803500126112485,2.0218778736376217,5.185132192486454,-1.618104191034451,-0.6897495680222229,10.938241694790532,5.602898346630539,3.221821148585679,-3.558014015022401,-26.76364689545467,6.298980669955866,-2.472520676583981,-3.5844586309969135,74.87430507544056,7.053823933763497,-6.769947069373589,-1.6313797675134192
587.8783563938556,-607.7858644744846,-1571.8061521935415,-1015.3604545883056,-15.46532363944665,0.0,-307.48923768100843,-1.1317229279890204,-4.060139713012499,2.0336512744311426,0.2711971617967369,1.5490334324723372,1.3015422107333878,-0.5576101405603987,5.2271880782266855,-3.0500561981779506,-0.6656431994561741,-3.2268386758571705,-33.987914574422746,0.725778317212566,-21.830343111174322,-2.2664447771778207,-1.2441226869059687,3.8305421817702716,0.31472608814556663
812.6101576131939,-502.0777687448484,-828.3425546872812,-1013.0965272491035,44.19760300517743,0.0,-315.68632981616224,2.929385014951031,0.5917483373207566,0.41900490678901486,0.20693374456368532,1.9588625716359465,1.5833951578571044,-0.6399108113904021,6.148567818972143,36.854838240282234,-1.118352259231114,-4.530577564098447,-0.902394189627248,-8.538521718568518,-14.163601506452553,-0.9401791030128908,-0.8366655088559443,-3.84314428252795,-2.454103041086837
1263.3761491642672,-935.8134044787614,2395.494669164115,-1024.0524221942705,-19.12537661113357,0.0,-287.5362882296434,-13.069774237468861,0.2848950286457397,1.833817183480053,-1.042390305836634,4.291381869484431,10.933353394813887,-3.627902796982971,3.444885896146898,-1.2533854897994245,1.2206364696666807,9.343420123540879,1.911663320977392,-1.391323496633341,24.34928747073168,-6.269122677896096,-3.9838773555049327,7.943967427161661,-7.490129997613741
292.935250106441,59.64400629751848,-1573.4985290381278,1077.3397352443792,0.0996163655372013,0.0,-288.1796648456391,29.527886108896055,0.5472192665674721,-0.179077373874023,2.5904569613708834,7.187726705191553,3.8033788106420334,3.688382518974151,0.3512418377343285,0.5648106922383102,-6.915414834368547,-2.416089555333831,2.566232498548732,6.246204828803167,-2.936299304151684,-2.1474597969272655,4.3623762994136195,-0.4327213270522627,-2.5603273786866034
896.7460151293446,-180.67363879312214,268.15304018733684,-491.033234095747,-6.256660907929118,0.0,-318.73477316348743,1.270498146139526,-6.878252081994773,0.7578446819371365,0.9525410047815382,1.634250119764319,1.0283919946448197,-0.910557032951238,1.7157993755431336,-0.8183458731275849,-2.470339782676683,-2.435102105538559,3.4518562291553705,8.80541623302272,20.013700508275683,2.1636391568634292,-1.1429970469515647,-3.3963248957575236,2.085880507849178
-335.95373725525013,302.74968913450226,-1221.0094317356077,-951.0032264829472,-1.9846781668026738,0.0,-319.2283070488826,-13.864778453025309,0.4521964446114175,0.788823993868026,-3.866618705040077,1.5847691571996876,-11.738105391065048,0.13530329765685437,0.8631252658103094,0.23824168189106776,-1.2070381321551018,9.685431271860848,2.058598247750958,-57.63752173014557,-22.269542465491657,-5.205486324930846,-3.4963683775730052,-7.8535740461345345,-5.795494490036528
1757.964430987386,176.46023431351605,-353.04758237257863,1025.3482869951786,7.40073611483622,0.0,-265.10673779449655,-1.5599194829485863,0.7676610979039182,-0.2498692762170406,-1.9796716632173055,8.670430031666527,1.6477911750400467,0.07035164988463571,-2.609290648184825,-1.8256229307386826,-3.406462524111676,-3.1659035705452543,4.239050399773058,2.0336364034304117,-1.5661722697358271,1.207606634913507,-1.602250903192183,-3.1294066205519924,9.289264849243406
423.3710955508856,-336.8284955320759,1127.2789375309264,-888.1300517555984,-11.685301954976518,0.0,-300.7745057564908,0.2765307714759838,0.6865455904562258,2.18871104651296,-0.05160755584854771,-8.476034687257618,0.6909380389476717,-3.0277453362987625,-0.09976194713134541,-0.7524777160589965,-1.3994297530688307,3.252343128673262,3.844357506515372,3.2797246527007347,48.27777215561819,2.025858574195748,-0.8783962393311099,-13.748689650047789,-2.5003580440961426
1501.3952295703004,-306.55536980152834,1037.1471480846433,431.9461659070451,13.065560689360582,0.0,-312.9362318204478,1.6925417191712482,0.7474716255579527,-22.793623680572544,1.7377549969712438,3.3169672846789378,1.1338861671450176,2.212650745529564,1.1673807027945697,-1.6685964926705945,-4.50033976475605,-0.6111914227908288,2.122033809366419,1.1685098828269727,-1.5244018221067017,-16.927730211397428,-2.8052232641417887,-2.5816505811265906,-1.8080955917916752
1388.0035961757744,-726.0633168678659,382.6248619937988,-891.4470711438751,20.010228299352686,0.0,-297.52586878162873,8.957825599417674,0.6118074807665295,1.9908085955145585,-0.08577094510602816,4.453851821485336,0.4365753819161621,23.078227303585972,5.444262408145132,-5.088215502158337,-1.1917292337331469,12.494214621281627,-24.9404671878025,-0.023381269047323884,-5.9570429514059935,-5.290396209221621,0.48261807238151794,-2.021955688811366,-1.6522295391387525
1321.3223113853346,368.5568820819319,-1760.6812097548775,514.2206676635707,-0.2891932136783432,0.0,-270.71062691381877,-4.68377459654189,-3.8941207403417093,-0.21354952781242129,-1.0458869851359294,4.134966857849269,1.2637418393391506,2.2393901261889346,1.8075516951594182,0.5339688931545348,-1.0702109873961254,-2.395188320434719,-6.784610738780081,5.25733674441249,-8.097428914910676,3.828656641291397,-0.9548394371407777,7.962857014768535,-3.1330052929392553
1576.3284714122228,-896.8792674437781,-840.0824990430445,-514.3471416676181,-15.947801632838752,0.0,-291.56342725267103,-0.0775014706853662,0.5270941336746612,1.7670056405207686,0.1804557251220848,2.633545149133907,0.7705811334421729,-1.2526170648747514,6.679436105937438,-2.034087801887064,-0.6489672434763039,-0.3810664920277653,-15.799768038489677,-4.101533694330841,-2.722426574558247,-0.7798297889246462,-0.5521554690261995,-2.515849191419876,-0.7436491325182757
190.30711225905856,109.82749163452696,2503.6889451673783,530.4186460607596,4.858110138654633,0.0,2757.067044091367,9.594795193129414,-2.587020022582601,-4.351972353618051,-2.439458588746691,9.548128431431147,-3.81247672276933,4.9769495278801505,17.043913175206466,0.4036361392411908,-3.34549808500282,8.34647430382174,11.62280980345404,-13.60813975737998,-1.671801196373776,9.704929931262821,-2.3469606920706028,-0.8928138125123285,-2.9698461556670934
-1635.4085211711729,233.03968200938388,-1947.9666481106228,487.87369313554086,5.407160686666169,0.0,-282.4021527578853,-5.749972935826807,0.6897893220714418,0.47752007768057403,-0.975036514316414,-31.702130884005946,0.34094187750780836,-1.3644455428309057,2.6445733924532897,0.41536748201865914,-0.2712942047162164,-2.6610020137418617,-5.208250564650949,1.9446862951079056,-1.9834043959481145,-2.737910215354154,-0.8589621118954315,6.916712731228316,-6.476621253694516
-1346.1535755404834,-406.20509177776495,-1880.386490370477,-446.7030557779531,17.956753045662754,0.0,-309.02904602822633,-4.242196989795756,-5.44712380253046,6.516103027428692,1.0301479154299045,-2.055701754193455,2.5265012093030985,1.591782735548711,5.529295420467852,-0.7366676971139012,-0.6181369228698488,-4.5832437291343915,4.430725870562248,1.691596679318624,-4.927777477645977,-21.26507455062184,1.8252182712816767,12.234303412407455,3.1537489004034427
-866.7877907512751,519.2668540432775,2457.0890268664557,-47.42920819004906,-0.021096564407454957,0.0,-307.0993704708005,-4.654250903991136,-3.1290483096898662,3.163486054061814,-0.5415238795156885,1.7344296640469488,-0.7229456618939547,-0.7250606546694731,5.5088175968914355,1.3248131576947257,4.249538337280141,-6.846509680447172,3.1758922452158553,9.98505941237219,-4.209447064884504,-19.634259482798054,-0.9306719353383625,5.362480365500387,-2.0031618551031003
1252.8441825769173,-1411.4284562653884,3782.108451294748,410.89860263254354,-10.595192444150248,0.0,-268.58927768835974,-2.016452697864287,-0.002436344229204527,5.539954072326237,0.09094288605659084,5.105704085866386,0.31663754482841255,-21.910287009569338,1.3622398378263685,1.6524551257523563,1.2950555966323871,-11.46324564072579,-4.036852563779241,55.32350933984033,-5.831310678523533,8.301760430395081,-2.1954319350450344,8.100613683441683,-6.226155965550505
-1543.6628687452871,-357.42811055878263,347.0407585169429,972.4443791397853,3.2271075363227633,0.0,-313.340394365964,10.936898872497316,5.636102256167563,0.8090697841986403,6.967953112806512,-31.714804628129777,3.2222610411685126,-0.7742285593168471,0.7398093212261785,0.2501906203446342,-1.2293969907028024,-1.6907872455395883,1.8077351546081701,0.8020279955048546,-6.213222851895157,4.785197704771622,16.9374806854149,-6.268553893035517,-11.663000704806
643.9577403986275,-478.1034378642841,-343.00833589867875,944.9303267987885,-2.0613634258886404,0.0,-325.559011441953,2.304979490648831,-8.112178871153159,4.833519671433626,1.1931168003497203,12.93331382704144,0.8954351423243956,-2.8817533340028754,0.05084987195673096,0.47832183789824356,-4.450765443573401,-2.937069320043546,5.257404159350098,-2.0648584217514974,-6.087085132959735,2.024326893580716,6.25045532269523,-0.5958058681542874,-6.622512052816506
-1836.5741067767779,133.12620361540888,-1679.2252031638932,1012.4094887351165,-89.72200495745653,0.0,-283.7381207030215,18.036251084900076,1.2403494950181535,0.057335837027179024,-1.6887895586490886,7.943164097789149,1.0011267879394337,0.2546616959068326,-20.847514574617357,0.18162746038466696,-0.6311178185539862,-4.360173294950021,2.1391426256902197,6.069930315532597,-8.952441853554078,7.265836444843314,-0.9850989622482255,-5.372785697341702,-8.171421918324027
-1284.2146394402623,-853.5644490052267,2495.718956011004,-909.0631459248061,-7.404733131541756,0.0,-315.64943527444143,7.2006805491150585,0.3785292893748361,-0.0832835792783645,2.1518694892287575,0.7702734800858538,-0.4776704247084079,-1.7022784959637605,0.3321423897744658,-1.1429049856145348,-12.349904515583153,-11.441776475379141,1.793187179866691,0.1445701101299391,93.27524865050528,-7.25400991402268,-2.1680855410546216,19.444116429993684,22.12638834690627
-1596.4590759184023,-310.33282710904325,3825.502169625913,-79.40071763156173,1.5333896351077048,0.0,-287.8215652540107,4.320054806763975,2.8613473052732816,6.985983923377069,-5.9563800854741755,1.7928798658933267,-0.8107917715554602,5.342230721010903,0.8163585832409097,0.6543645635510265,-0.19029747006588854,-9.916483801129539,-2.969312749887725,-1.8928385897020488,-5.764947365947075,6.408310078653938,-12.700786648233859,-0.8579593257912819,11.720264386086399
191.3431172481941,373.5396677649827,-399.9925442154932,1031.0844394762967,-10.528907293774058,0.0,-301.2912161402882,-16.027692111866585,-15.956272674386053,-0.4947530803365845,-2.9865371419696918,14.664158959722883,0.588633612947703,-0.45884863189264996,-0.04195215361419384,0.3486285327373737,-6.614049729690906,8.065174582502715,5.39634645411379,4.368520798282919,20.92399756949138,12.971165064161475,-0.27543178319417694,-3.0880531302929843,-6.203170873444531
1106.2525083431972,368.25310257819103,985.5646613052212,928.7212858369164,14.79899263673492,0.0,-295.8630421188526,5.531766857279269,2.0159255906211397,-0.9191978333783039,-1.2420315119640997,6.053413106678139,-16.28867431806842,8.35551838807459,-0.9846760815783511,0.5164503560794724,-7.276905465138581,10.505354535616942,3.6340318332477164,-10.709643281842057,-12.102093022747574,14.650638188680682,1.4546199985403678,12.197163366973014,-6.102366643620916
-421.9815269151436,-377.35357323239106,3975.4315330737295,520.4158656665729,3.5201553403931523,0.0,-289.5727524247776,-24.906688249160272,1.027279451265165,11.670639583218634,-15.543908726032992,0.9129453518117387,1.806578951857898,7.454590600688934,-2.3879643433677487,2.1370912543198313,-0.8358914454449219,16.515426822503716,8.726488209978063,-1.059221337760475,3.313289111678168,10.188677006344513,9.798064552330267,-2.339065166735015,-1.918223088385617
168.90001454227976,-702.3433043316551,-848.4779370058983,-552.9413294586891,-19.567770882106057,0.0,-314.1898414471794,-6.422617693716604,2.6496102837523208,8.093247568991037,2.325470828058803,2.33440525688112,0.31104337305292173,-0.10751447259359861,4.727506936435006,-1.5756497900754776,9.776084086340196,-0.7948453559607864,3.1693509114036544,2.1418971532627387,-3.413833733873371,-10.659669198227164,-5.8653375157371,-6.463153440602474,-1.6053704571086613
-372.65786120505805,-329.94135979274535,362.15315104216654,-432.81691715904833,22.647519927037443,0.0,-310.9916925168498,-1.2958322252318744,2.7987410649910722,8.451042225774035,4.235370110434313,-1.7890731874282222,2.0013550127161674,1.2104438540344398,-19.240946618137922,-1.9970219058331744,-2.53393022721518,3.478996322805745,5.686377861726186,1.6772320871621287,-1.277931263335455,-29.85344448251788,-3.207713039294054,-9.136446957738183,-4.115433223420651
1273.5883664327084,-306.6575563802457,-1240.551706363386,901.9241211232157,-35.42179493730374,0.0,-285.90333609672643,12.610614564661265,1.831981839130991,0.6291643249981657,4.24011836379515,9.628376616294693,3.498274267089957,4.474242977919573,1.0573740629120822,-2.1230898241718883,-2.7293245635773165,-4.5701620733859425,2.592509011571751,-20.42438209392531,-1.497846660413791,6.637768330594079,-0.6873612346785767,-2.5950976632187723,-3.7087105269031517
-704.4380099548634,1103.9180403912953,-391.25994762782165,-423.32193475598996,-20.998409512017567,0.0,-317.2821248544605,-0.2671084119669061,0.5046984863031416,0.7052787149666988,4.598496409841643,1.3321173007432856,-2.0178439332659166,1.788217832190626,5.242116047679521,0.5504489943120956,-1.7715612494536008,-1.237868853523673,1.9203074001965998,12.731863789406455,-9.416025992991123,-2.9817065839736765,-2.2898150335895537,3.813834717162853,-6.9736544895760915
-872.3741749567251,535.3631697874761,1033.30030443817,424.68890303128643,-2.8152442462474014,0.0,-305.4706463308341,18.572649137671778,0.10846421591686771,0.9695834783439211,-2.838438935277303,1.7361987182775407,1.1156286109522549,1.148020017549022,21.58826215551256,0.835765572938338,-1.8149761969533231,24.136296461355,1.7609073324637259,-0.4508657779516943,-4.6255100584417255,11.310188833129194,1.2169842026583568,7.952830167666408,-0.8026566071295395
-1313.4353421248481,-75.78700449176343,1081.1029740341917,510.2950816196315,9.665223779666624,0.0,-301.56246389569753,0.29967014352019067,0.6733077210365972,0.9848499230630157,-0.4338321491289087,1.7273103354454498,-26.975182186839678,0.7951295064747153,-2.285632625400947,0.5553799841412765,-1.1616865440290716,-7.797291574745985,1.2761892960379986,-73.17468078348644,-2.520233698260397,2.1427874778918987,-3.5901588520188854,2.871315862731622,-2.0448953731245263
-2042.944211394411,9.666775893487213,-414.47187984286285,-39.34280782501217,2.370332708698454,0.0,-317.84782919285306,-0.8125964449427217,7.8350360643658155,0.21440625889892162,-0.564150538199795,0.9250039221706338,2.233834455918378,16.234909572038713,2.721552546561063,3.6395862015625666,-1.090585101958106,-0.8522990024379674,-9.877954645787415,6.422506389443403,-0.30814468431520425,1.681681705220944,-1.0861700705502453,5.10148333588765,-5.263299616443438
-333.16568425861425,-165.3753475333076,-1885.8749168279435,-116.55932686805224,12.056203550322595,0.0,-297.8422893848442,-5.315664955560734,0.7862093841530735,5.236207772968816,6.230257466958504,-0.364704706570079,5.17652777714604,1.0027389119009404,5.658475129616575,2.1089811515533388,7.210148294168089,-0.3684569155556673,2.680049379047773,14.333999823037628,0.5078652705957891,-1.1594362730615122,-0.9464579212583162,2.2249842170183256,-1.0130814478390184
-1972.221746699056,-400.0390426511709,1121.282275720015,481.26656619557167,3.796424658501883,0.0,-282.18317121147135,3.856800101879928,4.853654150299486,1.0490155523885156,-1.4060453536015052,1.5786245701232537,0.19484128465509892,-6.9565042441193965,-0.6919208150610549,3.7307289084808173,-1.530991349767975,-2.079923965302546,-6.478893842245558,0.42219502350748206,-2.72798462718169,5.828271169950027,-0.6026139959136376,-12.019156124363253,-4.868199769765646
1576.4594536651623,509.9335652762002,-796.7590646280236,-448.66337164051856,0.6042041526995869,0.0,2671.021035064807,4.400086519642943,-1.0444556886992415,-0.34139591416811726,-0.28589692657611826,3.819666169592411,-4.476445257902438,-0.09427493193354924,3.2785426231690886,-1.1292399347830953,-1.195740087830975,-8.719491223891085,-34.174260578831095,3.212712556609579,-1.8436438242039648,0.9186500319001046,3.0367035460933884,0.4492152633252556,-7.839735103262764
-1347.6955229423836,-137.9569114355072,-409.2079231189004,452.3773280926183,-3.0414997696978254,0.0,-313.17200171563616,-4.263791442418099,0.9193772805889568,1.3237425030802,2.055004219935586,-53.52949382299651,0.746587642324401,-0.009547695848970597,-2.0076926613360007,0.15556904775290512,-0.9409148475613199,-3.9678186045281842,0.8025493598476362,3.58268892057581,12.380307735339205,0.0229547187763715,-0.1233461717724873,5.881582452302947,-3.2581887664334266
618.4435813111515,556.1161082341451,-800.6613238460747,495.24099180970717,-0.9416197853150952,0.0,-314.65400533805814,-1.1963244878061894,0.3518299542406983,-0.5238509063448858,-1.6051140320579054,2.8436532270755075,-1.0118604352537774,-5.1452756641223,5.7541570863444225,0.5793239554823406,-3.2065256562489917,-1.7832740391636996,1.6022740530392718,8.592108589731682,-5.910961812162362,-1.6895851866689415,-0.29332663890615956,-2.788770023190783,14.486123577202832
1354.0351302748957,-349.31142818376117,-1873.7721068316644,-930.8632319552205,21.55614188212866,0.0,-291.30789528374964,-2.3841777340746155,0.6309132590138204,-4.957802813420869,0.3842864402286222,1.3395479969361286,1.3501092452559689,2.1912754300997994,3.1983664580209856,-7.251051887835024,-0.6743897899968317,2.008934182655462,-31.319747672493275,1.5749300962281476,-5.769798965025772,-16.37987225536171,-2.439895903251158,-2.9629871019829848,-3.7776069612042615
704.6733080454175,-364.34776731047606,1156.8267322416302,61.1300306969111,-4.170916394346036,0.0,-298.5239614041859,-3.2063096600505285,0.524494445188004,0.7966063183860875,-0.23787666195913099,1.4531992871294301,1.2111360764194303,-1.4147992406636964,0.2660576971625138,0.5416933762382645,37.92966073861664,2.182848648254715,2.2986306629522084,0.259235692617983,-9.279043012080068,1.8200246971229013,-1.2916688520597932,0.0035266462935492106,-2.0068719851226926
1096.7493499857364,986.1618915750124,-1715.3125459871999,-43.02004832904828,2.962152565687121,0.0,-307.2959210583272,-11.012854147915862,-0.998603361520808,-2.66233423740319,2.067747727591427,-1.8021169661770882,-2.356729346702046,-0.9821410101812661,1.756570896277765,1.0023573221486537,-0.9885067308663055,0.5857975283993004,0.8415629495890112,8.562748761277748,-10.454986337985815,2.597420971531171,-7.936330792315763,-0.18761625510909483,11.49448464272617
-44.58449790960978,-20.75573079150935,-2187.4838359534433,-798.1038015553816,6.527163827395328,0.0,-265.9048305529574,-1.223597329248044,3.295427804113029,2.6707762404732436,4.125186110372616,-0.49554886014141075,2.2859162506812196,-3.104182872635825,8.451784212939897,2.1141185987459057,-1.5031340462177276,0.9988875200009818,4.595545738359358,2.254560733344279,-0.991128996734472,88.07451333767133,4.715411730044325,-2.212057264727444,0.16684709326445624
788.4563284854422,-530.1141315173846,537.3972611226056,-41.770962115163286,6.9600790392933085,0.0,2822.197755692127,-5.107424164804059,0.6995474514892629,13.176787047270928,3.6341326033408246,3.199575472765681,-4.124503561117415,3.02665741193792,3.8624835899359464,-2.093419114807581,-3.423161786413671,-2.638534403621227,7.197805198263577,-8.051251501343136,-2.9035134176443025,9.924009404724805,-5.390430553000737,0.15949290019334417,-1.967731426913381
1078.939878947899,-304.0173447420353,-2212.481557572631,-868.2116920628656,51.7859620129597,0.0,2914.867754331094,8.935469493508311,0.3729828740821647,-0.9494243812094818,7.6411126518979495,8.695427784193107,-8.075666373712586,3.7574989501017937,6.671978078237116,-1.6362332386684184,-5.999407285812272,6.373972717724975,17.73444530535322,1.336660744613676,-12.395943965626307,15.085349802022552,-4.024447736083128,-2.1153912111974944,0.9564142793278004
1744.7092971230409,-313.0238242059525,-1693.533297756647,866.794916553146,-4.715534026787355,0.0,-280.5220941726273,15.492855693606263,0.8975805230653008,0.8571035774624967,3.6174110311089045,5.179312523402564,4.022640427640983,-22.47167393606066,-0.23385722251832988,3.108391306744607,-0.31709741413713555,-2.0142536123109216,2.9736970448763382,4.1784818386790485,-4.831904162273879,-25.616373683061273,-2.108265820976347,14.745025844101558,2.8647930107649353
-1685.7097432524122,515.076279431708,1181.6662755927214,43.67560214687464,3.496826735047273,0.0,-282.9793418151817,-3.942853079945106,-19.385017074007422,-0.04602323534623801,-1.165023115428734,1.6572440560391364,-0.7135271346593438,-3.038635899634826,4.479624792674676,0.4085196859959696,-3.0495529599787377,-2.6827723944998576,-9.048773088804843,10.733444080555236,-11.670129338059663,7.082711760032586,0.04929330001027124,-9.234408599099352,-0.9980887567977895
1202.0341316464644,154.20377922026844,-1822.6594465292885,566.4188222900299,1.5774631652158353,0.0,-275.7251912939201,3.1796456790458953,-1.8295269526239206,-0.48465266793923334,0.9452660892233014,3.7845876692005187,0.8723712268000962,0.6369597876090088,1.6157869186021965,-0.013595494972043126,-2.4680584379425006,2.0359123098051337,-9.428107844175907,0.9864889509225092,-4.5898719575612645,3.757864744860305,-1.0067147181878382,-2.609973375741498,-2.593040528226222
-1627.7136651314797,877.350424626251,-1921.706137499051,8.430351350505466,8.77364656755807,0.0,-297.49352538959454,5.676686806934133,1.3293102888052726,-0.400088257322984,17.28933828041621,1.2912111165543663,-1.673675406100706,0.9700273806926676,6.690950155617342,1.305839839584909,-1.097692316101639,6.191508205920937,2.1428000955714412,7.14380055572762,63.11814115281914,6.709463429594442,1.9098977257250496,-3.0803990715347274,-1.8185631169269878
1360.763918471663,1042.8054479540378,-1194.0998961844914,-485.20788500929615,-9.254514579495902,0.0,-306.9073599182415,5.0394737907316545,0.5031831362890973,-4.001396998885071,2.117837902785739,2.0264149092001773,-2.2162732102229237,9.923825805489745,3.982885042252269,0.4031666799522068,-2.035192225731066,0.38162093316110113,1.9096349202797032,9.044906693021106,-12.056503648972404,-12.997469802896303,0.13697863612987143,-6.316285977211836,-8.762359704519344
-1378.9797437856128,-149.03109190020828,225.47071470526004,-961.8660829721329,-13.94528006316009,0.0,-325.08273249463065,4.638359620848863,1.077901837007807,2.2150680764122446,0.07447601568007459,0.7718579382469436,1.0639656715936718,-1.0065529401812425,26.961789877130478,-0.5274752611959899,-0.6795040959687028,30.816873235896097,3.783970728952124,-39.31173558135827,-11.873226081584615,-6.377051830555814,-0.48702919398645456,11.137399248914813,-1.4988154201331085
-1707.5325893373852,-30.778417736657282,4014.2244815966783,1050.3943241034126,-0.9789593340678133,0.0,-272.0207125956828,20.188095440703616,1.6666611088174008,8.993896430395113,-13.497185731567397,3.2012810848480573,3.8448759373861403,8.066815370453456,-2.6024989155840768,3.170429561802523,1.184262152947665,-7.090895149751707,8.494700197283388,10.318821397912533,-1.9598912506158426,6.911636306076351,-4.795026279791131,-17.135791344602463,-17.743097916951434
383.05348278119726,518.2879332884157,2556.2456850092394,1086.58838536362,-8.873303511052324,0.0,-300.74806297447344,-21.357684293495954,-2.3795774807811227,0.8169418794606209,-3.257998067321311,10.15921254374677,0.49241124442630313,-0.3763893029980418,-31.78126021897232,1.4567976298977219,-4.995577818476975,-24.3912594240793,4.222630371140707,-69.27086650647361,-6.410613012745682,-3.6420603502183826,-1.17378588796227,-16.151760177763386,-19.367594644359357
-1863.9927164806347,-274.5675053971098,2655.6494553948987,-437.2954598828244,1.5020609870890298,0.0,2734.614238371918,6.148285185338318,2.551045206238987,-5.0983561583025425,1.9277972528901972,5.1655417748314525,-3.0116285706422103,9.780125926240148,-2.72548537907594,4.857964017456769,-1.3804787606684477,-40.0476124242522,-5.762916580892765,1.4860434967850515,-0.034938254458057066,4.7515478303375955,5.5952712361824855,2.02168913421196,-3.5941808611582196
150.53874924252653,375.22486623764564,-829.424206616486,-592.2804380325637,-3.4897844468276484,0.0,-310.6091217008023,-2.374661724545001,0.5513146490714481,-1.218276403925314,-1.38523280092269,1.8032679574150934,0.1542694337159914,-1.0213516049997557,0.568424355093834,0.3187284923834561,-2.6040901738908997,4.287672567070356,2.0742011390347033,2.956775795755674,-8.760564184968262,8.929264388082514,-3.098854575409227,-1.853281484496748,-7.179339918673503
-1700.393735565535,-423.28064158027604,-1216.7886609311895,-59.288858438512754,11.095089257980142,0.0,-343.37547183214053,3.598221597617231,2.0850702719536676,1.0964102518419536,-0.08324833457164452,-1.2021525525699213,-28.458363010225263,0.08617979654946847,-0.2813154658968325,0.10603706190996737,-0.9629493958106197,1.6530779242350544,3.230808131225697,0.05378985663704608,-4.131308316784456,5.636212938712907,0.003051450217468635,-6.90673507688695,-3.4415096772255898
-1302.8405054667858,-647.6486673650087,-1571.4066670075274,-422.46445165683775,-13.695763485549177,0.0,-320.4831410917816,-3.0897269201070188,0.7003073670456395,2.4121744231719213,1.5955794395733267,2.004857056598766,2.347531174374611,-0.17734536318702898,-42.4454664486812,0.5641305804897886,-0.3443571226892037,3.991456635178134,3.0263207668324417,-0.07476330859762376,15.56237661594205,-0.29425269184732783,-2.2103682182063062,8.150852104335788,-2.496489782378153
636.1496862406135,-825.1800808616922,-1570.3218906027707,-893.487524556816,39.035240606090305,0.0,-310.4249738206036,5.359271333188849,0.5156713889480357,0.9034209316308031,0.39723769643108464,2.1637602186386795,-0.2677510644794864,-0.20157050620028932,1.0549953288306644,-0.4739104596270676,-0.6446200443266693,9.964978469368491,9.427495628852162,-0.6450493017913645,68.9266967507435,-6.705738014564244,0.03506330066635388,-4.724733210407427,3.81746951545621
-60.647296089261054,-175.60543292744916,-2200.337782941226,-458.58742040791566,23.9336416831753,0.0,-273.2475092040019,5.253633558204695,0.5385339625901047,1.0645333102197492,0.36584108342251515,1.7966642389059757,4.248241944728515,-20.9027189777884,6.868994851553118,-0.5031153027416547,-0.7073974059999313,-1.9711564804113282,2.059482998617059,-41.99664242624394,0.1313635856266942,-6.389601527310002,3.538668811810637,-2.6009322979587095,0.9251720831917348
-832.44908341718,-931.4028765117574,-417.4540453165626,-146.25018844489014,-2.373732347677339,0.0,-302.4481923171263,9.492185573791911,-5.259910758777779,6.475718389437152,-0.21967484714624969,3.0914073973262193,0.10954524781954221,-0.2897025674868428,1.4539283217150551,2.687141768661277,-0.9198704514867188,-0.2362837343107996,1.447511242688872,-5.058774445328915,-1.1649231686900705,-35.894368530219445,-3.6316707104324992,5.4802964416602284,-1.752501895889004
-669.3311136723279,-785.4817020654433,2526.9168147123855,-67.03346243774331,-7.865368650424519,0.0,-286.9649819281244,-1.1568504049964539,-0.17612401703601202,3.3342061616705507,-1.8347629482279513,2.5121573831375468,0.5052120910742092,-1.2143726129733063,-3.067528938740397,1.7004414405675714,0.6574359333151935,2.5991241465859893,1.438685949942582,35.393912300154014,-1.1886975878268053,6.32633843398231,-4.041410001414798,-8.060128576398284,-2.238542484452106
1679.5466508746601,-364.3338287427526,1049.4909490754055,1007.5791364334868,-0.91328671822776,0.0,-299.4510424218593,-40.489117006048076,1.2688447304085835,2.9081016322882394,2.6773228074876343,-1.776933943396809,1.445890410377092,-4.138656001663655,-3.4866610030694543,-0.14199875283917135,-2.5629901631369223,3.8132084305513443,4.2427798143824536,-8.862712179829254,-1.9537954006463238,-7.097497395579604,0.5082339536421725,-0.5159686720535706,5.6569327312950275
1059.8366095204588,335.0674883361264,-1831.2582881554251,547.1672781288729,7.1340766428249545,0.0,-277.98990569974217,-8.02791888703581,0.5247602495516119,-0.4971321968518032,-9.100504947594933,5.64263896236092,-0.41478009511017294,0.2918600266278857,1.8410242685317713,-1.9425491103740218,-1.59729069848063,-3.735295628657936,-8.937572513534317,6.573599238155081,-14.35631199746311,3.48773323247795,-0.4205267489558474,-2.727052490255142,13.543880544436984
1079.3244437431451,-76.91847474864547,-2115.358159521891,939.6371370414945,5.03700918369442,0.0,-288.70995474965355,-3.6130686473546376,0.8750193263479878,4.664740288654077,10.055472021937462,10.797606511703636,-19.006491577778554,-1.0915182413082036,8.989533612680857,4.6371960849407845,0.17756802354476175,-3.623888686236414,5.509096794219776,0.8915671704249746,-3.8363006920839693,-0.798359855581117,6.358655348799585,3.251882957704225,-2.5664943641685807
5.416335777486676,-41.63778317449104,-1550.9624107470752,1042.6582375490475,13.602426006966054,0.0,-280.66965845766936,22.84470272544799,-6.379337502477985,1.3160873543539104,0.9980617450956661,8.522516741374453,2.1642242702965175,5.001121928849717,0.5543652351251043,-0.15301639002129927,0.7505540459802162,7.0835528358856665,4.786289917085656,0.4715349238874155,-1.717094759697395,0.2097860652018668,1.1511788315751699,-3.137127066396786,-2.8797322114527546
-775.5435192381956,-161.40753463627172,239.24393423979566,-459.7937203378869,-5.137143834984701,0.0,-297.407824803868,4.831894977776572,0.9009628174450584,-0.3208756969803663,1.3788471623745038,1.414078907532398,1.862651338849714,0.26457574235958414,4.195819065754975,-0.39589722074514394,-0.8603424006487917,-9.194623650902011,3.1802381240037443,18.232093334772337,-3.82677950393647,-2.8081078316087296,11.6176796864944,-1.7639408396036378,-2.6931719898762028
981.0098947645687,376.43658483181315,-741.9925359707227,-34.50339044119565,8.358473511675102,0.0,-281.9218938877665,3.1520222150314927,0.7383476143795089,-0.36190633009569145,-1.184997688227926,2.340314873460774,-1.1878188292700398,-0.7478496494177054,-25.015254879534517,0.1838681170006379,-3.1082168699118045,-1.252766365922523,1.8613676077666708,10.422749200855181,69.63183452854697,4.328525403868326,-5.387538078662545,-12.849416542940851,11.158568615377142
-1100.3393534432398,222.63919698039103,-1083.13358444886,523.3401469180577,16.576888094326993,0.0,-294.5930185435347,0.7838731519747131,4.5261445912302465,0.22276807490358833,-2.5923139071988546,8.664183964972839,2.1228147512415827,3.2770275143257357,1.8243176097442269,1.087903255764505,-0.810565104728547,-2.8907009617107926,0.7924516774921923,4.217211117367575,-11.917982553995072,10.273762935461999,5.88277317484719,24.948613132623294,3.383322685013417
1787.6545350257268,-205.96926744952674,314.74707280567344,375.2550169697038,32.54841340894875,0.0,2692.8223449095076,4.30887344516825,0.4402622651087032,-0.9056002583082836,1.5250504120450814,-67.68751020768302,-0.31860763004453213,1.658711491186156,0.6842127514845978,-0.08553982084121098,-1.3487824417743743,1.6194300407474422,2.424297345809324,-8.470765607508527,0.8801947023459233,-0.1985867095179619,2.899489355151456,2.1729965515119103,-4.042117435008126
-333.1403264598743,596.7949171839098,-752.7794105605326,459.14116941194794,4.7770976931907,0.0,-315.98058661999136,-4.707954854361384,-0.11228418631651343,-1.8496037342259084,-2.5916904383999815,-24.55435894105199,-2.30440247801491,0.04773359126095892,3.618975065545755,2.495055151397039,-2.585091152404211,4.8877571755137605,1.8459979161332125,8.11746374294146,-5.8416141907938615,-5.773193674217156,0.026342820182383073,-3.56892239597655,-5.66578952363949
2022.535330054674,-313.76023966545694,3935.0821047605996,2.5945915213126383,-14.12974485634568,0.0,-256.7719365152612,-0.8755233976863545,0.7396427977050911,-0.7402973954883756,-2.8821752026755267,6.663612464523031,2.5327186013924177,6.8610355280249875,-0.2204286852639058,5.5103383926793885,-38.38064959458732,10.07808988915774,4.497943395851007,-4.446800644976234,0.7334990509119736,-48.871269450915165,-2.810876866065466,8.02659824743374,21.528376137341738
856.3694385649579,-695.6470678042667,-1682.866104029952,994.4145671255587,-4.020497395023598,0.0,-306.15514405117733,-26.217288221061654,0.63662624498681,3.944923569658877,1.9754305121144304,12.697460923697408,1.6025035997014818,-0.3732524786776313,1.8270080180293566,1.4066570503031604,6.620538047114304,-5.16724851063066,1.9053471431344038,-8.559690422313293,-7.464323742123131,3.1365329888833227,-0.8243357864575511,1.0479850497301635,-2.980416823997904
-1598.1642523245664,-430.0855358755922,-459.1410184142103,439.68056371293125,9.791072890747936,0.0,-338.45147452239206,-1.543969446702365,3.4784837299143843,1.3543939301904986,1.8371158988458043,4.455269381373861,0.5896416906817619,-1.2796055073525237,2.6530284515585336,0.16226936463302172,-1.4031429137055582,4.065833162528279,3.9107202555916865,0.6057177741888946,18.19606088402523,13.857339592702731,-1.9486893842830655,-7.597726231879066,-5.839381567345629
-1606.0871216979529,-62.14149529544064,-734.1633117315408,-39.272699706618106,-0.8096787935276526,0.0,-333.61633825081344,-3.8406151341197288,5.109571002585985,4.8041663217162744,4.9563843422369755,-1.3595716370301274,0.6477144562234953,2.878337772480291,7.40234208600607,0.5496076523135293,5.564225512927913,-1.1783326730225552,4.996312759522837,5.09166823762838,-1.3004117770553123,-15.628054018884145,-0.909034014711086,-2.2917975384444995,22.693534953448065
348.10017303881426,773.8457556199629,513.9189431689289,44.17409402365186,0.19155901575182907,0.0,-284.7189735837758,-0.22310027241185335,0.029020839264546613,3.081692190986562,7.55343420094319,-14.767605105606918,-0.8129369582812456,-0.17858018307291168,8.670759926645475,1.3817255004186186,-7.745113546545353,1.5668795546774683,1.86402718530366,11.059487236362425,-7.9234787421951,48.21546930049499,-0.2947395077388735,5.50269380301809,-2.772679741122848
1053.4697050626796,716.9123471746052,1177.9180466914127,-989.7309760466663,-13.44020405420693,0.0,-290.1994156995548,-1.6814121669904933,-3.327927247457315,0.7968141098104813,5.442853943773805,-0.17988136371166724,-4.306966839685038,-4.426002925855415,5.132761998923895,1.0408970925790786,-2.0882959908650274,-4.511443657404586,2.879299434598655,12.060771503600876,-21.230539285447296,40.32205734090708,-0.030342437943305406,0.9397962215601687,-3.4495977579450647
-1535.0299743901764,119.03442083891534,-368.70385628497723,1002.4999224427128,0.5644497462172979,0.0,-306.87489862831166,-1.680677818643299,2.249192166659145,0.5561385996299514,-0.9260168241991318,14.313145071372606,2.178517103161196,-2.2095145080783305,3.649519548162624,0.43730437806058103,9.591676271328481,6.358195688929642,2.6170166920789204,0.7291833724285006,1.563504419698405,4.068659080613228,-0.36233035424632504,-2.8469559704688145,-9.511966507003057
1188.3548372695088,-914.8778361506464,1225.8520216631985,-7.7895110199295505,10.231948442476908,0.0,-275.3775781061761,-7.4290624818697175,0.3345430166039996,-0.4041171014002809,-5.656138933763455,2.7303240555261326,-1.47385777248194,-1.5687311413213663,1.3046679688140517,1.441156859865508,-3.0873533790661325,-0.7366835614109862,1.5734440103612954,-9.868587231322403,-5.475962106691479,5.56722846745998,4.402319595629385,3.5543978888646075,-2.1412347659430018
394.57703131430355,-105.023630492056,-393.6539156285317,966.9303594064884,11.473706945299332,0.0,-297.3386556086485,-2.094071115278487,-24.493569437218383,5.892861155920068,0.7245858739773268,13.763696136843397,0.8362311582975709,-1.3713292846509137,-0.24479779037008992,-0.12160817301188034,-4.204537872736802,5.359609894776851,7.7726898459123,-8.5610246235518,-1.9027536644738674,1.207089101509887,3.7681949386290254,6.651396143809535,-6.2124775091057085
-251.2873504648337,-20.970949598656205,-695.4414722469747,938.0495472721715,-18.640864641983715,0.0,-301.6526761093748,-27.71972879359416,1.0043082194268351,5.443579437480726,6.550370036211017,10.925233795679429,3.2543151814166555,-3.531736591419056,3.685053200465612,-0.032573652889729854,7.693118550525803,-3.473098387193252,5.836127888191214,4.26084638231916,1.0499731700196773,10.08853462492463,-0.436787186772826,0.549530888701415,-5.1030246137910495
-445.4594296338798,-688.9481764826721,984.9993961257862,-972.6279212951061,26.741647394311403,0.0,-288.4951344086974,-2.492825956055598,1.6971734588183556,6.1787231680455355,1.331602806566222,0.7747117457963465,1.2137241612152274,-1.1609022919325571,4.420760392592708,-3.7146297657356797,7.897713821048047,-3.9482154091785464,3.6507027533811884,-0.26690531909742604,-4.704486121449625,38.510391761098326,-0.5968857437764836,-0.3814279882897665,5.6559007685089435
1014.2621192615901,-279.55354655608926,-1969.2767758622101,-58.3556652801621,-2.1644417612429736,0.0,-301.6171932216672,2.0671415142437657,0.6569320587868501,-0.2801002111771401,-70.96443966138962,1.4925508056048582,3.51634808057498,1.161581920883627,2.954312420881895,0.8186545168352403,-1.0225672378735058,-2.0501465152305065,1.8541551069300248,2.0027865001111658,-4.18404963247522,-52.195094191967954,-0.8336933414503073,6.464691718156073,5.170360088919456
1421.9119890869808,1078.2979145065842,3876.1821053374374,-446.10969565955946,66.38696353279813,0.0,-252.08412551774364,0.3134960657658938,-5.121942303908408,-2.101505499397693,-18.71959509423532,1.9496758743508957,-1.399964329768912,11.150752579837,-0.276016308290729,1.2598491740036688,-1.9397663183675407,1.3608994392764342,3.1532065348737524,1.3667936043444773,-2.0829004074513495,-0.5635628910024552,-1.5951891231733186,-17.882739966605147,-3.983669349226599
681.0992026295239,93.51935416087046,-1833.8441844287188,560.6130654381797,1.3136815485927202,0.0,-302.5669357682868,-5.4821185597374695,0.3907056968037525,1.9802372287532908,1.3939018003786006,4.504678194506086,0.9631214421589307,0.3007635888161163,2.600650500340848,-0.13293491575608157,-1.3113428982449702,-1.8240052797138022,-9.526117726464626,3.8717530064053816,-1.6410531681166627,2.1879476834311378,-2.7832780527658696,-1.2859713323823634,7.219036674471415
-277.63088986801506,-689.8093410660456,2544.217773168046,-61.73582843895675,-6.41509691710402,0.0,-299.33723309101936,19.255737924368976,-0.00331191693893073,3.390295694934423,0.043975950303401345,5.06247160652091,1.926476665554227,-1.432625787998417,1.766014417031105,1.6339639389698404,0.7237842394470767,-2.226554184517801,0.9142476380319305,-1.9704262677412452,2.516054089053606,4.441167735297667,14.823146311021913,-9.611691484061767,-1.9046342006531842
-1551.4575616061034,-137.17475585740902,-1877.6937874831845,-21.547267519556055,-29.874782320404996,0.0,-301.7524080871993,0.47388384625104996,0.6995517890510569,-7.634557463036002,-1.0139766385577127,1.746090395437637,6.628126691726396,-0.9536161477205249,3.9339094988504826,-0.12238031747576318,-0.9566613823526087,10.863073865984855,3.994802843868752,-76.84050909814724,-4.733597401667468,5.03862160277895,-4.956022132931343,0.11283140251680839,-3.5351582625127733
1656.747246571601,994.1502591710722,427.6697371195703,28.005682954744977,-2.196019502583356,0.0,-285.3479742082704,-1.6963937654643644,0.11538348835119447,0.42017016988424305,5.290508688695126,1.4457507524159534,-0.07489203971397204,-1.4888526797621433,6.565510143165742,-65.82637823382916,-4.755178242892942,1.567938157281726,1.8154841304611533,11.999031415012698,-8.041013508532288,36.9246993563619,0.8563280880362226,-29.417214244630117,-3.60034942403361
1011.539537763758,1280.692654304469,2422.716315963936,-26.583136145639497,24.10869981341381,0.0,-284.0083665429004,-4.211133680356712,9.015338580915204,0.10006745215450903,-1.2895396164908923,-0.2210641822912745,0.29483005654370253,1.6631102923170396,1.5506875285060726,1.0688581965560253,0.18363073429861498,8.028296558526822,4.47945627871284,-44.96613789501537,-13.724112367002391,10.157400183793028,-0.31639762418258893,31.63668465566247,-5.002823898751728
227.39814835054477,285.1694441106114,-450.8443931912632,-53.45159210639758,-6.506682480367186,0.0,-281.2624328484872,0.43446257760277446,0.5174925548851929,0.3555764826944399,-2.9424697544886214,1.9260305181735384,1.2227947525787441,0.104012628476088,-5.053932557993705,0.433853507362732,-6.796049072265725,-3.321513397545348,1.7902128479051753,6.67732095844881,75.30123276906185,13.02417277144903,-7.19957989849331,-6.795211561906284,1.8369068975293519
1268.7493603552234,102.5924636223329,-790.5352699434635,425.51012330696483,2.3404628159246137,0.0,-278.7883334787281,-1.0045704338271901,-7.573885165440022,-1.0316726042699809,2.918521269778779,4.016918830767533,3.4787244736172775,2.3742838259724444,3.870439167616922,-1.1719113664026395,-2.4089294844823623,-1.3176009577344574,1.3904512927787316,0.5325498799789976,-3.495408562832089,-8.965954539366683,-0.8299417798187376,0.868960632317457,-2.0255823328883373
-457.4597286345835,-148.05434367491523,3932.159478317965,-465.9670940379878,18.054640069900714,0.0,-279.1908929922563,5.146163307946101,0.5113221187982794,13.789185002747702,-13.704517275320908,2.301421650433047,-35.778963834886554,6.293737853616916,-4.747589687397424,1.4379506307931873,-1.224641657721991,-1.6115514013185013,10.928777883304042,0.067600725705147,6.280033357882293,3.051518827948786,14.09291902135052,-13.573722382445121,-1.9258225836211886
674.5942504154988,-681.9464860135981,1214.926428972271,-405.2657449558173,9.27038474202798,0.0,-312.7633489972972,-0.3233200461870542,1.120093203862412,1.4313009969305184,0.8723481068225513,2.4610030853861673,-0.17271261066230706,19.14783643428668,3.8916683784094723,-1.5425383051541468,-2.3907970161308967,-1.7634033397856486,3.0217992529025577,0.3840049762803888,-2.931856632006862,-2.2498844483901896,-0.874336578756215,4.627253807871942,7.487995214210162
985.7793279632356,1178.4490803316023,-1675.5369495926702,-526.6836639508858,26.51685741924649,0.0,-304.61605460254196,-10.614021068571015,0.17810688591376775,-4.611180713166976,0.43897873950752536,-17.119624922805166,-3.2054527866966303,-1.1187656021382235,1.145321821289672,0.24772580169544378,-1.938676405532986,1.6580480515112859,2.613082262056059,17.22387254767525,-12.493447715688749,1.7261833636360684,-1.0964399484627794,-10.827254651666486,-4.631858920747451
-814.1830418723353,-596.8054475321067,-1247.2863633211273,455.42536801086806,12.181620508812484,0.0,-307.57439680045593,1.8087419909156328,-4.581506544885758,7.445003000012016,0.7313714615190452,4.988391003706367,0.4704608168004289,0.8233699910472494,4.150712227401455,1.8139753540579755,-1.2925558738410508,0.5838842223328891,3.127137610207285,-2.798756642620688,-0.7701167827829692,-18.090326190524856,0.6266297326746426,-0.6404792328364356,-0.3501403747406707
1137.605958090698,256.1749049834488,-421.81557385019886,474.6905421826433,-2.4495632756253545,0.0,-277.9470950466826,-1.3672974856172526,0.3885991323669699,-0.3954238603009314,-1.3285200233411905,4.305851615347523,-0.24152029201114913,-0.3139085436991266,-14.706630112313327,0.6548285510637812,-7.815659488296561,6.346437538153046,1.5256518638149479,2.091544135698102,-14.720009640390739,8.71631211480049,-2.86529776897045,-3.9664102559447882,-5.5464030451828945
1758.0338830457656,-722.0506287007634,1091.645549150219,-518.8992203740976,-12.739316311233921,0.0,-302.3670386930558,-3.047039921008589,-8.61155459382644,3.25567646762804,0.1870478338498296,-0.11792250924617872,-0.30704939714308843,-1.5936273502043325,4.1184713493007195,-0.18493797936970421,-0.715355912447732,-1.1323545355242146,1.582346410110051,-0.7947056246791289,5.695064909411159,-2.676923068951897,-2.3445258773588833,-3.1544161709011593,-19.747565378208254
-1331.7404831803738,1520.531791544155,-816.943812808964,-49.93222835257266,5.675270193059814,0.0,-304.4728781704673,-13.09539378060042,-3.65243639553248,1.179822790715394,1.3064614379525046,-2.251384652146966,-2.811081117969459,0.47161352676562274,-0.5393552368539629,0.6471457991832659,-0.40166397666177256,-2.4929026407085315,0.9922771864701259,12.096628372453148,-5.700386223414846,5.570698311363628,-13.862289480490302,5.736285552657038,-3.78275815630663
-758.8359726735672,657.0377400877447,-1793.317150953589,499.4918736766858,-132.3307263746381,0.0,-299.09734471080253,-8.233970516779772,0.006902514067733853,0.22898435944467135,-1.6266869744572299,3.685372496904034,-8.184998567304545,0.34559908812083373,2.180554420366161,-1.45188140998999,-0.6476739656507963,-12.163765544968786,-5.310133418654618,11.325026679587321,-6.554926156719463,3.017831618234353,-5.248566392333102,5.128950247512489,-2.969915699603999
1914.0777999674567,-387.9115053181625,2445.534391699396,-944.0523820680363,2.7659544194803587,0.0,-297.37982198885265,-5.877820173167901,0.36270809831342454,-1.24588424537036,0.657861457344507,5.073140947879273,2.504585810274606,-6.213831812421337,0.984265811266536,1.68479498229473,0.39034966429550005,-0.5676794698296289,2.1209653445219145,6.254474144100813,-3.5981796966469,8.40648569517654,14.98263319592649,1.47436781668224,6.715912774098718
461.08229289705844,58.575200291583045,-403.9919911836481,522.4754713651464,9.557351757519976,0.0,-289.7972672354825,-8.225227658800634,0.6977878054968155,0.4614604640613108,-0.19048459649867355,5.616088408370183,-1.2797187377767842,0.49924462926481683,4.368565554101991,0.00037239193420615657,-4.252914022364294,0.5195380337350382,4.174653242351707,10.4628984559204,16.06730031876983,8.545203942644264,0.023263750223031975,-8.703113566570789,3.1641702623903782
-1885.9858954746528,445.91765249402965,-355.5073589312859,1034.2015799648543,-1.7239722145139362,0.0,-315.04922504738516,-9.439087820274377,7.401253189193664,1.44781190780543,-2.5230300960941427,12.612448406225763,-1.0867650510276394,-4.384781727012116,2.3603189774338316,-13.615892888368828,-2.928870926224787,-2.6865487809498956,2.23599516969466,10.725515771751486,-1.296651775002654,-31.00788841602291,-0.2817439385894146,-7.1720016030674705,-18.39061640229792
1108.012617410893,65.57921786868985,-2159.8462109436005,-1000.5363417862743,-0.8312232359113748,0.0,-286.8594306122504,4.285706847262821,0.28155465365791965,-3.4425116541197216,-0.6861324005147805,-0.004584965012150319,2.22005907884677,-1.2267200310823512,5.473296114687178,-0.12897843868278083,-1.1087786946044835,10.651392874392556,9.348336632392698,23.644762598108326,-8.243609413407432,-17.23299337758227,3.2029991222966476,-0.7585116292160101,0.9360132942521188
1475.3824582896864,-858.3890427367963,3930.794410294286,1139.7340253882912,23.133545100199534,0.0,-250.06234938408053,47.82937843378129,0.2818396643695808,3.749880832669055,1.2987198333406662,8.351687447818474,-17.363196150499583,3.9874450415510188,-4.49780001110736,-0.23598156200419884,0.8224520169355912,-2.292686480525546,-4.048232911306621,-9.492772417961334,-2.23300077082847,11.422617213408454,33.08198142625094,1.2650654822818352,43.43336142254875
947.016753925621,-251.13858691867614,2519.1628912133406,491.3763328581596,-3.071072764483602,0.0,-300.9231905938326,17.720055846022223,-0.4294108191122159,1.0289852592343738,8.880479762133392,3.902488164739849,0.5936073291066721,-1.3408406624337528,-1.148204487066138,1.0434329875272736,-0.8022822680862921,-2.9352142958226493,-8.834463947729699,2.9959579279732482,-4.951391775565938,10.03640271503253,-1.6386586804218466,14.945071065251804,-2.8885114657582407
-1285.130697790752,-1417.3942882922943,-1132.3633724208137,-50.08406060015812,-15.138059656170869,0.0,2560.4522889977375,1.267800063601392,0.36323630009520375,0.3051225486263382,-0.6432419082908252,2.0222080013905352,-2.2301842718636053,-18.81556716478204,0.3492667655374863,-2.468499545372787,-0.3797746337662483,-1.8507884665806276,-11.183073012709237,-4.773348301583072,-3.783188314373653,0.9276415506729012,0.278655889969974,8.539291862694625,105.42932940657815
1063.565745629448,-727.3791204806857,-1206.7162777599995,-70.44100718502615,-4.201037767571448,0.0,-310.51705721288715,-4.8079885297335485,0.49128029489163433,0.8775553370798957,-0.08069055603791762,-0.1381314327475544,1.7623544185201074,0.07179887026306399,4.209003632494556,0.8348216790714602,19.085045030038433,3.240186096349989,2.7050635377582903,0.7269631590164712,-7.494221026772594,4.554975207082332,-4.163488785722649,-0.5002402848816851,-1.6234624847587351
-820.7901065250221,130.2819676752925,1004.2949232847672,928.7296913381283,5.689883060856831,0.0,-281.8723770510432,11.956158158934237,0.7338621404959424,0.07548865016425974,-1.3545822189325616,3.8487612497906243,0.13395517524055997,20.020164842587505,-1.1685355640559543,0.034929284099081276,-5.893237040874899,5.49655713358264,2.5421101658941843,4.4947238434088534,3.0099339394244886,1.989485065370074,1.2191717648658504,2.114756297466731,-6.705362829561115
-1396.935182801492,1321.4774368658384,412.66225080314047,603.7934186954209,-10.77605532792309,0.0,-287.96859169593046,-7.360322051828363,0.18050804738261353,-0.6157423059511282,0.22353325646964947,2.180498546687132,-2.805273408464003,0.22963677912713099,4.792893036436935,-7.241491493089098,-0.6243650916693552,-3.122060672611438,0.993413027908026,9.254196630409865,-8.183154564690255,-0.7683172654124928,7.114718765961613,7.450959358250134,-4.7677902302458826
-2021.045472655575,657.7729962214745,-1870.8106268102056,17.2799895351477,-20.64853242594932,0.0,-312.9213756814987,-5.25708066794212,2.6261734040584845,3.8591099543537823,5.628320193831251,1.1041948684863292,12.98205124204039,-2.3939498188386765,9.07232557601016,2.940403154012082,-2.164188874113467,0.32128022297227143,0.20943491702263822,16.084893397356037,-3.688759309059422,13.036641337487499,-3.3327454288573217,9.844068950181951,-4.950190122138516
882.7187506634065,1167.9769484278545,-859.621966396878,50.059031400844496,-18.044959917986144,0.0,-297.34053363177475,-5.643610694390619,1.1828304147974809,-0.8763652320400628,5.132675808914496,1.8025590563282325,-1.142833884226009,-1.503829898734869,2.5403520538528945,0.8361193113400482,-1.4868360262396019,-3.2310713354639526,1.976250403542898,15.7251790155663,47.534349520109494,9.908643952940796,0.024143003759254378,-10.09657603580213,-2.9124324712411633
-1560.0011523825608,-70.11667444099987,-1563.7237166951008,4.2742226522978894,16.40598817612552,0.0,-306.4811462033908,4.323908696173282,-7.36052032743925,0.7504282419721957,0.04694471041701973,1.800931075426975,2.330269131083664,0.4067644356682555,6.269367104238924,-2.3207605473435673,-0.6670494888614793,3.1094552862298466,-12.070419975722576,9.864291013086358,-1.947532237448395,3.3591867691620956,-1.2382477695498664,2.2874262282916047,3.278744058523532
-1489.9473913265826,619.1222269784388,-1155.2543320223374,978.8226885375756,-3.4778100203700624,0.0,-322.4350703688496,41.75555126732637,-0.15766620471897688,-1.182515700644157,-1.373227260044882,4.609292063494197,3.0372564585527737,7.158550601110787,7.439466200563445,0.4954139609856667,-1.7551684555697349,-13.582804151907853,-7.715897851566681,7.876963501775442,-6.345148449750007,0.3689178293307528,-1.9292796862553423,0.1758988229747237,-6.386803241384552
-459.87300920328664,928.8148750606535,-1256.271277468158,-471.28838311345146,-3.348898005092116,0.0,-337.0758106353538,4.570768406264437,0.42270010543804987,-0.4179670526201037,4.817939305707816,1.2404248618106561,-1.9554556329200046,-0.4776877034385666,9.27042729728351,1.3055672614517255,-1.9984314353818,-2.229784791000039,1.8024532150509864,16.04563718084595,-11.015211182367437,20.2695242861107,-0.12454995911620749,8.792310667218006,-6.3004655857131455
1812.880509497714,-1311.7429499793132,371.36600584822946,-111.72062968045418,8.799556617989442,0.0,-284.34023556326554,-7.981027571296174,-6.352587298827876,0.9982870136203664,0.345760797219148,-0.358371092418119,-1.0692821097265814,-0.45128657048344334,2.3025401630888935,0.1744593592889374,-0.8486694056119272,-7.104708807717417,1.406405988152745,-3.889003490340937,8.987925871602654,-0.6662291758150416,-2.1912216832468436,-2.1052567121203376,16.410598750419542
-388.4174114694609,-574.6036671828394,-1614.8892863138815,-948.3787099517565,26.471950390767102,0.0,-304.7712606580289,-2.3502131860875535,0.3950343804291263,1.3965562228255757,0.19280506511570142,2.158076089664716,-16.50636015853225,0.21066563509532957,5.628399362504427,-6.7830415587365245,-0.6399240024635382,-0.19161652296743942,-37.11998023179694,1.0860722338131075,-7.319515783913427,-3.8021258216696676,-0.5815769953322351,-1.7688110182849481,1.303413833182689
-412.17364591689534,-70.34298585935305,-708.6816018765834,455.72354948578914,12.17313174389098,0.0,-309.2275356027118,7.347247131969974,-11.361582264006007,1.7708121604247047,0.15260752558975677,4.937685362477595,1.1308712487272685,1.9754531699715927,-1.1247886189872423,-0.212387015899033,-0.9379594765470551,-6.746866853825543,2.034965283341045,-4.552756727846466,0.5144911603957308,-1.759381816081588,-0.9048155805748102,7.055274180768879,1.6614272993282322
-1350.8196072639248,1073.6042494695037,-1200.7954019129284,917.9204474045295,-1.046146843697157,0.0,-307.5207909974251,-27.454990957376637,0.2341103422440813,-2.472847989283061,-4.147316617682331,6.521585078360414,0.43896055933603073,-11.451054327941975,0.9308207980605672,0.5997156355155909,-0.5013577945456128,12.944267769080847,1.4526554392259643,-54.12960784127182,-10.642990578232292,4.553029061702164,-0.22548136747607492,34.77165209010629,-8.905860665156508
566.2204955408351,500.45291547022117,-789.9721330436397,496.0438821957907,-1.3689929685184257,0.0,-305.49236772501183,-3.3332276727300703,1.7334368495616692,0.05430536912717859,-2.721613169560583,4.397339106765921,-0.2928289301154717,0.11617655361616888,2.6557248101670923,0.5450375860338071,-3.093961796592416,4.67567262134838,1.7978451382931362,2.0128552499256243,21.554502574851206,0.606589736635987,0.08151452760796463,-3.7675563035122237,11.490030353248349
-1735.9342371751648,207.43788976445745,-790.9883047712223,-484.2413945195367,-4.17138744614298,0.0,-309.0873965122788,-4.112938990924788,2.0577476936861223,-1.747308090787775,-1.3967532369366977,1.9759099448972743,-0.6644116407592909,-1.9847404300102982,1.665795454654286,-2.782251349524026,-1.9340064447798981,20.950497993084433,-9.9601572706069,7.359085973250465,0.05149379542740223,6.572672896967383,-5.30051790770381,-7.352971703031669,-5.00877866240576
242.15343064939577,-340.1438857546684,1207.496474826768,-83.5770389532476,-5.1830580201859995,0.0,2662.051032137784,-0.7659664038916548,0.6066342011025719,-0.09770348264760464,7.5172221326105,4.53017126250528,-1.3968471409383447,-43.11972204962302,0.544000126984685,-2.814556997668972,-3.679781649210551,5.409055982442702,5.3663125479034495,2.035286468302679,-6.411288730588845,-6.73312525412692,-0.9404307092459714,4.367783688954197,-2.8313187319133455
271.92811237648027,769.9313233277556,-749.3742847371658,-17.571035971814872,6.529446821848167,0.0,-291.9451402882284,-5.26366671733851,0.07818272844188154,0.4784196701283999,3.068849116808947,1.4281792128779052,-1.9683628303531873,0.8007419557520487,8.427576670030804,1.0797889212474194,-4.247560157530416,1.1045563706085046,2.1959467174717484,2.9752726087597057,-7.753426212657342,-2.188195575033347,-1.8815288089547164,8.845884939088803,-3.7707315249058544
1169.7685212076303,-287.72735421491586,-348.7200650716468,929.7587585779763,-3.5015989909287955,0.0,-286.8914425503724,-29.477001002163384,0.755365373741392,-36.39768786176251,1.0405339208645856,9.516534392455068,1.0795699356421347,-5.594377822625023,1.2316804703961168,0.3179309093585897,-4.490047528971422,-4.199121801365521,5.480000206762877,-6.588943966638481,-6.3172435082373655,3.8838161409957275,-1.5175223536378044,-1.8539813501977995,-8.239362102328268
-335.5303219717276,-759.0325595002705,3918.44213676297,496.3800202622673,0.8199233842929192,0.0,-307.941743985303,-5.6804622284671105,-0.4367496614981489,-120.31736712614216,-1.5596820715874697,5.006126325621965,1.5381680048075406,2.3560516103682065,-2.535788423336407,1.5796741380786852,3.1449719283055964,-4.003316060917348,1.147889323232277,-8.318715472942424,2.4162758650087977,16.399695826305795,22.490611917651073,16.178071402722747,-2.099480486803564
1584.92322107033,786.585019032887,-2247.090218514227,-534.260859105914,-0.40546602480433497,0.0,-277.5374682580961,-1.1680091724027855,0.4405428470948694,0.056412085161957184,4.358906915347613,-15.912369903300778,0.07632653383463647,-0.7413293104456461,10.408664706938813,11.364176437866686,-0.050122984675658594,-0.01407478173829632,4.881616742622145,5.182164579544952,-7.850572013589364,29.439166082359343,6.0828844526042145,-22.861120584357604,0.7156621421495196
-1437.3037690720234,505.428736329806,-790.4721863345154,-1013.2616130000025,2.173820994011142,0.0,-343.56289384580884,5.022461141346559,1.9251597911721214,0.765858795594453,7.64145352121278,0.305994319092529,-3.3757262295363213,0.12091259513964707,3.9757774920692786,-0.47309379568412857,-0.4164398507124566,-3.5583756665951305,-9.769936545058954,5.804567152876777,-16.66010789869803,-3.5553712186343387,0.25378896003674767,7.6479243513934945,23.05402037988433
447.51636844337844,-785.4824049572741,2433.1917206933513,1015.0193173153505,18.43447511752197,0.0,-300.8226995947494,-23.297667005179846,0.49067505264118244,1.1094101971287147,2.8252193878630907,8.209433740976193,0.5841810129317043,-4.109922960506967,8.412096502662683,1.0870777987916171,2.4605830841262644,-13.006820803324477,3.809926381404517,-10.556154732156818,24.8356329998774,8.749859843933189,-1.3520217854925938,3.406036264089642,-15.584103874035604
-1893.550639095409,484.9877195368539,2509.54474692495,-48.008897452107405,5.675248763966761,0.0,-298.8579686347257,4.368880632624851,4.709449917539131,1.757134355315564,-5.6139519621571585,2.387650706414459,-1.2065904349682215,-4.654497985747752,5.6784317295559585,-36.81728109813791,-2.12544907683124,2.1939270726789264,1.4911471160215477,5.8749581539572215,-4.713061965325761,-33.817970956161346,-3.6730518799271032,-6.329827184526841,-14.145999922830237
342.69046897075225,-497.28235248217857,390.9900261732855,529.171352696953,-9.569617198642495,0.0,2720.111555877679,1.4585693440185201,0.4748140201808863,-4.93231889756586,7.376619735947268,7.619002995244584,-7.480957284260201,3.175924621306604,-16.29826262017106,-0.5679471007537984,-3.639707694864077,7.987931616592193,6.1295493445573355,-0.7316052934772279,-2.382807373520014,3.54822187065651,-0.37362019350145187,-1.6236800871807837,8.588700461794488
-1534.1719448800106,-354.79571170921827,-395.2535983403734,-937.9407971345933,-18.05675951164238,0.0,-342.0830309354962,-2.5629294637663236,2.0841925596424753,6.074795221808582,0.17547097079402868,1.6781499558599482,-1.6445777453841037,-3.340600374109496,7.383740660863864,-0.5563629438032285,-0.789622861261838,-3.489224352620512,4.022448309995696,5.191313702201188,-10.056482567687068,-18.21361768646976,-1.638953817305557,-1.9459514292903193,-7.851147076234258
-1943.9599242093625,458.6380978133544,-1875.307843222615,-931.5576848239041,15.879113454098981,0.0,-317.90419341573323,-1.2421414027187858,4.0068384993582065,2.2435295749563067,-1.2678429090790277,0.8614870245559118,-3.4755597779492997,11.271144774076998,4.076205513361072,1.9950108524444443,-0.8498952499739545,0.0034861065812695456,2.8517385665114787,9.811941478862945,-8.918417620565197,10.837217213462042,-0.29561114329585697,-2.5657484167544937,-7.967877420787498
1063.3175395771777,-324.2723496090114,2623.3807408392063,592.2674056102678,4.952012355397651,0.0,2889.0446131659824,8.126998650298905,8.272481070711315,-0.29033390451310753,0.2162632047423571,4.545492798898907,-4.045117718291057,0.4308014309223798,-1.2012543154073374,2.0017679535084345,-0.5725542835925514,18.981857707085148,-53.826424596437924,1.5667230994999701,-9.126588039448421,5.658240256260644,-3.6722470058875936,-0.33000262689757426,-6.62285560521961
246.42649997150755,-407.4476604817407,1211.2095354957198,-417.8779020788057,-9.848010610986304,0.0,-300.78602540992966,-1.0211180230470442,0.9809460535144923,3.754359169294301,-0.09167878163277553,-11.70323417310079,1.7254722596428393,-0.2431260480224441,-2.21706449779769,-0.8970005602140241,-2.733165370627631,1.573570774945306,3.0060642703945146,-0.25561444415451073,22.78676660099893,4.002246598080072,-1.1083113341996127,3.5951635632876773,4.046866997758681
1388.2373444010534,522.0450075687297,-1057.8373382201125,-415.8404728117309,30.778936503285358,0.0,2722.7291810911865,7.435291290428283,0.5480796013817653,-1.0923597400600014,2.1471599146015854,-50.74936082651218,-2.035266482597714,0.4191091467090831,7.785691327751228,0.13229682661609676,-1.571388322707788,-0.07385871041591031,3.60992775798006,3.4569599932139567,-4.8315279689934885,0.8614930451807057,5.3554253098467965,-1.3968876687175757,-8.936409664915534
1407.4772964099689,1084.9637877071295,-2177.239389190514,-542.2378931755874,38.64576167512511,0.0,-288.0606406676032,-5.755536409610705,0.08403352091630421,15.780027200639687,-0.5062900437334777,1.6488053248175547,-1.1114817240452914,4.624141295262609,8.176878525433013,-0.9476949233863262,-0.9894438252676778,-0.6705806541601711,-32.00878839731411,4.7915183585512064,-8.194968154792454,2.6321218197935803,7.660224636176236,16.58250710593322,3.7181613334953125
-801.666700849535,-106.82794618026293,-2276.9674062043828,908.3590118627499,8.836514206232637,0.0,-284.9019818959868,49.480388794517054,0.6555831500715321,0.8799853743309847,0.8110993599797331,-51.64496282781728,2.0867089459382657,-0.40374321973490573,2.21952746481017,0.9941211174130757,0.30142685965373545,3.616867582251888,1.7862561689388623,5.800741979085286,-0.49730265651327177,-3.868205193071496,3.739762489600087,-2.389273997824881,5.758939559855208
-33.88148861230333,660.6125151820933,-1539.5242217031794,-61.89539920414984,10.472753009384066,0.0,-297.6396969598,-5.007217619194493,-0.116025851123701,2.803815456242662,5.615803114389223,1.6181195775164094,-0.058805298302622155,0.4927816586594036,8.67294710959654,1.0733067826453027,-2.7274983285087546,2.3932364968510376,2.3741394162758267,3.654872996081442,-4.647867499118552,-1.537647653510597,1.5422990490188813,4.297019198905788,-2.7824770623485144
-1913.239948770885,146.48885964970572,-1152.1641015246594,-940.3785464628721,6.910006257909813,0.0,-334.5324240988779,-8.317780680641082,4.181090936347527,1.0644445074870503,-0.3357097847443001,1.4051719552966118,2.325015291619763,-0.5717348295470644,4.076108760932455,3.086462421385828,-0.5765648292730512,-3.6595487333121315,2.128440073528264,-27.632851928571103,-2.8311331493197933,-5.182347512396392,-0.914044676900274,-6.058775119978945,-13.638819465602916
1431.6688385338484,400.0550747100526,-351.2263086285362,923.1920564280335,4.002084544888022,0.0,-292.58248714669446,-18.446319542011352,0.2849760916371955,-2.2178201958107224,-0.41531050247332646,7.363939192692401,-0.8831348133405625,-70.56132566860217,0.5199503351945118,-1.3104153844527275,-7.484936262784976,0.4067266098183282,5.390640450057205,5.525501458422519,-6.604064141591649,3.9414500438385556,1.3819270594339694,-3.690038747030266,-7.309486575447853
1958.6496668976301,346.531995440128,-822.0565457060401,1014.340409654472,-13.73130317567062,0.0,-262.75751400605446,8.676736861054245,1.5967433191696976,-3.219286451809982,-1.467132419886591,3.9928131674505343,1.7425068041378255,-11.6065500596726,0.7986669932886971,5.349933866631349,-1.0233467976267823,-4.129432535166643,7.078102164319927,3.14674041158298,30.984065657707987,8.011191769119458,-1.310846375798016,-5.948646959400214,4.722635137787632
-1423.3002082499872,-529.3984411958417,-1803.362909450622,-1.1192331640158213,0.20534734787378933,0.0,-307.59594806430306,-4.224691104550588,0.6551083487212211,1.0367768501718924,-0.46322887013510755,2.1136216292004213,1.4475620162538803,14.647618905445395,5.943868421810617,1.5754729640120304,-0.6429497630385971,1.7004364004862498,1.771557157142651,-1.8036433450093468,-2.7917423618712243,0.7722376924293299,-1.210213051608151,-0.763173651169707,1.6191498110653522
-1167.0898757816951,-784.4108435201415,320.333349537905,-403.92768329271337,28.722794670625778,0.0,-310.18933207175195,-4.626516746299356,0.5037840459917263,-5.53430601987529,2.882901915624681,2.008321452235295,-0.7322512385819213,-0.7769142321823692,-1.9377938866560718,-1.3527648348194687,-0.9474180420565214,1.9480003837648348,3.022253045965803,-0.4803341948145781,-1.8327568520840931,11.831789636377922,25.958023808589758,5.995457937589604,-2.3320419705281603
1962.171363014694,-667.1473299281095,-763.1623588248278,-875.8567286276875,-2.970921333103277,0.0,-297.93799676573906,1.2308369654671791,1.013492537493208,1.42225355408552,0.02884088387196925,0.1436175026340712,1.4565777640202484,18.492698177287117,5.9076933417563415,-2.485916068036274,-0.26417243160593,1.6768183439190858,-9.760734783322466,1.5625107544568397,0.899367937785625,-1.3624818134226293,-2.280077642883346,-2.3753263291931273,-48.99633139758525
-32.06265722729431,-13.447552068181958,-1846.7576600340005,-804.1545180051033,-6.9305021173229795,0.0,-284.8340072968835,-10.191304968719322,1.0378536525493705,-33.750979973509615,1.4729445217767783,1.6390700436845775,1.4349054232785958,0.38546174422775803,4.729814749648861,-0.7532823243560429,-0.5570340041405692,-1.667779514259067,8.141779700455809,5.882797782811479,0.6822445526241542,59.31486500007283,-3.120601739918741,-1.7950587065001808,-1.1299879281010616
637.8013092821086,323.0028941781092,3936.757503854113,1105.5834015950436,-15.824135562638023,0.0,-267.41002538566994,10.459832436914699,-0.9493189115611997,4.284605379779127,-18.23173303903319,4.347677343324004,1.542582429649095,-67.7345710449795,-4.9892573438032235,1.7880246415723475,-1.1820248960339157,-5.47334224074485,4.157564930452589,-1.3645793397125858,-3.5973290757728984,5.132194831806817,-1.484294232778428,-18.400858675030058,-12.297565439305034
674.8469484241668,1274.4354887292207,3665.931337788006,-5.99310236286712,15.0821353136279,0.0,2601.6134589260732,11.706605241894325,-1.494396477381053,5.282744600218206,-3.96421487081169,9.32802102295109,3.510785484905028,13.846976013904712,-0.2716349489868482,2.746730871389632,-1.4141124984884015,20.824874084110615,17.62774498784871,0.7884221007284206,16.005579484448493,-2.7616335333618713,-1.0920398935772377,2.288735355243347,-8.111286923949976
-1230.698376721095,187.4423083962657,-1112.2785439802658,-12.763699252081484,11.164483145125482,0.0,-330.2353702973954,4.534278842047387,-6.198200575503583,-1.360955819292852,-0.8727526528375875,0.6041754600188434,0.13781970560342835,1.2993983821075827,0.7166170866119085,1.6648262965208438,-0.930272381954385,0.2978539111556808,1.3767379196376879,-2.235185916793196,4.62452091676372,1.8238656855264992,5.081542758966699,-1.4096642979241591,5.911192497332093
-2027.108872150167,-1225.2834244254625,-453.9293921568351,-75.61738678689281,-5.956837472474639,0.0,-317.78353446255375,-6.755857696529031,3.8790011891855314,-0.028816098119918622,1.792191339673518,-23.78690872823812,0.027261926021189816,-7.043269025186337,-1.4194857915723091,5.71260070822285,-1.1140297134156196,0.186582763485206,1.3458378963778075,-13.092367012856249,-1.8546129114266343,4.3038357152409175,16.541279416539687,-6.046504738992588,-28.356934396149445
627.1675136848858,140.14966780487873,1187.484839486545,-856.1980533343298,10.788777457420773,0.0,-292.05276100014413,-8.203146236776277,3.266721508486744,2.644938928710905,1.470093677578721,-0.36562005213858817,-2.1251960303314523,-2.6729324121833393,1.6832557827709607,-0.7638950039113587,-1.495530086626222,-1.8026195082847862,3.7482426558499693,6.843909415408147,-4.927640489470667,48.797614291294565,-0.8303292038729327,-3.351973049526679,-2.099312466345408
1654.8760625755451,537.1882595211015,-1172.270958601346,454.81032808947384,-2.563756836976411,0.0,-299.13973921764733,7.3248583111983825,0.15719747774742424,-0.45099419061967905,-1.5321939923325216,0.599099190532989,-0.10999942838863519,1.1738354475205128,-43.96318710983658,-0.04218181832215974,-1.3539714354956145,-6.106754711620557,1.7409404405322193,5.292951096959939,-5.640890518415806,2.39646829335384,-6.107850552841312,-23.381187718386627,8.526376192511286
604.3038832204658,-303.9600794992287,-2298.3190794598518,-944.4225796532428,-46.87746782533461,0.0,-305.73268800865736,13.226991961069517,0.527791773410408,0.6632733841070052,0.4494566532956595,0.4952103452961912,0.3961726711452117,-2.2266292137744075,-27.842621524563906,0.6438005791907172,-7.635921872255516,-14.395735245088469,8.17393921409025,-0.23079675737529073,-14.765300757181363,0.8955132191171229,-12.138141672771702,-12.219220949247573,5.3777915703794035
641.0157424919461,341.5907447938907,3931.5664542726245,1123.2205896586643,-4.692104595520789,0.0,-274.35605811267607,18.93124043976252,-0.9506023930435167,1.7845941699349908,-22.82024444817018,4.015211132730943,-23.676221458992522,12.714876933560229,-4.95744134560443,4.026881988123382,0.7834976559220389,-4.149143713213039,-17.605347714783477,0.19534307210832316,-1.29601757781258,7.873340294513273,-5.280478528699912,-31.406340772504997,-13.941490965754307
-1300.584700588845,-152.68237431247587,-2105.7799870610897,8.18635141978014,18.625165285069063,0.0,-302.0091131831931,2.4041773042136736,0.6907443521176373,1.2217908449263883,0.46586507608388955,0.7354146727134694,1.562108843317381,17.138522905202407,7.1947836261967355,2.2729645369399774,-2.0783692147736144,10.82923822039666,-6.097596305738241,2.5674737970082004,-4.920997375258023,1.7196128293309845,8.551124648180005,5.020383811430164,-0.25817113746764736
-809.5293142390133,640.5667510501187,3979.762023017952,-415.71005793973103,2.469731914311187,0.0,-275.7352309579236,-0.8052822190239344,-2.8505960641428656,17.098716763870517,-12.844571939679827,0.8754528006887283,0.045080301862200724,8.063812749323358,3.4877977738524994,6.873183664362855,-10.343006356987019,-7.698934526099161,-1.6014817612087477,-7.908408880522757,6.470895312617654,30.36906291468454,-3.385894473866448,5.607709844632802,-3.767958305832898
-1595.8984748204268,-188.2432958786432,-788.4804228064004,-962.4663388536194,-5.581861170556599,0.0,-344.93046139469436,-1.7202226643373484,4.821602873581011,2.033523982522156,-3.648775248203752,0.6079424939436516,-1.7609226681977852,-0.7396672029713965,4.1323236900126625,-2.0217967327221964,-0.5875466076189416,0.18819450795823517,-31.70362432421232,5.5168545292780005,-1.5147661698022687,8.460320677259118,-0.8515930399259262,-2.81244495685952,15.194778523910719
-1226.945088802752,185.37471695662154,-2028.5212742468707,-419.69690662939644,27.971839077674744,0.0,2594.608422944298,17.801932724185093,0.6017969731444711,0.736290970944347,-2.004704825094084,4.2247058219132585,-4.945494646834518,1.9532387521446168,1.3625898737321123,15.685428875730443,-4.006124904973807,-4.11523223615183,-0.3214270748028268,-17.259890359688537,-16.379906904292582,0.856500976445861,-1.4925573563422434,4.27298315749661,-4.237574575068169
-1341.248368161911,-860.7138184151376,-828.3380910342298,-51.691577361926086,-2.66415382635377,0.0,-316.7484381156999,5.8776821819290115,0.46801996697330855,1.1972796201929015,-0.5589016248761722,-19.540036788210262,0.1101666214715586,-0.04413776115374102,0.8703165885094837,1.1434737373304817,-0.7098193871265486,4.530226454179181,1.563587450464599,43.999473718693984,-2.2386766914773455,7.319155642154896,-3.3388067752584996,-2.977678976480518,-4.974736179805159
-1467.5957965001644,478.3722682055736,-366.31683404246945,509.3452260730801,0.20336411925670442,0.0,-305.29907779870865,0.4451501374933523,2.037587412684505,-0.37433442345541923,-1.6645965397065483,3.5549082496928017,-1.6746582142824846,4.985668988512852,2.630876582232373,0.44014330625872056,-2.9831050389685774,-3.1929426342394684,1.234582892576827,6.2492770732730785,-8.403284348202291,10.633079301864443,-1.315274925600139,-3.217172171266746,-1.3597659430192928
-26.118399620153955,599.9101982196892,-1180.8365443955156,852.1858371865835,3.798536644986207,0.0,-303.1249170635034,-75.16387171133019,0.05490030595132182,-0.8992897935631365,-2.2509407286849528,-83.0582652388591,-0.13404810989690685,-1.311764582804958,4.118972964774011,1.0863957534416249,-3.804843595868426,-5.726125012628778,1.958362542574099,13.010985267234549,-5.653215431368543,-5.5604018719392965,-0.3570298784478668,-12.689637310584379,-4.263113247102878
1699.1332457949604,554.6071767817513,-831.8548242750282,941.198321181715,1.409420811121889,0.0,-281.75447471040457,34.944004158991476,0.41772925665896904,-1.8373191731027516,-12.581234442688224,4.226982051619943,0.7107808353172786,6.866024576513649,3.321273123196833,0.8023316191100167,0.1423279823211401,-5.0986605247110415,5.9049564785218225,2.9748918991982163,-9.098227831175056,-21.791870488122623,-1.8378035336693226,33.994459470892096,-6.496341325032221
-1558.353384783419,-823.572922671047,-780.8291899359012,479.05316908749234,11.65558510409098,0.0,-320.449108267228,-5.711443136970524,2.0186311699878337,1.3104092539928838,0.1662028134718936,4.83348708512974,0.5815001139347262,-1.6694848710120977,1.7495028798031518,0.9524676566398487,-0.8480848866949751,3.6866331916401225,3.457144475103425,30.74164174577581,-2.625155039246293,-0.7416163448490745,-2.3608587782301296,-6.8449890410869845,-6.415462485828079
-1633.9484746881474,922.183389681864,-2213.300888269309,46.583245587315695,2.420154041210566,0.0,-310.64487931698596,1.5627786291345884,-0.08344042322519105,-1.6456452785378282,-0.9266180313581125,0.16679802217765316,20.451940499961058,0.8465057855472214,11.096349157169008,1.767716244790162,-1.9258743553634377,0.7371347451178889,2.0000504012357743,8.635206482636354,-11.560525646708758,2.087144504673298,4.468427554710475,-2.378285521809348,-0.9520602189239359
1125.7428906709802,516.8941929681098,1097.4909616029483,-433.4577551507261,26.719676780905406,0.0,-293.0429493014467,-2.2469283427459334,0.3180277623347824,0.6588379361032983,-0.6639632732600226,1.2543563075375117,1.9006413569518732,3.3398152995397345,3.63000921125191,0.5282174656479908,-4.26526024012072,-5.657911578999653,5.393825037721388,-17.995970078375734,-11.97464885806212,4.56363145696654,0.4941378951562712,35.77027599499367,-3.0317563997499466
-1481.6411446424306,-582.6500035303084,-1220.8718917962533,461.0243439756169,-1.8809530168330635,0.0,-316.1112390835104,2.7787069549588255,-23.57358096463584,1.3160629323701813,0.04437376340668261,2.5500200400619955,1.3363852852099443,0.4638797912057655,4.541763327014035,0.8293146051757533,-0.752413112226983,-0.8543758468162105,-6.9119189345643965,-2.740384976516563,-2.0581952769887573,2.575446548843357,-1.4111722899955144,1.6695511921394053,-2.5654395311287344
77.27506386877238,80.24949508257635,3879.8932440339813,-1042.7907818750684,-68.25908588173945,0.0,-270.4857213307541,-4.868816513413099,-4.246224477111862,10.548581591835323,-17.911862643832794,3.084931198533876,10.188873923078308,2.707453507017447,1.2246349442603,-27.78001502534637,-3.515948907012461,-6.17522155274702,7.6590830298746,4.938651239036725,-2.9730089780399425,-11.030937303185148,-7.537422403696585,-2.710852456321331,3.9227767776922513
2066.012036064598,55.35681861804754,2634.4997974378257,1134.5422179584034,-9.6370862476106,0.0,-238.64617334992505,-16.15204375774533,0.33468747809450516,-3.1510808356295192,-3.633611787292443,8.81840087037657,0.2753669443954078,-2.0993430081984283,-2.4281956739815955,3.001333944398904,-23.911245396321092,26.76996366369265,-31.40408095168258,3.6591280715870114,-2.875156645682916,7.042794335147969,-1.1665036485132327,-1.5619552344158765,-2.878643084370734
317.46344588775327,-896.8268031547846,3851.7664402299893,597.9486148011862,-18.5742371184933,0.0,2532.298104615868,0.7669826302255071,-0.6556885038412367,7.9005881835012435,-11.962896619460354,5.521600762194262,-4.842291274983477,10.915198224118232,-4.4251637335502325,-16.987250248683875,0.8382237819957391,-72.03308935859941,-2.088114802918087,-8.074128067708317,-1.2181557505057465,-43.486240009130974,-4.459248645995639,2.004078514685033,-6.717631861177789
201.1813581799671,-814.1047074703172,-423.01618254401745,1108.5622485271613,-4.868940673612463,0.0,-308.6675492250356,-4.590720932796415,-5.692707228170203,1.4408766112433125,-0.1577170062413378,8.44217609991573,0.7363462314414576,1.0354340082777342,-0.38659284205470634,1.11537692343684,-2.654413519913556,3.710632548736062,5.0241747139493205,55.207486107454294,-3.886454673828031,10.68609832801866,-1.1579146377374572,1.2133999840368275,-8.371715456474831
-875.4316480038761,1092.6839025678175,2391.5231176883412,485.1380172586145,-12.016188842963103,0.0,-299.47571501807477,16.375736114355615,-4.892238798318985,0.4949389644640181,-6.328779082260387,2.446097990332775,0.5314072847799791,1.078082241185077,-0.35487134663597986,-7.004421960254386,0.7877324558934448,-6.917185774423183,1.7122699709252802,-13.511097789152375,-7.595265332048575,-1.3780170980551356,-2.3314517014020564,7.994055760981637,-2.6379784491601015
-1170.6058813511775,-89.03744028867209,242.35043371664722,-442.03331044969923,12.73711885116055,0.0,-307.6255997448161,4.2596292723845375,0.963724160089243,-0.06797598062999902,0.017036763907642298,1.5107031731354923,5.316242773624969,0.9355043544417171,0.37365350478132797,-2.3878570052307673,7.673317138094075,-2.0680706302485863,3.5649665159175856,17.532882358523295,-3.60183423616549,-1.8326082898184866,-1.0255932619485495,-5.372218380366844,-1.5721266438892454
-689.7374523262124,-43.54066076003831,-734.5132324590185,-930.2019271374272,-9.547574195774198,0.0,-318.2554553025061,13.502355712075314,-7.708104312623081,2.237796622072728,0.01966666482367336,1.3065570989218873,1.4504884924217016,-0.7317535991302441,3.1508744827993294,-1.1272572355373152,-0.5567309846949604,-3.6034256243221217,4.035837721752615,-19.872412017069795,-6.593615794890011,-12.399982255241005,-1.3647093213832364,-3.3005845531201214,-0.3506840838492047
1510.3396906444746,-64.31790293147134,-326.6456040542464,-950.9132729748754,-6.485387556656809,0.0,2567.7360658390476,4.143411004604751,0.7588374442213165,0.23847001317250643,3.3200692394560116,6.972681554139069,0.3848852349233304,10.36429059411033,0.8704876991054371,-8.438728642708599,-1.3907005639698182,-4.443773487543897,3.6373443402346357,10.137132546122528,-6.525451836656396,-7.147430030618712,-20.852880866205595,8.93758972633878,-0.09713670780428309
-1717.2288850854302,539.8803662332891,-1699.631606810762,457.8561735333978,-3.973679206303242,0.0,2576.529824902695,19.038100057824124,-0.39133781992910105,0.2467705949640273,0.6626543394485658,7.89997045341514,-11.75642277319539,3.5406926912369077,7.332175487578456,0.4310687454669444,-4.0441702465497125,-1.6396303708765303,9.273942862295883,-26.37047160480362,-6.390124385152297,-3.7801936427960374,4.1502773796453605,-3.1611453735890485,-6.831961611739534
1153.1352856848532,-216.63328511400417,-769.2544696659704,-456.1320772182357,32.95624802848259,0.0,-304.71459830001606,-0.11162397190272541,2.169880794909033,2.0274221532026186,4.4764478711500955,1.6590495923424304,1.7578169322560155,-0.1812877035113629,5.43667528150638,24.377295089283745,-1.5036118207484355,1.4324849072742423,-0.46977747578703194,1.178995473447896,-1.7510559059398685,-12.205755318725563,0.9736032739233951,0.011402882566519092,-2.7097132878558154
-1050.2824670397931,791.8426832431948,2678.507309114399,-873.3642328097102,-8.365382183556848,0.0,-302.4374174741497,20.752249776858008,29.374453153595063,0.6324496544898212,-2.223371438179805,1.26608879251067,-4.019414169493432,-0.6574003298792626,5.160829060103681,1.397954484828854,2.33106185886155,-3.7522784198014416,2.1539611996340513,9.693592482710072,115.10094102650504,-9.075244615479093,-1.5500124329668852,1.1588510422420348,-1.5157848216110938
-529.2180310578765,-328.38477379219654,-1623.4867993906182,-88.0113335397665,2.4753047491376656,0.0,-301.56386068581673,-1.4334898876976483,0.4517079920864961,1.7214196078417154,0.7652795301079103,1.2637275556115573,2.520405607391513,-2.266187262638955,0.039341266904620364,2.1104178866435546,-0.7475377799634603,0.7414001545988652,1.8128221990691302,2.64227636235359,-3.882497529077721,4.445697570039534,3.9116058234365605,1.9447411756426722,-0.38827399789649303
949.2216018307907,53.62917702757297,2529.805218418532,-942.9667384738331,14.514041824513633,0.0,-280.95086389321136,5.732611077721231,-0.6680340801895833,-0.23455686717413218,0.4182151824553225,6.318438127103091,-0.8207498244527301,-2.250256014546293,-3.193672315716097,0.5613965107061054,0.9974110812070972,12.549407068627529,4.7452075835770575,19.839944491706053,56.91452994228113,-2.4151212425249935,0.8034617865813144,-20.608511150437515,-1.4405997750719015
333.84417028951395,-95.7550467079183,-2249.142727494225,-908.3836713613126,-0.3853321172102949,0.0,-292.6555736623391,-8.836748055146446,0.5385407136100574,0.6406341832482194,0.6781801308359621,1.7985927371578714,-0.42978643881642736,0.6071826804133179,3.0481016117279545,0.353312368040621,14.468229128500912,-1.680887159144473,6.622080039570138,9.459833788805573,-11.327621386611694,-17.458963463357556,-14.79858753554093,-2.5291988235417917,8.740302927532595
-775.1432301410655,309.1287794512183,-822.6488518778581,-85.42758845098442,-1.2350228228842772,0.0,-294.4735744798087,4.859079772374273,-4.765285380921917,0.17618232216970053,-1.6248607058128968,1.381055038288038,0.24094873786174645,0.6202890578577331,0.7245349331805192,0.6491311620441206,-2.305662492069094,2.5213972513768717,1.1924423998653901,0.6699110046065926,-13.59104790805307,2.658487742331871,-1.3058090778071016,-1.844620021500614,-3.4237998417204887
-2039.7582576937473,554.4508091383015,-1764.5533160625846,936.0995211333524,7.1321918723243325,0.0,-296.4765268707367,-7.4347456017900235,3.7870595682712946,-1.027311590380684,-0.7141907373141588,6.923408725153003,-1.8031019395417083,-0.25729467970802333,4.980424132565473,1.407417260447741,-2.003354821411393,-2.65295201343735,1.6738363528400761,16.161138288597865,-3.779996258366322,-3.4879112514872888,-0.2818793734603732,-0.5072650330337318,1.6788189945665255
1982.9002709726403,-598.4166559548357,-823.5455768871543,403.70269649514665,5.279000975270354,0.0,-285.0366144563973,4.691395646675521,0.8551606064142196,-2.1804675888459717,0.49277515988919784,5.653913694660527,2.156230819384987,-1.6827260216475897,4.89841456955781,3.449022971044783,5.760524747735052,-8.331879756290185,2.2873374218709612,-2.5161719112821666,12.47180772015992,4.596456176131573,-1.5758920728119348,1.7662992883225384,14.186872952070809
-1472.432534618133,-73.39409547177169,235.75107428647559,-983.9467303164057,-0.19631723722444236,0.0,-323.55365984258054,-5.143889536016356,0.7296037949149233,-5.976093568209455,-0.21764368053603605,1.1623937711823689,0.882562087271951,-1.0530975087276633,3.933004529340251,-1.593764617122109,-0.5388173717563117,-2.318194417684102,-16.731640611629537,17.905764102704428,-11.509902567277258,-9.749717409802193,-3.0381222984801757,-2.433677611382337,-3.2486900752670045
2052.8411831391318,53.583930259229774,1101.5333345732024,1019.2579099281483,-14.34174169192365,0.0,-276.53250985152744,-16.964132315316505,0.567380574649221,15.060535467002575,-1.8173969467174451,8.891016650731594,2.5760102040560295,-3.3768586431788368,-0.7169973321979825,2.777760218774254,-1.16310311304393,-17.380445861539076,5.558398080528733,3.098552524437652,-2.8636269762270192,-0.5636209716347053,-1.1638117815071123,-0.37428453862956024,2.7751548668769734
-1608.7075413397104,-382.7955536585959,-1887.135852601926,-457.5753677367025,-4.200146171106872,0.0,-313.13173770078816,-3.379191808041466,-6.468917128607732,1.9914242820481332,0.2970953203032346,1.800096001242302,2.207905264258309,-1.6065079057105889,4.021086358318659,-0.5223814298857268,-0.9116313626787531,-1.7757142000959076,3.736750374857326,1.9149520134709568,-7.968331469204235,6.092621334310614,-1.5232023849009058,-0.3344281051094873,0.9051478640240523
-924.2663009105007,-379.4645923031743,1039.340451115393,921.8138583101169,8.57375213297871,0.0,-279.51673626198345,-4.49670860019694,1.3176835157346904,0.970413085892825,-40.14045055285435,2.0328463616767283,1.5712839449546272,1.0159492584735341,-3.3852410289790016,-0.026950804838516848,-1.0530512505313767,9.955146473548087,4.150765276044965,2.0973270074135275,-0.045571473910962584,9.20855043113383,1.9176278407975922,-1.519601016618002,18.266771290914836
281.0138662992968,13.070949543771775,-1888.0308535711001,552.1070988188127,-0.029286271497558615,0.0,-298.0928657920917,5.75056255176484,0.31365520747340275,0.8512800042774177,1.5673998979218435,4.288824848408719,4.10688267746234,1.0794850574770747,-0.5565567971813153,0.49095898958597384,11.317394085304688,4.022932063427655,2.2927801662687894,-5.818078899278559,-3.1235699060354296,-2.752198422383944,-0.6207983398095398,-3.13504534527489,-2.1917641186026264
1062.403228979154,-182.74619781570033,1098.0479498534326,-913.3898380919339,-5.759418109820593,0.0,-299.82846252601206,-8.02533722936069,3.312472213795294,1.4918836460779565,0.3743747288627359,0.8472947439957956,0.9411246651849735,-2.322411230590649,1.120504705014724,-0.8218149624340487,-1.2010176888850217,-9.445166672914498,3.730858556501335,3.612131387016889,-17.99832233675293,-13.715665248243932,-0.43933502252991397,3.5755691372496443,16.419335574487427
-97.45500890830827,270.89335149603414,-1869.1499158721676,-126.9687341600772,9.785587983308874,0.0,-281.9724147522169,-5.621791825624913,0.850941616316993,3.2105375074052014,-0.20581961962982112,2.198407088501675,2.2333813465216052,0.8299551565987618,-33.64468390068208,2.5952092849535107,-1.651989969405044,0.35713561617226613,2.2296794989674296,1.8520988901287279,-12.843256106673094,-19.87206224169839,-5.291205866851027,-8.409897608196353,7.403802243753514
1392.9214582294117,1153.6375654520277,-1800.7278446226296,567.4110158321148,-6.380966040423037,0.0,-290.07130542004154,-10.20462734831276,0.041397285250999435,-3.931497607376771,0.8202998515021477,2.889217882560603,-0.21086891517842846,1.1492265457205588,-27.76256439438769,1.1658720316826303,-0.6625017246001788,-1.3589692225928305,1.7514573099511994,5.853153513661114,-13.148173159649911,-45.79425224788324,-1.9523164594488533,16.081236143924723,-6.247500370103336
304.14082535352077,679.996779649411,400.1060887607393,484.96953130859305,-1.2741346193627305,0.0,-290.60997263920825,0.09158245417770125,0.03229108023575909,0.14208338265297182,-2.6872311853458637,2.3197211830487507,-0.6502810007241847,0.17025628204351334,1.9927069415563348,0.9990248939619997,-6.184821926499014,4.816941589949045,-7.59510112948789,-0.8250033308991076,-7.640939899119554,-1.1123245119764869,0.3619171578365174,6.9668622773133135,-3.6116402056534747
2009.5139576412264,-45.09102560934382,-1834.9855806305688,551.6543535991317,-20.87282645507004,0.0,-280.21170342120956,-7.0989938032720135,0.3822869694702315,-0.2500910098905153,-0.458024566669125,2.4370950918797822,0.981780533126044,-0.7214795779217719,0.49973870227943307,-0.11390229883333794,-0.4538092489095401,22.748280555863033,2.5403390482004515,7.238638123283236,-2.5860228629040107,1.1021601148250533,-1.0093339763438616,-1.975690644125016,3.8411154546016895
807.551552306097,978.2051612252409,-1733.6439930380768,-37.301154053889945,20.123904889410923,0.0,-323.91913324427077,8.34570365540183,0.18553850969515792,-2.6697670692617854,1.6745918158594264,0.4409858867873489,4.328060023073624,1.8797320473313723,4.455702372439512,0.8383628935095588,-0.8550787108730372,-1.2552728583090895,4.198275732729516,12.349065304491804,-13.762333453688221,14.926850938799175,-0.22768062585681265,5.0602537150657065,-2.9699557187956955
-2084.4148000757446,-385.2018128539208,-2338.6560825455754,885.9130235059868,1.3827808812839868,0.0,-304.60244019435214,1.552457892490085,5.013851869579965,1.5332066979154426,2.7363713720594647,4.531053783950322,-52.043894716960665,1.028604161149134,1.2170387840310586,1.8418708818813707,-5.5077842977832,-0.6815569243784414,2.810534570081652,-1.275359166349414,-4.6347706418915795,2.755568459903727,-9.303385793688038,-1.4036985158742004,-17.048487231818317
26.40502328463339,-170.4736315939263,-1533.366567654228,-888.222166990053,28.763917608378744,0.0,-290.6506845942271,1.3755645773728704,0.6401779717005481,1.3902718178383087,0.32903311909779515,1.8610050283001947,2.0178511066533384,1.2802945018943745,2.7899745916551426,-2.452126051429324,-0.9134053657405352,2.438839979347065,8.929822572304237,-12.51229733535979,-3.040438750837843,-3.386899828872246,-0.8342844703606198,-6.921306048231658,1.6586480106941197
-1240.8833495047347,970.1496890973027,1006.672139645093,-456.29380864791835,-13.894491408089412,0.0,-302.48992782392156,-5.686606568121385,0.07126370909911789,16.587699401325928,1.263334842899819,1.4041903685215258,-3.4921167629744314,-1.505318316663863,2.211097364226565,1.0529035318567408,-2.0956149586513417,-2.9675862378811835,1.722214867296446,15.274757350095829,-8.733684300064006,-0.5272543854580726,23.687464599298075,8.574732559445184,-7.376849005968207
561.1592731332197,-864.3854875569893,2460.0320434336427,-460.8093515135862,-6.250668638350233,0.0,-292.6656735673411,-1.7444166752107217,0.3395118787834476,2.3006631038791086,-1.0335858524189132,2.9413725849459005,-0.25575874614026467,-2.3377807980384264,-0.5503190003375664,1.1421810753027244,0.46114080968585586,2.004061762363227,1.6302100901848156,-2.788544114465019,-5.178317588682169,0.3087688375932031,-3.8262144849166178,-29.59464326318538,27.017186282942063
-1845.3734472673123,-362.5582191743269,-1613.1091077217368,-24.173504197773656,3.9024214695338664,0.0,-318.8335142605376,-1.562420882288714,11.175389311749079,1.5759943067224196,2.50672717216451,0.46375641055942646,2.3722525150022875,0.7136230782201263,-0.42286652000549546,1.9713602993595292,-0.7382628010488896,-2.5977007294446604,14.820133066680404,2.288184799799299,0.5766142612220895,6.719479432287884,-0.3658495297368949,5.326614002925935,19.160100080713338
1181.4383740243188,1109.1246448730544,-1584.5860387724765,609.6994483697044,15.30287230057901,0.0,-295.19292120395266,-20.986326951040684,-0.0675218888966771,-2.783155539096572,-1.0250822093958634,4.0129611077314715,-1.9757890900063744,2.0249093124128006,-6.214872464193803,0.5308538139245155,-0.9832710131782129,0.5782101437014172,2.9621495373319577,7.429698950597712,-13.526508597009416,10.354796675720126,3.4882979546388384,15.573942262955796,-3.752112321905765
-1701.6139731957517,-234.11123485333937,1136.5351582607493,10.637610629344772,7.590109779021109,0.0,-271.6482862287468,0.8997711036904754,1.9918269885488544,0.986544100356407,-0.017329693255580703,-13.221735072634297,4.910958031076166,-2.7659989126696503,4.4284318975354715,0.3192896020381052,-1.507534785101892,-12.317426851833385,2.3440469296982673,-65.65621885182142,-10.621932072690024,-4.451641876928762,-0.7087598225421379,-13.717215151523886,-5.03816087276446
-1530.4605219036794,609.3482340323062,-380.3845809699721,-441.4377127118584,10.710967764922765,0.0,-328.12378089132375,-2.2615241213446713,1.6976036118822728,-0.04407525085913456,-1.927683717136829,1.8363484866816262,-2.0911707627241096,-0.20991266784523874,3.433628129522292,0.5188845530902771,-1.5974737119387168,25.0127600002743,2.556146165141961,5.172790205422199,56.198225858583164,5.559719915014269,-0.36522711805323227,-10.844376385379157,-7.739737447988701
-1927.7131051558847,-717.2994308144541,3695.3000155760815,-125.8492708079125,-1.6533893731500373,0.0,2675.8735209031756,-1.3320112149963537,4.035210514364619,0.30669356030260125,0.30125731453375226,6.070313152262197,-1.5553966279508094,9.38189712893582,2.642751343104963,6.092384864086901,-4.140177001298788,27.393465838191656,-22.595076011127144,-2.142249730849794,-1.3763419665223868,2.57924272042347,-11.504615650825013,-19.69554395360382,11.569281172089136
393.94362467666724,-416.90055834599724,2475.2440036632656,-82.00006085529925,-2.665709695835708,0.0,-293.98071447217075,17.144219307787182,0.13058292904931693,2.6647036403895332,6.670476900721009,4.013470744277875,1.334008403438562,-1.485063207001876,-0.3983166133144859,0.34116817025719354,-3.479847301481278,-3.6890220972914367,1.8805468333225335,2.9656920662043844,37.95726854675824,9.039653617961,-3.094573729320844,-6.452634930210408,2.1630428701453734
-601.8669825166824,-848.9513427646926,3932.4139588028906,-361.958744675387,38.01451421207418,0.0,-288.370840237305,17.745741779480262,1.9233979869871172,24.579040667359816,0.5754740252194652,3.1877594549793953,1.2016376323793416,5.396617572044537,8.980599161711307,-0.547753327547023,1.7812970828548478,-0.6398338261228523,-0.1098459830910358,-2.640247277981379,2.516133049082555,3.5709692894148257,-9.010099626473073,6.46974464510689,0.22628975702930726
270.60961033635147,-554.415985702945,-1213.244096546063,1034.6171125212322,3.9816609178920244,0.0,-298.0872782914292,-10.188368163166698,-7.984440734228504,5.332067920215255,0.6896187952198485,11.659531004768438,0.5650169111306127,0.842921708581795,-1.05623726000964,0.6247344809121714,-2.347371126610403,-0.03397914552622468,0.533534951718477,-11.448429953991376,-2.3498663016800108,4.6090911046500835,-3.517401217953017,-5.273032206958427,5.5574779019773475
-972.9006304290793,-417.33165831622307,-2345.1595839523898,896.0675360228904,-19.94266220406443,0.0,2409.6967471767557,19.546771474524128,2.0995161374406885,0.6279763828860409,8.039603083728943,-91.87536033261189,1.7172403513833878,5.407221226729323,3.0112972842520307,-0.6583612162635131,-5.999563353268152,-9.609276376477352,8.860450370025736,-2.1740937692434565,-3.5449553208537314,5.080496168169447,0.7189688199736055,18.159088233501393,-1.4069283929439338
-715.4230828027833,41.15200885641754,-1896.499124275987,-407.733859357783,5.7466130675977185,0.0,-296.49267326134344,-16.758566654757345,0.5557350492875436,1.0202983957572578,-0.10470260292787009,1.875073249197462,4.304604624066594,0.6734494412373495,2.008754316718444,-0.6644101714821646,6.371890215497782,-2.271533176891524,3.4956740350499627,-17.375895934513657,3.8669899210437517,-5.404116345002315,-1.2124996309405514,-5.749298004652628,-2.025385205088595
-1502.7142957656738,-16.75928187125875,-371.44738598087395,-461.6624460119489,-1.9642945768332802,0.0,-329.8526829546969,-2.006271269333633,2.414501404761492,1.102886717588764,-0.11924120867344204,1.625202579430191,2.7551857844057444,-2.9852482445156383,-57.18286684716802,-0.5125588228490683,-0.7464519150901834,-23.786504002714608,3.3988542235383066,-66.19777554170972,-2.238692234076423,3.6285073737188918,-1.6062020165094508,8.506034318388421,-12.024224164549288
-1728.5564495809112,-1043.0685374393793,301.4694266881413,-484.1521269282567,-22.340102037797028,0.0,-320.10516262732204,2.523521703045255,-9.095615483140422,0.7517769246369606,2.6684291000434297,1.9040887231444985,-1.9738760552888384,-4.293251750130611,-1.119879552263486,0.3055548195176044,-0.9965037736941357,-1.5192490687310167,2.7094813915152716,-10.191897962182834,-2.8257769639789205,0.49849154752689706,19.539816147189416,3.2487025727064265,-8.04939443126818
-829.252841965503,-1089.2780381439072,-1644.2871016290867,-78.05285155339875,-7.627334655001159,0.0,-307.0454045666251,-4.115950360150995,-2.591646188218154,1.178645258850259,0.1468262538137434,3.090738378042814,0.7942876224531439,0.23671028356358872,-1.0501989857486165,3.0015658188200836,-0.5078854993290807,-0.04694582809544032,-7.217227556611552,-13.769054755720278,-1.704680260197365,8.393803346473085,-2.160005130838993,3.3757002339587974,-2.9702909314857795
-1300.6498129136567,467.43894001770167,-2256.463515078692,-966.4702483781489,14.763501077836702,0.0,-312.4449191310084,-4.012970925827967,0.006873281898938671,0.39715558620661506,-1.20749291259058,-0.17659019582465485,-2.3128831750628054,-11.015444387011403,5.002531570492301,0.5882808336444078,-3.439488341268682,-11.29614362768136,6.663803631719154,2.325730867189925,-9.89609623574129,-10.126543376314658,5.502667370968382,-2.5215102439232155,3.0638573523342996
1169.4389204532442,253.37564333108386,-1784.0331621223556,1143.5308832988233,2.556505136106733,0.0,-263.4386820185611,31.6894668814887,0.5146224227411123,-0.8229601766305452,1.7488949606027893,8.433302736150047,1.1221863482462762,6.010083192927361,-5.280338704305268,2.013095989441912,-0.41383817568712544,4.839983197245655,2.0890194619407376,1.2120535391430347,-5.075339235018605,2.212414761381592,5.916209204324373,0.06608830465594376,-5.586544986694864
-1203.8016775774774,567.2450303139625,-1636.4172498803441,1042.1566667941136,0.9577510133010702,0.0,-296.38131905618803,74.92292800406051,0.17088135533663032,-0.7594211798713443,22.050761855736738,4.741145648916095,0.8004101279833544,9.609464890857941,4.19327322545153,1.0789501216788702,-2.399747061803064,-7.299099985851028,2.048373283529098,-40.54487985815478,-7.872707344188496,7.608533926760577,-0.3082160733225945,-6.7140086283687745,-4.459769857993349
1767.8765159036795,-532.2707036270494,-1898.013492461523,1040.2805318884912,3.1859343835077683,0.0,-283.9164240404832,31.005771704893323,2.013232932486687,0.5375427264110085,2.9644041938708967,4.903124586721264,2.725934456581146,3.432853818171167,0.18264394931270964,-2.279514658953364,-0.26686035635509153,-1.8957532918435218,-19.70256291228494,-2.1877314359854116,-3.7253327047730527,5.816764927737418,-1.806262723573503,-5.156235414272287,10.277950042610728
2011.4712370124244,389.777861235379,1011.4156270365023,955.7787818042369,18.145360060391045,0.0,-278.3840762924963,-32.16563612621847,0.6256720310404944,-3.051635397853396,9.867342053779815,7.513691658274895,-0.9891213242515906,-5.8713150582107,0.1528581517534992,4.775563963785683,-4.33226799070807,9.819205433148335,-35.895085535995975,2.6273772934313073,-6.418118394789802,7.650574431811598,-0.20201284927600355,-0.9386565886830769,-0.9431444546900992
-1809.6198287520815,904.6890638339801,-308.70975110864964,458.88686084362297,23.676437249318386,0.0,2655.756968324769,7.862398066039662,-0.24688187346466933,-1.8090063359341122,0.7651730704757224,-26.21805470284049,-14.98194270874152,1.4031260507115155,5.828417285687266,1.6887905377144368,-2.2924947519620624,-7.497137064249635,5.5256510098165785,4.905419779548495,-6.244960925161294,-1.5277147423581408,-1.324522294926357,-3.07490429266421,-7.126669208953997
1368.2605546803234,-893.7924245597541,-1237.8101311275998,-430.462532788105,23.290554423380023,0.0,-296.67084177599816,-0.2820143741952245,2.5048003372323135,2.8626737414546346,3.044382973893071,3.888971350815897,-0.34046501841175875,0.3699029016960564,-43.36530937654863,-2.0233601965922046,-0.986594366553023,-0.852388358355541,3.134652154685093,-2.3653831333526734,-2.730357301347496,0.8478885336663953,-4.944895011210621,1.5130950644300598,-4.67986140490787
1138.180010201345,-304.05598637661154,1023.1506556757419,455.7407590615526,-0.39258828523688183,0.0,-304.11889727548186,1.2114972872596417,0.5693607896271642,0.9565134716507733,0.6324047227708938,1.783723179964517,0.9310308360982806,3.3503214073630736,-0.6529381877717468,0.3347774613880785,-4.311876537128603,-6.280742789864533,1.6046365315292905,-4.54896826355485,-5.3570303571446685,0.9660331822858925,-0.9031159782708301,-0.5385263599297428,-1.8582329894688077
1053.0642167466317,-1093.0933893272115,-1752.9339530365462,1114.433282172728,-8.763060980913174,0.0,-275.6292536609138,-36.183788056310576,0.5208804502368127,3.7018151988919032,4.544440418757072,11.236907624174373,-7.918116331771525,-2.006176173854689,1.5222955773303897,2.2771323512269883,-0.6615772189671544,-12.801567277510356,1.3819278061171567,-13.737109745448885,-6.836428483860427,7.362370161473922,-0.9221967321560879,8.833225457661953,-18.653884976676224
-368.59179088162443,1051.2109947180982,-341.08505289792635,-420.3961409405924,-18.032335689955584,0.0,-339.2890237584984,-24.195518297182378,0.0779606748628971,-4.337268117169925,-3.432051575414463,2.0633490216288806,-1.0008658184696637,-0.19746356409642232,2.788017425671686,0.5143833754932593,-3.250096237494914,-8.533135769471016,2.337059663269406,-67.97776161525827,-9.041815018728993,1.983694866735901,-2.843522099312002,-17.05768607573932,-7.965728649366638
-1382.0873575110875,576.8545711503801,1090.2529445212303,483.5408191337207,6.779570820728764,0.0,-289.36337799498745,-3.585454331965821,0.12389352526566225,2.621745298552307,5.060072989223814,-15.019968500269504,0.4958567917478907,-0.25534428528006037,7.071265309729663,1.2088611573794446,-1.4024542150100228,-1.5241888873841327,1.002470306092492,4.332520482381591,-12.533484228433268,19.279207200088962,-1.7534907407417009,-4.109598200538438,-5.9887916451665095
-671.8294201831104,287.99519225975405,-2208.4804730613864,-969.8611684414739,10.74883572368535,0.0,-275.93055188800275,-4.928077358713521,0.8748609883585223,-9.34321534487845,-1.070992175718555,0.2415760793717281,-0.99269190771497,0.4121641614343041,8.159596099989544,1.4158507329196213,-0.5830623332643061,2.3157728521529592,2.4582020512914613,-0.47952884020274195,-19.58719923065814,-14.484259170538337,5.957294488780718,-2.700791345061357,-4.375845327301729
-66.33895211170223,-904.6989076878144,-1616.514093919555,-856.2154606719436,25.17348116152137,0.0,2668.8549520871393,9.309149908360432,0.2300533385875537,0.8134802473539329,6.213081559235209,10.027077340497707,9.169753720774672,4.680315279721771,-1.3312885847768772,-0.6130970344227691,-1.0257031538040422,6.671259737781869,7.503536893448264,1.9468805992436031,-7.333634824776714,-2.8082345520897496,31.265755655305377,0.5597560902453289,-0.7932918786740468
1894.04616933655,-301.3103005602158,-1820.6292105853033,466.3010677066595,-75.44561187676324,0.0,-296.3246511513567,-12.825178648037198,0.4455706269403692,-0.21523384780794771,-1.5073201971150303,4.833444339375337,-36.851226076228336,-0.9597234732498724,1.8740470807918792,3.5436248511736035,-0.47045235225473403,-7.049754980544405,1.1305751784387046,4.241641488774387,-6.845558380612428,-50.2586525581408,-3.748307387386479,-8.70101276209758,3.2560910523245292
-1298.3020986196905,6.715561994581024,-762.800671364551,-424.1722078616848,2.303291652300161,0.0,-325.2048805029628,2.521993970698039,0.8637190561364663,0.019072697489274253,-0.2389381033562246,1.3316978880804937,3.019220608153062,3.6181687642483507,1.588343733463257,-0.8329429085543256,-0.5779680462619828,-1.6703674170105347,2.722382417637989,16.781369041546323,-0.7037053173653735,1.2485255750342668,-1.3324703895994916,-1.4510130919733046,-2.9708476123298904
164.17371785323044,582.8938484637478,-467.46561717698063,-547.6838300600319,13.791278891978196,0.0,-324.61275854452833,0.6608232907930266,0.22378972888273532,-16.265734372057953,2.01157259066907,1.4677739390126503,-0.22043896533977642,0.4819112654574894,8.364818527886344,0.7284562564676319,-4.500475114506772,-3.23188498898018,2.3255755423233544,4.568868460906469,-8.764693764506289,-31.51186968014344,-3.1192336904825386,-0.8165368702640071,-5.880264587301387
1600.1736170337358,998.6077645850359,-1236.6944528059528,-523.9482685111693,-30.718255149957997,0.0,-313.0034671562961,15.109259249029106,0.32091867412309916,-1.9093958238860629,-1.0047765134859292,1.506155306311406,-0.045385884163776355,1.1360209471415181,2.3341844929960844,2.5305665081821176,18.238177863322612,-3.8186249431078196,2.0919982353913826,-28.393262971369616,-11.270453313961823,5.548748957639745,-4.290090991766947,-53.49134832466055,-1.8618146304510714
-1344.398023101566,474.5066357395873,-1130.8356927455718,458.8678111553551,2.884807619974303,0.0,-329.2716352080624,6.331124670416976,0.8068240021438657,2.4316691968487354,0.17771122617020788,3.6981263034168474,-19.60263133072468,1.3553953823793168,7.443067779833538,0.7918099564333294,-1.3208007072607786,3.3117392261989895,1.5301462577284768,1.873758648473263,-3.544580469182866,-5.693857212352945,-2.106830797187562,2.917967462325922,14.924215818761194
-1977.7736499315936,580.9255939466519,-1081.6319606939326,489.4331939965616,-3.955152022738957,0.0,-316.11558971656245,9.009770063509974,2.613801848906861,-1.8237305551288003,-1.1142499742785312,-16.040054446801577,-3.6673158818503375,-1.2540959671285188,5.711580383243103,4.14386041957053,-2.3549288946951283,-3.8471906692443194,1.3256402193253687,6.267974594603058,-1.4355767697721018,-1.5774670113108478,1.7206880448926438,-1.6428162581067933,-8.987940377684142
1158.4888726579065,145.47985608131867,2588.41099530804,1119.9060268326916,9.172571276163508,0.0,-262.3537143743547,-7.575332454455058,0.48284070992616174,0.5978341951719678,-0.3820607714613953,12.853725716084659,0.16024693623352895,-1.3208065743398099,-0.4586614034743802,0.36000765730361106,5.491921619321964,-0.5463921178584897,4.707884236700182,5.983800633194572,-5.163700752128412,3.372295506019083,-0.2389860566219502,-7.819038238099248,-9.430367940706496
170.56192653710457,-828.0852796294578,3866.4996666946927,-549.4108095671439,30.280019447260837,0.0,-264.32041472161,-0.7336505615337224,-0.44244565415693904,14.327744003941989,-2.4829687838789054,0.4308856792966961,1.0671876094184525,1.2225672475109415,-3.0062773287428786,9.561021761944831,0.3880205486979359,-2.8304394820881567,-7.516217513258483,29.275995778673913,0.2819019373621784,-4.279448018580319,-9.888336980194097,17.976549163606716,4.532466133233921
1801.19384854385,-183.06657056222707,-360.8548607170647,-424.60317676584265,32.28222179968422,0.0,-290.391594585349,1.767256516785518,0.6300012941569049,0.947801444923384,-0.09686980777293738,-18.09214076480579,1.9579511688826252,0.12290125828800401,3.024134069803387,-2.171746203001633,-1.1058542660845845,3.5294342395255187,4.910664312181676,-8.62132204089033,-1.385189658593755,1.9145943384641748,-1.703526491579294,-14.511319388118686,-3.8002700060606665
-371.791684860513,-396.56431526720104,289.08119878953624,-960.3077111028339,-15.957769509797867,0.0,-296.589341110566,2.8575103744470303,0.4243006449120569,6.041267377586863,0.5071115173665318,1.041861361076065,0.9861051286144973,21.212029298903985,1.2678811317106946,-0.7480873878369295,-1.2146030651505213,-3.104079926682226,3.6548304317422886,3.8494281329099302,-9.253679929451017,-13.503374077716217,-1.243247375544019,-1.6868938298352034,-2.2635754287685805
-776.9763438260705,-427.82822925170717,1089.7877564618243,-924.1061727990915,-15.117991015309611,0.0,-285.2071616028782,-2.2855561882940054,0.7839419754545083,0.8300586588998835,-0.08011275223917894,1.2871496119768695,1.306547368468059,-2.7793366827158654,25.38314649982617,-1.0795544412120104,-1.2520454946230097,7.213438967766198,3.6058259044539143,2.3445361519668073,-12.902467632975751,6.634908871026544,10.581962122986504,-0.23828088557742483,-2.1906540139005055
-813.0549694919157,1418.9151670666945,-368.16531646436806,897.255376441786,24.620680904141338,0.0,-304.7292341095716,-35.50080473174101,1.0181551874538661,-0.0037288194457285144,-3.2225702216925716,11.077551581767493,0.8526715339976582,1.975453427804004,1.1674507807606906,0.3944874019287441,4.789007962310156,-7.243461954676177,5.095644101316797,-70.49375721313889,-6.8954253578156575,5.787508365401946,3.1421428383398142,24.583738603261533,-14.411657435773916
-1711.0665148068229,-1303.1505730116482,-1273.7426288341774,425.45544278338906,12.880561297244459,0.0,-293.6473649597778,5.410733617011165,-6.228093636528892,1.2447617630067678,-0.2433374686793148,5.765143232865893,1.763899974198328,0.04302930387064107,-1.7306308025541488,0.9609756800781589,-0.5049218233168822,13.446282511292834,2.479169029555631,-8.618934733226078,-2.9672148809201695,3.5092317834207867,-0.23489520237146527,-9.438054715421671,-9.148148693085
-1623.585294081771,133.4363279732916,343.22203933747096,-940.2188419462161,5.4461165050115055,0.0,-323.39207729512964,2.408631723937712,2.119650029664297,0.7048957265482594,-0.7815478241618578,-9.124800054460714,-3.9360212843589704,-2.222229384203308,3.61814259130873,-1.8322165132466388,-0.8182901603937112,-3.3545320895412285,-17.263041418954007,3.479274732831231,-6.038578924405405,-13.637918502389114,-1.2077298982605167,-1.8670111035347716,-6.1599994194942775
-1347.4892556460206,-640.4871481107369,3712.223893464279,-846.3885524777405,-48.48864015979502,0.0,2734.868378489511,8.92217425270027,1.1601843799558467,8.995813566848105,-2.288305411932378,12.41741653377965,40.06892764427167,4.14961744134304,0.5198374099908949,0.8556266823815672,1.5547867768995387,-50.58754825227889,-2.741873521064511,1.6518747699145633,-5.229683442940699,19.556819532862608,-14.930638442315614,1.3679885968185073,-8.922698180762255
-2083.381808423587,1033.4224674142479,381.8560300358962,-963.6378043574786,-10.48202981370408,0.0,-304.0353188206744,-14.391403287961074,4.509038533395662,0.4431114226165872,17.5506110785287,0.6985169755064926,-5.973766614912566,0.27109462286104186,4.40109841001292,3.7848443938277545,-0.6984999978201837,-4.440248628743698,-0.49387931327881823,5.4202641331007415,106.64954536798157,5.838856568363312,0.5382409133312106,20.55759895648478,-1.44405111880775
-2038.2960480338857,-18.877997301659228,-2330.1276215155417,403.3086105090389,6.933525847645448,0.0,-298.69375745050695,-6.777670674463026,3.916795688853912,0.5429784398125759,-0.1316643233749131,-10.13463273319977,3.5836277067161846,-3.7008634257759985,3.775077118032806,2.767439388684805,-0.5436770240752489,-0.3138024624399843,0.9925349788491157,-1.1795668276255586,-1.7774298339258428,-2.8911482388918217,-16.59116421755256,-0.03805470089162251,-1.5076944133728079
1427.6661035368227,277.8193970620407,2678.2948397454807,1071.1027699522494,-0.09183173403288196,0.0,-257.58906950509964,11.345398939607497,1.131545734317055,-0.3682501579541403,-3.837573388154007,6.480980322011727,-5.3049836041083935,5.8744663650942925,-3.6939836463542965,0.4296943136135787,0.8295207993992051,4.697541210365581,1.4588113763111998,0.8050968613074212,46.65426727716953,11.292131643360637,-1.25633410937114,15.089304623583606,48.11090212858489
-465.6652478109036,-436.76005988545734,-1244.6049716702623,-472.34054095531775,-3.9699820204705043,0.0,-323.7501048562112,1.2843525025985052,-7.125699381909955,2.4327710366728783,-0.2412837845596376,1.5610019966448514,2.548588038453829,0.5294661425133013,-1.6204205427127292,-1.9020505387966042,-0.6362413257191503,0.4956107541657375,-14.23740475244449,0.17725251777491552,-2.4958615878573838,4.478358830390837,-1.1743137994589725,2.6310552277292385,0.0572763919865772
-1708.5225790063578,486.27521578988683,4049.4743003594217,1064.3136670307779,9.356594436310369,0.0,-266.38027907501663,18.494526720123076,2.342312782012993,10.62049458051113,-21.392435597972224,-27.244414505155724,0.47464955071628084,13.910821903463013,-1.2513440755311909,3.7741912846187105,1.2653344733337153,-4.943856082651065,-2.8960880121652077,-10.057577569433787,-8.010901694729286,7.848536251758044,-2.491607456920965,52.663496834986105,-13.421993677786329
1787.4782868016873,221.83026690872347,-771.548063899558,-893.0795507887327,13.060048794491522,0.0,-277.10706171321664,-2.643839502889114,0.6571158910832331,0.3021478344784118,-0.7391990615789319,0.7318799182820149,-0.8341405351657987,-2.388593914138831,-34.33105793670042,-3.706690085686498,-0.7656829327961682,-3.759990963651073,-11.104723391089825,10.707086146118035,-7.273443960397505,-7.261035925257662,-6.03597156498305,-7.311296432929472,-1.1396376831834165
991.1588379982784,-896.4872258133369,1245.757778755324,-915.3393282120018,-18.144472108884095,0.0,-300.1918473834248,-8.494443103553222,0.4088578162223836,2.6840855822317007,0.3086821568672617,1.564387276173367,-1.741008605058378,-3.9627301437845004,3.2719317090274376,-2.4867548974437534,-1.1510311594991105,-3.599957774432645,-14.805317593523712,-4.970833381077167,-11.58387883643276,-1.4296840184730235,-1.5637957186641405,1.163887660260545,-16.01004676253785
1402.1049477832278,88.49593156772241,-1629.1821638186827,-947.4780619467963,15.919914567136148,0.0,-280.58929936570826,0.5984336673530066,0.9523275197328117,0.42051265532421567,-0.8692957588548303,0.5248099776631331,2.7882289299475276,2.699953412851,2.0998148768689258,-5.608798679652077,5.105509623948256,2.978495988491136,-37.997741032237904,6.014660602933566,-8.426297363498659,-13.725133205705617,1.0610758504108964,9.88856202648443,1.5968510005487053
-668.8166959380729,-19.587101858098528,4068.5316721838767,-415.27685985392156,24.150822847485742,0.0,2661.6140522629967,42.35569540431912,-0.13739330521819765,5.940831863750272,-5.2339673937328195,13.857171506168875,3.8008598634039954,25.401859539524203,-1.6031514061252954,0.5408279750325201,-6.600712411131512,29.56557384869766,16.347104084193816,9.602484825252821,2.0935207474607487,-1.558775994263085,33.806925764093144,3.6396717787516084,-5.741991041585845
-1276.85111426036,-475.0155602134396,2432.0252744715963,870.6503379834038,-2.757213718832979,0.0,-294.1870686603012,-22.283473078684008,1.0558683198229526,1.3716583989166304,-48.71302367903523,-2.5948022057073246,1.0515792750689321,-7.963180825050288,-3.924027029742237,0.27124427505348847,-0.4175556666891291,-14.344097795369636,2.0567657348916573,-6.160104548431698,-8.16862240455616,10.900830531048937,-0.18912499951962825,-8.613644814304347,25.232776211426195
1799.2333166572673,1154.956364402588,2508.2390390268133,-8.539701800464615,-2.4218962154506256,0.0,-275.3025187146558,-39.78985447235202,-3.841749620329072,0.07542906088904344,-2.4227934778746074,1.086549656569259,-0.015539291163768856,19.463331761384364,4.133915872983231,4.592334337122223,1.407730487467469,-17.45485778824477,-13.601760526914545,6.973171386569641,-13.451111110817735,-2.6637607890360573,0.434652115808994,31.06528815390306,-3.349672397746171
1714.304214116963,-261.27994613073014,-1197.610637653119,439.35857346720024,-2.5769650418775343,0.0,-299.2044734992263,4.420101799531086,0.7073025111582443,1.3523049304676222,2.1284488033254667,-56.576808135951715,1.527848559495502,0.6804644664606874,3.459540281145322,-0.6752443243747486,-0.9465056983526623,-6.509051836351705,1.7610600812100439,0.5962829041343891,-5.8935262282131236,-17.956859522066974,-2.0491635731153566,-11.220352937314598,-5.467273339891552
1468.059852384093,8.316925667839604,-755.5049358252011,-890.5931257549241,-8.20308199161572,0.0,-296.3183762292263,7.64573293966021,0.7736602246179075,0.19898098851508536,-0.08143623644327769,0.4894933893329307,-26.14270357633946,1.3678842143143894,4.098243266519178,-3.0712119929981965,-0.871266717081549,-4.208880150415837,3.5477715787279926,11.441610717972486,28.64621819301799,-7.376092572982728,-3.458029944158998,-9.572860489919776,4.92682460739218
-1546.5939275131461,804.4977480960255,-1198.8523233842739,535.2463040389057,7.756404768968366,0.0,-306.12768885543574,-8.17965741840396,-0.5620561127189884,-0.2565173842376044,-2.820160046930759,-35.40045674202004,-0.00947709195961852,1.3539995666610902,9.810491228133031,1.194966504974523,-1.9909121608892073,17.068047656143012,1.6399763526036277,7.497269610250329,-6.887341926521059,-5.571196845347031,1.5563314469332248,2.962593695219513,-4.071975695912886
-621.5390256584058,376.1365271609012,4005.486800182486,-928.2070011295996,2.575450892071231,0.0,-267.49234989779956,-1.0334311516473977,0.08885206558859873,5.986234165550013,-20.84945620942093,1.3453750742672264,0.6424796632572332,5.543383513345998,-4.458532196948319,2.9109287804607504,1.0529572980169568,4.099665626565661,-56.11840048502912,-2.2285825329553672,1.5653866016436344,-5.277748782310385,-4.943352029559867,-26.969111886227918,-0.3693169548134661
345.4097340675039,394.64618689111273,362.8119330461122,484.1621965008934,-1.4851763442342103,0.0,-303.05278837508484,-0.8511806044837791,1.4590118836043129,-0.010919471547173883,-2.7004502851696723,4.1204875856262975,0.16643067319162416,0.12259761532869479,-0.4018980574803395,0.6124904761699899,58.01793195227927,-2.937618800254176,1.7543423461527645,2.163853044334739,23.269421739753692,7.6959367199217885,-1.2529247858288897,-3.1364905964773824,-1.8517106467909183
-457.12554767960177,828.2877930125196,-1963.6077319072508,-461.5968620653708,18.632472424296612,0.0,-307.3001705371381,-7.202514535423475,-0.13302059080677459,-0.5459546259185378,7.203244041143373,1.5126813050662382,-0.5558642490371617,0.3878261071212398,2.6993914516938937,1.5635723519290743,-2.0421361019772566,5.258285936657539,2.3319470698592717,14.022820919386955,-10.78045844780415,8.546599921839958,21.095059408452254,-0.41547192049494486,-4.715867529938231
1682.9750442336897,-139.0786097743706,-1670.304474732763,919.9464106361946,17.360472023240433,0.0,-279.9214492447036,22.765372690091823,2.2059574140226816,0.7142054405619733,3.369478028570857,5.339094845028144,3.255572961541131,4.5505545925330955,-0.2275152971691981,-1.6786457376478834,-0.3881437122701682,4.971044811317602,6.167002773892402,22.837054650495286,-3.4990289689807583,0.40284217429280017,-0.6792965887014926,-5.459622859270386,6.166931406070314
1363.2689966479938,-1281.274359224341,-1201.0800209021747,-847.7969487175632,18.139686827218895,0.0,-293.50652611061525,-0.45244628768483486,1.0584319738440688,1.7301269227422407,2.0483381264052216,4.480407504547766,1.1157577483432901,0.28619462716631183,4.172631166531437,-1.7016397535972696,-0.6013745282218982,-1.1521568953784027,1.6472084793043433,-3.971949972714485,-3.3987794000929634,63.69542173217384,-0.5695482148393646,4.086330955882477,-20.81124505784754
-1520.6486204116568,785.4641163726193,-337.5056291391932,980.3775478450857,-0.9826990963007781,0.0,-325.2422805563837,-7.236976552467943,1.706049841336616,-0.5424203889629696,-1.5796154993794804,13.02728238554389,16.951798812827672,0.07777615518483652,4.963451428304922,1.0156911651008569,-2.044392684345257,-5.792105161295186,2.2223628658660086,18.183802887281892,44.06348497080231,-2.5358942840350536,-3.0086864431834144,-4.266261706437653,-4.963001903798134
-342.5929569358812,780.1374546056657,-308.1472329652122,934.9505427039142,-2.6973006292868504,0.0,-327.6127838671037,-30.49976194505181,0.3855576856295807,-0.0501501643451697,-4.075772047836326,8.747707243517288,0.5672046788401488,0.061789156861400484,2.4730004667063703,1.09995315058263,-3.5238597687125783,20.81225898754195,5.389646107759122,-23.722342396033138,-7.221757674479227,2.4640352073991365,0.21355875809245672,22.71497495609942,-17.067794499392786
396.2685922351218,1227.0189715253177,2441.7626352006823,560.4282429549609,-25.75014443693571,0.0,-316.3539951171349,6.183040908890538,-2.269957047791254,1.8941311286251883,-5.95167666053585,2.9391097620568334,0.27765987457520513,0.2758512019538694,1.7729575190681615,-7.877164910711545,-1.8856144729853912,-1.6133718389128855,1.9655045774408655,-57.04754927207117,-7.944968540715421,-4.020006916494343,-0.43394043523441683,-9.089742915309726,12.33471708732427
-1708.1093488740344,-463.52228784293874,-765.6261031241995,965.2711475680111,2.6501386171814327,0.0,-337.6269078108463,27.93225393076958,5.8078833488893284,-13.70122230418061,4.166805334960035,6.502314993382916,3.4465139650572683,0.5333564490033028,1.7518221916670291,-3.254187477112309,-0.9277219807308206,-3.3355110141134365,-24.090834651112402,-0.6781928980125808,-3.9234271857210063,15.83956590244096,-1.4441624452380422,14.393214016223517,-1.9669789041172403
-290.1714910796948,145.3985227276705,-698.5305938887684,515.8226931921303,14.714162679456905,0.0,-303.01316520674567,-5.485458599949434,0.3297796295721799,0.74847023969438,-0.7474478987131052,3.7273039965781893,0.9677497239010189,0.8319193646012328,2.5986955440358637,-0.009567281035397175,-1.628655824515086,-7.095305354560651,1.6802536793904839,-5.049444983412086,2.399371251274864,0.6702179049647462,-1.0418962523714819,-6.882899394857076,-2.35468241847447
-440.5038157231914,1261.2610123390348,2498.886307591139,513.3701640136817,-7.246470877227204,0.0,-305.79226764977517,9.692021938551685,-0.5458893379117387,3.6739927380231645,6.2003732364652,2.1256857010068204,-0.5163032648852481,0.17774446273521946,4.8613945781213985,1.306106577151152,-0.7799085642123306,2.2767289903698216,1.548618303608336,8.414158730388278,-3.947481997429615,32.5634164910015,-1.0269116903424909,14.710540596608695,-4.193723177541113
-243.80472811301738,384.003394516297,3883.2982396789657,-952.7691271042755,4.165321645502902,0.0,-275.0886301414405,9.674532552538478,-3.9769390502557855,6.9562330008127375,-15.74111355814445,3.231812368573173,-26.140539610081543,2.013505620596641,-1.922292661899994,3.0405205501058687,-0.9752880575882493,0.39683784187631366,2.2170575132920125,3.6017533857501736,-0.754252205625175,-7.595809197837513,39.28670592581639,-22.431483601073275,-2.8182633572367415
-1842.8630994163293,-320.64281437172417,-2208.182003678343,918.9672692630704,14.063281147215084,0.0,-298.524444490165,-13.930190401880083,-10.740826207911807,1.9099796136627452,0.6008961415419027,11.009635534917829,2.56420775006099,-2.0330391482929926,3.503337102593542,0.6879097719951844,-1.9129778734694165,-2.1312939321715185,6.336096527464914,11.687432818581353,-7.708467494534006,3.903004145667711,-2.1068767009611165,-1.9798957023294543,1.9436010051037453
-1769.123566632437,52.75107777237148,-1624.2068225133346,-8.433087337837183,1.2662241195978179,0.0,-306.09664653345845,-6.0805669699695715,0.7955981273648068,-5.318074859425653,-0.5693201353476223,1.1226929903830063,2.3873278059591807,-1.1420272567716063,3.0913458767775133,1.8971927848755197,-0.6589747902858284,0.4833523834840261,1.5377536424760778,3.2232001402256447,-3.2612511305691947,5.377165557078493,0.6773756976632106,-9.289418238594736,-6.686173287242198
1516.4373666956299,66.3148472486652,3962.339650073167,-482.4308091311919,-20.7927663106868,0.0,-246.6128630122875,3.107265224600149,-2.224115299190324,2.691656715714049,-13.451333315404495,-7.058385672366027,1.951279135966326,9.102209244298328,-2.5208648240708356,3.414553178130773,3.473481199035151,0.2598814426244776,5.4861877911497015,-3.696614683827559,-1.305803842741319,3.9591424797433272,3.0096170034497645,-32.01191677140657,-5.667971613337587
-22.94094522003803,-1109.974502636788,-799.0286652916599,-938.4069611316056,-17.748146693340487,0.0,-306.30488605044894,-0.5767273509240877,0.49482593073752845,-22.683777625283543,0.03782160671378993,2.0782141378469206,-9.164038885894552e-05,-0.8049832050515658,1.0353017541019358,-2.19221927229538,-0.550260326249113,-4.411872112776285,3.180102880962006,6.013326128737541,-12.159778080400415,6.918452596004792,-0.7338113086069777,1.6504700221246225,-12.755260047021878
-1985.3539485132837,-152.41831708950517,1091.8195021015492,483.26176764934803,5.5971358520579075,0.0,-279.9071384373277,3.9481836634199583,8.412557604610383,-0.3223350164276005,0.5108790669862104,1.2695323274334347,-1.3489296797723167,-4.4862201896246905,-0.977601199888682,5.055147591807072,12.03858544288213,2.5805465723179175,-2.481287008209432,3.328942634157971,1.8324518626981119,1.4218126399824325,5.067152641801308,-2.554707438152008,-4.762192602495197
513.8455467034282,304.1099217037616,3781.655114381851,-1088.7738136283015,19.257985298258355,0.0,-263.7611810800086,-0.3688322870453542,-1.8999550318742757,-30.746925910360382,-17.42096180965536,2.2114431595705684,-2.5674732403700466,4.748480721012768,-3.4268870913432616,3.155094030850928,-1.7188074061294238,-2.3221324689861396,3.2769554972576054,2.220089760888838,-9.64637194507395,-4.884795194589691,18.556539718308727,-3.1081108430795057,-3.2057433748221036
1563.2351645327594,-34.726409748122364,-288.2438024729807,1000.1600517077485,14.267007623398028,0.0,2466.384754305566,26.051525518665574,-8.410224327355394,0.13395537178002181,1.2439064993352509,7.3271222904115385,2.1911281823335615,13.69806444792502,-3.31443034722498,-2.1935696141888634,-0.7074148301763514,-0.9286966887387014,4.229622346182609,4.824956678213239,-1.2931528794518259,-0.07034590593562416,4.840689702958519,-12.644631135227483,14.731572984028318
1148.6986581942258,-266.45537516490657,-780.3196536609693,464.37031679076273,10.250218941696716,0.0,-289.8764778729646,-0.71371053275647,0.6472766081414036,0.2643843054425836,-48.20502510795309,5.568067859102057,0.853697147989306,0.12064706091595696,3.634516705901497,0.05511930242248997,-2.8565834917437924,-3.1536226357183192,2.337586687765527,0.20837217069202135,-5.785422552403464,-46.085529231083314,-0.44822340970078234,-3.3454591375740224,-1.805167272643922
1450.5910659058804,-191.36691293379158,-822.7093351490612,-468.62794583362927,-7.884092129768564,0.0,-299.01085859222337,-0.5369344973392618,1.106287121143405,2.044147877782382,0.1501744474395577,1.5414388840164377,1.5503663437242559,1.22955610231138,5.978907597949111,-4.362899833671156,-0.8738665094450038,2.7978002714096677,3.536883215124617,2.81893224452078,21.15503955130657,0.6316862672141235,-0.052782153044332675,14.14155803188798,5.216840833502934
-1921.5393473237727,-1377.830178859053,3697.9543276198524,-180.66350308932087,-15.508739054987933,0.0,-291.31204097897347,-23.138573821325515,-0.6943946365615857,-148.00091903211884,-12.612547680089707,2.47722214445936,-1.2981055676065782,-0.2567283707944487,-1.070826976406376,1.0757146851213515,2.738762783128693,-31.315681077588277,0.6724543862256227,-13.081060142169294,-9.758160990592446,-86.96263271888394,-6.457202286429929,10.81077856287899,-19.2128318618316
1144.8135478488998,-264.03701801994856,-389.18236382446327,854.4836181579916,2.1641276669012903,0.0,-283.31502993326905,-26.45900248937896,1.5139466611633967,1.0490251640602937,0.6633722761832316,-139.1493240803197,1.476167336222121,-2.691300811607418,-0.5340063339829352,-0.03990571126423414,-4.292913910230086,12.716539495561104,6.978859101440555,2.5676680441545896,-2.8568081645850847,3.339697552981088,2.1505130682390288,13.058450025541958,-5.91444212575926
-1518.245307326679,-348.0059901134159,-381.22197668762186,-434.9023035109478,-9.644411194859503,0.0,-338.2725085324132,-3.468068921903719,2.2484514018698536,-21.684642303961496,-0.03588690627182311,1.399619399691624,0.9076848982037836,-3.588777240588359,5.564865297950172,-0.4873782522070027,-0.9643565779474818,-3.9868254138768044,3.516070992019577,-7.400776785589123,-4.2574846213371105,15.688057382075007,-2.6060164451207473,1.9554247179679796,-9.125712785383453
-1929.232232984061,391.7856992962436,2563.436482760117,-38.89959255861138,2.1483735094768774,0.0,-296.1770437623204,-4.603653277062544,6.232953913127503,1.807604668599497,-5.329364739674235,-1.649090496649795,-0.9278802268388656,-2.165226832833958,3.024387487436009,3.9290852862355137,-0.608877456971344,-1.7961006304020912,-8.685695785540902,6.695825677705712,24.073414834735427,8.573216060989441,0.3226811103334635,36.50584544898189,-10.899207600520766
1342.360861805126,246.507691790352,3774.484282247469,-1065.6541837712007,-0.7415696767908778,0.0,-253.84237307996796,-12.463262882334863,14.476057326402211,2.2687578112570286,-17.625851398658554,1.7926886052205537,0.9571423070858104,2.2047918582100663,1.1245189398311168,0.6728625206783566,-0.4936207950748579,-3.7393602200402265,6.874527428047911,-1.2888223719312952,-9.075992928364924,-0.46332440523477364,-9.122808394789816,-20.099924065448487,-1.0777863391077533
-953.383584892652,-246.61483100428177,-1644.5334301117869,-842.3939013107357,11.201909012702215,0.0,-294.09194135780666,-11.344951754574652,0.8649119021212841,1.3988985553791713,3.0863496756975315,1.2986158449245633,1.7319897131333022,2.242501948696435,-10.21456576455127,-2.202644439170506,-0.38803496415492644,-14.608444616155548,9.35259944431909,5.618252910763339,57.86413575587469,0.412002883138636,-9.87631007579821,28.29034013360531,-1.4752304133295757
1055.868646374227,-375.59972756948093,-1641.5618178927502,954.87820820387,-10.433223028425525,0.0,-301.45095988442023,5.717077750094209,1.1031104737586719,0.8595929625157277,2.700666069941363,8.342262839670733,-31.938436756855854,1.8415413099009548,0.5616263503685041,0.5114817073394329,-0.8049385295042931,5.036125887127644,2.673124515204197,2.628195785533046,37.23612272560146,4.621920204603093,-0.929426815842407,-1.80566756677533,-0.8082858954492572
-389.0043154313063,619.6860934542145,389.7306164522257,-883.3079505351084,3.2769970029002713,0.0,-316.4896979526612,3.647877676097906,1.0305870382551818,0.4396977315802897,-2.01499124492649,1.3643779904483966,-1.7555084388749418,5.875222020335894,5.582999450237085,0.5706097731080793,-1.6345915816533916,-5.4794880754371995,2.31800654082384,12.215992197390767,72.35266815593023,1.3048728904241982,0.0633180505983003,-19.240078327528913,-1.3079634372224955
864.7118791166816,609.4764724666554,-1843.7774433696322,535.7912739322333,11.482628084651932,0.0,-301.28503751110145,11.826123405844339,0.1484911033522253,-0.7029946993732702,0.5336891618117979,4.999064287668637,-2.0309057177014864,1.9988788964157593,1.6814095634266084,-7.890152189413514,-1.3256253617683051,-4.767110895728118,-0.9250248632435956,8.523496271751108,-10.766743655514384,-0.45505714919933343,-14.178530757721274,10.50588158576714,-2.300841841387342
1910.3950050879237,-548.9232347546603,-2027.8945821627353,-10.772830762975456,-0.009190473713137397,0.0,-288.9730862608264,-1.009099585476852,-2.953852225496626,0.9656981118837807,-0.27269497494864375,3.101686273954906,2.150128210047348,-0.5860284614328293,4.7212273028234195,3.9168533682437747,-3.7247337571422263,-18.820309773513863,-17.865806171321967,-4.031651120323032,-2.638768526375172,-1.6240714202262365,13.769292171653502,-3.434492213489132,1.9782711171027592
-303.367708855325,-1126.8164227719412,-2067.3790200376798,-962.7706990900658,37.1068700581733,0.0,-280.40431491831447,-6.196689847929738,0.40853526760091285,1.2932392716883359,-0.4939058150373972,2.1688971901702634,0.2961524645619741,3.0805099235239535,0.8037595754377119,0.4820531867924037,7.598874193683424,0.48413547297937937,8.01970491184081,4.155840550603273,-9.35230152228037,-12.80887657621224,1.0975926928843953,-3.4441292139802018,-6.547958575310024
1414.2795117456753,-743.2096659716137,-1592.6875733784511,-464.89602614544685,-12.697271135015077,0.0,-294.4941529572887,7.4593657768349475,0.38816894541112057,-16.451827786839136,0.5504246416686075,5.172014332461964,1.1138428776575415,0.0039083198075421394,4.471774103241848,2.212259184714198,-1.079763808403091,-0.4327384490361488,3.1301650542473705,8.065958731049179,-2.93899362701326,-1.5068723535911719,-3.2917336130062194,-1.746619193544858,-6.5781537074298875
-1424.918979568353,463.9135962997175,-751.1933275357247,1030.9785340392154,0.9956906313070608,0.0,-298.4661364750237,35.49804559179513,3.495582071653711,16.514356106676512,-2.310406808600369,5.796533202058462,0.16819516534018752,4.640276503063136,3.882402744692358,0.5834266275119006,-1.0710600361885514,7.153454997570076,2.268614900569143,1.3070891548699766,31.90381583916169,9.292903059481436,-1.014610329750104,-7.845012022315216,-9.498952548411953
-2048.281590313265,-1019.3845738464848,310.026806292955,1082.2242270613656,-6.537030281890388,0.0,-316.4090090938842,15.162312709608464,4.192740088751097,1.5593875538268585,1.67497394557329,2.9404486384056367,-1.8861945637045954,-5.767864136168068,7.614685529807141,2.0664555131530697,-1.0735314099542348,-7.834679389432928,36.49283005060436,-14.958258274899384,0.296669150155896,4.824773756676304,-3.8322089542674043,-4.8778420492242685,-29.375486136616637
1092.2872426908302,610.146548874516,-1605.148197535083,-525.894694619374,-4.857365665638109,0.0,-297.1852988258931,-3.8419696236280014,-0.05843989436083564,-0.5386974417107486,1.5274017467439611,1.8213241614369613,-2.2676871046119755,-1.556743747903116,5.838442401804044,0.3343846781258685,-2.3069802271946585,3.5705860334710535,-12.060186051777636,8.679545189167595,-9.38160152710667,-1.2121916852404822,0.02719068612395651,-3.4033799556810598,-5.8252948944064125
1825.3928727599507,-167.47456217294294,-798.5870052478557,-864.0205273443361,-16.06145256510908,0.0,-299.7436462083321,2.5698084599588893,1.0567751840253934,-13.081589496499268,-0.16425254347049595,-2.1917129434220133,0.6501027275489092,-1.7868976668649998,4.5402296329950556,-3.44521466206908,-0.3322335242121668,-11.724586125296431,2.6476468905251744,4.021248348889035,-1.6220889367293265,-5.472521075326313,-2.492598585703299,-7.15558269523735,-20.904718460005117
1434.7086812376747,-304.25722261986505,2661.3051747976024,1060.4697551559157,-55.38098498272114,0.0,-267.6105026524624,-12.111832115528385,0.9845363496502314,-1.2464794645115036,0.764242540733956,11.19930235335534,0.9801216812304008,-5.210139856446071,-3.506086902952639,-1.1031951239351674,-22.814508249839147,-3.7319026172330187,-11.95855687885937,1.0333528475332598,-5.5341978307550725,10.25776373886731,-1.2761680672697828,-0.5711783284917997,34.90520940642973
255.89263335678504,759.1950297715925,-1114.2023911526392,-485.2676607140738,7.974972695051486,0.0,2814.1832864568596,6.1725190583971195,1.525687988091605,-0.3082166988754291,0.47486504582654515,6.66950590690766,36.59008788743926,3.443756254773727,6.223853543473049,2.0449453914518876,-2.7930146018120494,0.5434613322231854,10.625788090042045,7.814668724917647,18.521980596100168,1.0371957978253734,-2.5086839618178938,-2.288963616539559,19.948912406448745
291.9322237502029,405.10096265328815,412.4205014918317,-3.3882146876890253,2.0750634880025403,0.0,-295.93948246255087,-0.33919620751154916,1.0459912969645977,1.8755328811144618,30.0217002169022,1.541010074405147,1.6140106805689725,0.38274623616814246,0.05042472424798708,0.6903405880474729,-6.308311912248231,-2.6893443086665427,1.2202441768306544,0.11958528409808593,-9.021418108293839,-26.97902097701826,-0.6253805379767514,7.11015368078225,16.188082158166228
-996.9517489835877,1403.4647183122825,3842.650328906637,861.8153390558833,11.322005512803631,0.0,2516.232705301363,18.39930901675449,0.058164180835804366,4.52977353990762,4.131255740006325,10.9176064088254,0.19120370532063402,22.342458538673053,1.4171192357188696,2.6975464473859807,-28.317626240453112,10.759610592414715,10.61991090943677,-2.2991363346020424,1.7146274751998967,20.000116548801504,-1.7067573899711905,-0.27892440658938494,-15.758428667388316
-614.2301683221873,321.3248730579327,-382.579452619763,-405.6827994197264,1.259158399995107,0.0,-310.8102634851828,9.936143489391116,2.4079357455924573,0.99620590276496,-2.990081922644132,0.5686413936332684,1.3481988263783617,0.20904159685493318,1.0026047833403264,-2.8992188022996803,-3.556068432970231,24.33642473522163,1.6986294213253033,-5.735911135643039,-4.196510467490954,3.397274939771368,1.2383710462055793,-3.957314204408791,28.001926902722282
1110.8550297912623,-667.4730034531312,1038.1993683656706,932.7837898868337,-5.0030553193545115,0.0,-300.4733958010859,7.585241061495678,2.039133222411655,2.200150845634093,3.8839969335728304,6.665845625209786,2.0209417014529243,1.2171967383647926,0.6746999230586999,-9.389577812299406,-4.210462095533464,7.907179631276673,1.9359853427783937,-6.1872303536976565,-5.312486400381921,0.28005028497514445,0.9311785163527752,1.0102393076474778,-8.425554764280562
-1492.5860256587036,-1261.9739978585346,1191.7057876525619,556.0674468296733,6.471476559511087,0.0,2465.5034759252235,2.289040756495069,0.9655676496396358,-3.379079854838755,-11.449843825492609,1.8769244422570597,-6.42826894392226,0.6476228312473337,0.4308885051003253,2.693099512502489,-0.9343523072211161,4.732349629116759,1.9573794154902,-9.50590658913657,30.455008983005644,3.3492797630180213,-0.759308695487062,3.6175433450974843,-16.7067090205773
2008.8350864192028,-375.1056024914704,3951.379248647499,-468.6355267421991,42.3055962779614,0.0,-250.2532782505484,-1.8636019001006041,1.0827037523705791,0.5936676326223194,1.5261328841569883,3.993364475124741,4.941133612802454,4.779088980262156,-0.18753132387422272,2.561796436423043,-19.05937098270538,-2.6495233188729683,10.647529614156431,25.411193658166535,2.439554130886224,4.821196677016532,-5.0918649505036555,18.093615399337306,19.06312724093403
-366.48040515786806,-398.1279904296395,3982.027767455452,-437.7645185022942,-13.273652998673226,0.0,-281.88789202025504,8.86461684500688,0.5041370720408278,21.886092537180456,-11.77121536453497,2.6720585025309704,4.493518867346213,9.482584810627158,0.855362921304474,0.6018771373526457,1.2038355281703772,1.8100935074988205,0.8000832180795225,-1.1089471384952305,3.265115968363729,-55.03237551941425,-8.959205603741832,14.348908627932444,-0.2877373168541894
1648.6911920643997,940.0403053100765,510.58892529629713,-374.0794022273104,3.781135260232911,0.0,-286.670338103823,-23.8001981923149,2.769538716464122,-0.34785599532629197,-0.24291207976400106,-0.8608242813577878,28.677746881225705,-1.786679211699998,2.9177059182230694,4.001531635636947,-3.0356761279285776,-3.3687679197945877,1.3784019277947872,5.394716691711834,-8.034153495364066,-2.0149612872447165,14.79886338487476,71.83047773999792,25.74877905419252
-13.614651102625473,567.5177625254198,-1118.0218396985442,990.0627276056509,8.98544688912645,0.0,-304.1567006186157,44.01891432475656,0.478278007303963,-0.8813759308652697,-1.778186784564453,6.292297227559988,0.16420506917791003,8.483328376560046,4.117454835734339,0.8837595019702639,19.534095805161527,-4.281810826857931,2.5873503951114447,2.9455593936210374,-3.994914295059527,-4.77096247402954,-0.15021360279254276,1.5623149376237484,-2.5338598148134026
1867.776581938699,289.9784047168901,3963.2216062063167,-531.0972020621076,29.375275268296207,0.0,-235.3138947822931,-3.0787833876560597,-0.45388763632816614,-1.314929367634102,-17.2294995442176,1.5772180864516039,1.1697897491089402,-0.6703040629269055,-0.8095934829634028,6.210577414109064,0.9322825449310204,1.4112456802508144,-57.701547155706365,-2.6309183663591322,-3.967354519533478,6.921646831325507,-4.873173276333783,-35.315561973913645,10.142169850227441
-757.0250691764077,39.80477152933243,1092.2947936672688,-882.839604943483,1.6299885086875832,0.0,-279.2099720452046,-1.5016219343908357,0.8137281395286298,0.8369639182654036,2.4565543830749452,1.226549355115057,2.843224817788763,-0.6316081711576232,1.3555409994645784,-0.9990992124952044,6.914024915362761,-2.6433939677571696,3.6568644630540086,16.22639139526291,51.03913673282963,-6.674538267249498,-1.093987251312363,-11.55601704447799,-0.9645998804105144
1575.809187643428,-96.98547335057233,-1599.9063136980747,-79.31761941130014,-4.436227649131722,0.0,-299.0915742323129,-6.10970300545326,0.7404553227647428,0.8391407332951571,3.228491224104367,1.2663114079582642,3.7663871575931114,0.6992434243582891,4.894950215688963,14.537571531949895,-0.7014905683864847,-0.4064782878459953,1.4556325506042527,-1.834571134444419,-2.9150243879757856,-16.077500325677104,2.2536681713366526,-2.5156700236209044,-1.4522949919289008
-1472.2432212623605,1731.5882850108162,-1142.5359005206644,1086.5582308730188,-5.201587570955263,0.0,-291.01946806194275,41.19266520084212,-0.5396224943923364,-1.4708219458224654,0.07390195068817171,4.266328834582047,-1.6504238643553164,7.780189343646804,1.5309507933374344,0.6178666130161391,-0.19261930557568535,-2.099694745308921,1.854206853780345,12.209218186834132,-2.208191729248936,2.6418973935773793,-0.7209157361249988,-1.406811260585757,-6.907933781056527
-1638.7999065950903,-365.3436935683818,-1669.7214226417716,938.6478398139824,17.00375902112926,0.0,-296.6068470480424,1.7581926744154004,1.3417328659499723,4.628868703480879,-40.11031918229702,10.940944088379126,1.9726123826147257,0.0378062057467977,2.559823586594881,0.21765030177127717,-0.7356123367889982,5.959301880690181,4.403008594554098,2.985652105416695,-1.5163619106322141,10.058579951685743,1.425285111998184,0.08890690274288303,-4.876616232155763
-713.435270341503,-464.9366536898097,-2276.835393081026,-412.8447744136335,7.209318192827477,0.0,-297.97635139525335,-3.3703208176566872,1.0385626598256983,7.1665511294020945,2.092935515511983,1.2959363995680164,1.796959008023952,-0.3804872658857771,-72.86865355903566,0.6011074861723058,-6.281726485238312,-2.89722636383716,5.90603510312277,-3.246928449146582,-3.749546093465512,-43.138696307816566,-5.019543764268429,-11.143276965108276,-11.567346203183664
1416.1195303535421,-636.7408186014961,-348.545722930038,419.98914001170994,-2.6749494946764707,0.0,-294.23584619698323,6.411782310513728,0.6560888010059998,-20.953146759182573,2.1378688045194463,8.87464537762039,0.5374173902126123,-0.5066042501519779,6.031026761469179,1.4405742885315849,-4.326552205139766,-2.618193965445865,1.5761722985492324,-7.262667130908216,-2.8308498699057885,-11.421312360392951,-3.3389230927854947,-0.24576204444849759,-2.61130590472783
-935.4026117258599,-723.7596302940756,-390.5632186092617,494.7650712707226,-2.059765941020195,0.0,-298.44507241818553,2.154703245176778,0.6286816632968185,1.2695135873719712,1.56482326073488,5.9529580607029,0.37880066689590286,0.011495265118612409,-26.853750329083237,1.1231492327672195,-1.2940768803801734,-6.7785403319362505,-5.241270900268251,-6.287160668611164,-1.2913724623813307,2.2804276720744108,-4.65043517391688,-1.831240882241934,1.058310887896163
1432.30759527861,-248.69010452845595,-1896.347889640043,-461.53576890498636,21.939808210603406,0.0,-287.1888840645597,2.721775073541866,0.7206640161302896,0.8087255964934855,0.1586445821944817,6.940401141111582,1.547135554855114,1.1200935960688883,3.2700385891099892,0.29858190823865083,10.544569460626118,1.3833469560469056,5.877742278817626,-5.379138022179798,-6.404196409616323,1.8435600898021816,0.8523390275920606,-6.664250239593346,-0.9290696557573248
-1137.4014439224384,-306.4843014376903,-358.10494026211006,468.82646147499617,-2.8856537546955536,0.0,-316.1857593977766,-2.0020567427674334,-6.433525840902252,7.83127029448633,4.104947425455457,1.8701351431903959,0.6894863047689516,-0.00755307748753092,5.597664326675956,0.8589311008146798,-1.217309998177846,-1.50616514535172,1.7066088003035125,1.7024983576355897,-2.360543192507314,-17.24453053629782,-3.3877431063233634,-3.1151128315577665,-1.7218944787935475
-1.809378297846765,594.4137306908505,-798.5923404643918,-477.22658182540056,-2.691253165003046,0.0,-309.2862839658981,-7.9446949951029575,1.451676344401792,0.2731732113690628,-2.2233765236148186,1.92110101601102,0.21110242720252156,-0.9728212888428507,-5.730101370070385,0.32295894832735716,-1.6167599690761458,8.28454534280017,2.388294690752639,1.9301517491999864,41.89282796124388,8.8921160756452,-2.960892072446415,-5.051750219975511,0.8711846392087477
807.8810763090058,1247.80478587303,-2163.834182115462,-965.4505102061195,-32.56017572165517,0.0,2961.7654452956426,13.614525727456401,0.14139304943117773,-0.39146657025979303,2.5195199355265716,5.359799948195516,-4.17130988261397,1.2835954899227646,3.3462182349713196,0.34868192891202054,-3.8798585987045966,-3.6783707798319107,12.674576381086876,9.998922172371918,-17.896856911175004,2.44598557000144,-2.971415739355456,-5.449951641869555,2.509675399313083
-1404.4567326656447,322.01098253655556,1136.5083365036905,440.7309961930657,0.9677405061923177,0.0,-280.63945186048153,4.323414757912215,5.321734837173442,2.1558821340701835,-1.2402222721088172,-1.6934611566505535,-0.13701410034616357,1.9110435711931684,4.570202918179442,1.042975605036121,16.84060422484338,-1.6077300297993093,4.585960199644762,2.5841303560151556,-17.676483735146487,-19.13726995268209,-1.2059422827088204,-3.423933108913887,24.32577863813346
616.5469341511773,-39.17602820640516,-2207.8409551664113,-516.7944583856869,53.009826666346974,0.0,-301.90332653463025,-3.7887063842700996,2.362313588077812,1.2432096692591235,3.382271736424645,0.0005076081603296078,0.464624778885535,5.7469574240180386,10.663759250865697,3.023450989583611,-1.523320791773165,-1.964028314534019,1.2581412042543825,0.45204191256870047,-2.9151151495383547,2.3487823893315096,10.982421744897394,15.191789711049221,6.376822794777021
-278.54594222201405,176.51768336023994,-2355.7829149645736,-503.0523247430981,-117.34715288783586,0.0,-273.64176267797916,9.791081576093859,0.44269088244278465,1.0505194527999124,-1.050606286227186,0.42274384729482256,1.6525056704851042,-1.8900761957224974,3.828315371572001,0.4234198301873848,-2.0876577124455675,8.546170129183848,1.426745506760611,0.7014251965343199,3.794107084578178,-3.598293103089716,-5.111759153844279,-1.635027180204971,0.12292403135089496
-1474.4104627032825,-524.1201236733966,-2153.7838023673007,940.7219569445159,-2.8928663829143972,0.0,-294.1737945213257,3.05032015895173,1.5266771053454893,1.18934696557154,3.7040759213743515,5.841212347875546,-36.3774106013871,-2.113299517707963,8.67624537675446,1.5720059123456032,-6.454582930201427,-4.88298346091595,3.890106039974646,-8.07232145264262,11.893162632437772,-0.7235307669422544,1.5678052017556643,-2.9476294200563693,-2.7522616291051993
275.0941997298021,-329.4286348210722,-734.5806942751088,1045.0338685458516,7.6264104001943895,0.0,-296.37766338185423,17.644680682361052,2.2240155742243495,1.4553515570894355,4.432826310753675,8.40153879162104,3.7737920198358847,2.930192821007976,-0.38994404786050957,-0.18155720532086234,25.40296207800344,4.285011978407251,7.52611756671079,1.694641547588195,-5.72027088339157,5.946725287373594,4.725706085383587,-1.1062992132737162,-4.800839798694121
-1512.0032370883669,412.60699355781713,-1920.7804993136197,-1000.3790490611136,-1.0998367299794114,0.0,-314.2335132336314,-9.725130817065308,0.7891811406635404,1.129793747784051,21.28279286669202,1.164941207933597,0.45602130245529066,0.07398284470272364,8.777602066483984,0.03786504396876849,-1.014538947436272,-5.515770777059061,6.630965295822461,-31.011437919583514,-27.019103727187716,-10.255427074232948,0.32041533641138403,17.29779846899873,-1.8335679271980765
-773.4107231906813,-1160.9823540011525,-1174.4212114243871,-42.68812564157116,0.6764124283404702,0.0,-298.9082213854365,1.3029229701540679,0.4798992208081532,0.019530600476877713,0.21155558874235303,-15.9202644718283,0.9103549292864044,0.42011365274243523,-0.9390505280474646,2.789483060357292,-0.4132463021519661,-4.0883503523730145,1.0343682214159362,-3.3095431167586424,-1.452199945885994,-1.5942902704558,6.290354005076393,9.653736505045305,98.08318648798439
-924.5734569479494,-60.39872686625603,-2261.397228176573,948.9008936240529,3.930198117697501,0.0,-285.60905368401313,-18.06153832039264,0.8229968920583292,4.947129111340718,0.632551795332595,8.299438706278998,1.872695760668762,-1.4525901743127267,4.8951912438330565,-14.779295525532731,0.2863658048149883,3.055540740651994,-7.6895313976397,-0.19026300963732876,-1.2970218935300737,2.9212988915702938,5.313528333618589,4.908847695379628,6.453374223898188
1784.3008158444175,-172.07502800830616,-837.2640353245324,-110.6594601529609,11.98010930452086,0.0,-293.5185604894317,6.315606282868953,0.6160595953562535,0.6580619988141044,0.1279242387374979,1.5729871163251494,-22.03783997440321,-0.8787636025046857,3.5773866184074805,-1.2892760690513,-1.156427545761576,0.8854572643470501,2.433079477933574,-19.898276637230552,-1.0395005950645186,0.9622792715272328,-2.7694262398295177,-3.352218654061071,2.580076963292896
1718.1834896214855,1033.6523810467834,407.39719589900756,42.682027892008044,10.802624909239732,0.0,-277.30077687949336,-5.513951369795709,-0.012634852616430407,-0.5041585587991294,-0.6765671436879316,-16.008792650312206,-1.073560997217315,-1.164071933832286,5.964857255062548,10.747799589260504,-4.705889788347757,-3.1237099107316504,2.3205091430681986,12.200635861592792,-9.473352285561592,-7.26280229492184,0.8411369366075149,-34.87322913895099,-4.824465522997232
1652.943316958151,-838.538161890588,375.7885062226083,-87.05904201025987,25.532540017226694,0.0,-277.5970443664944,-4.039782218100132,0.6850885932810146,1.094892020141497,-0.5041387729613641,0.7326118971062413,-0.1660386588717497,3.444881532004241,5.013783796764637,-0.16983902089599426,-2.531863866469697,1.011335947026352,6.667835132905788,30.544720623137223,-3.6813566046896407,10.791334829717277,1.3162054173834983,32.82578418627041,-4.286361221321348
-1163.2126156954037,19.457216709257796,-1185.6632527719485,958.6969765131381,1.5234941453418818,0.0,-309.48856128768017,-51.55051014831108,-7.57003580368542,0.7052974840205707,-0.3306705625208747,11.017385635695756,4.007044744364108,0.881357107697875,1.1022481206358046,0.31709637603061247,-0.34030317759476714,-9.577473598050096,1.8036129960101475,-66.69167187548912,0.10607958841855505,-1.724593231606189,-0.3953713550089408,-6.468954749830878,11.410420630658084
1403.5253625620423,-272.4908804613095,2534.6702197609156,489.3598809191112,0.4231425957552843,0.0,-294.1453299470646,-3.5719088650145125,-2.7717052727501734,-0.9152973825054956,2.937177620290208,2.5909074389086855,2.009811338904753,1.5319836088873413,-0.8049513635795378,-0.5372345246380229,1.3954828140680566,2.460252919400139,2.874369595035681,-0.8303939908776228,-5.42346488874063,-39.987407967537095,-1.2274207353298827,8.002216889896228,6.528942411255155
-1862.9590492101363,-375.82658479539947,-1158.3745688281028,-441.2992855990918,-3.4695513042641855,0.0,-331.1550236517339,-4.500003399464825,9.82963580295914,7.458375447928102,0.9090995393754252,0.8376301009883559,-37.51386175290684,0.385272314795235,4.61759919138974,3.7213521184609992,-0.6358654698517244,2.8827396143420283,-4.179555291925285,1.2562075302875144,-0.4408793404053344,-28.031615177266506,-1.4624110858608346,-1.8057657757894954,-8.19347464358831
-1388.005015463365,448.650484366385,-1650.9149942898296,-419.69106393799507,-4.087391446880603,0.0,-316.4976358828329,-6.918443185954392,0.42525285956715675,-1.784474515965879,-1.0075244625691924,1.7610147998433243,-0.7950985627783622,-0.13418326532141858,-25.121017906817045,1.7226664552298203,-2.1122951643428167,9.68041000588852,2.0644720269790264,11.525216846245266,-8.971121817382743,9.086878820182276,4.592848937060596,-3.0235554011478474,-5.652368464885687
-55.6111510800203,-0.9597801512392832,-1883.3699118256902,1048.7842040295736,-23.7440228531459,0.0,-282.95251365892597,-39.405318567223176,0.3384662061201371,0.35426718646053645,-0.44928739510854104,13.071117484261288,-41.13924979112478,-0.22391505744950838,0.8383562385306566,-2.2300894357572245,-0.7729924925033054,-4.6291074104920815,-11.915818662416655,8.883933227809504,0.012397724563939075,-0.6898120737546397,-0.6801494292107959,-1.885241472542621,-3.501857683941148
523.5506762281383,111.51371528562427,2511.798561587569,-483.90553284901614,13.280363744298645,0.0,-303.5315882700204,-0.21966561997806683,-3.1967805128010376,2.849046983802724,-0.03930949645908617,2.1670002486497677,-0.6044417737468872,-1.0139739104461136,0.2991039765280029,0.142210689580986,-0.266682610394437,2.3296412699446645,3.5591083665621546,3.39593450654893,-1.9393579553105642,-31.985244704905035,-1.15977995495793,-0.5747846792971762,7.993268795185816
-1426.6738747562033,-961.2498507068237,-1302.7037955338958,414.3565900009956,-2.234001435791105,0.0,-328.7736017233759,-2.011791119426821,0.44041484291438643,1.1394605027723317,2.9762377176438375,6.418326916681525,0.8946815665472623,4.372189494961512,-0.5459613096177913,1.273316022631135,-0.5464687012773565,-3.18204290227583,0.9549752268230625,-8.180018972008572,10.40228889048269,-2.2895704171262894,-1.5643701229628557,-1.7621660336260214,-1.38573140382849
477.8836807035292,277.0996575937988,371.41154817203443,472.84310112110427,-1.821063000769281,0.0,-292.2625914688829,-1.6180896018887376,0.47625945215922305,0.25319809484413125,9.665401236290267,4.149970516055119,-0.4284538107227263,-0.2519775706101912,-0.2146851560066432,0.6575383883419592,-7.62915006886992,-3.64197870569335,1.1447571783426365,0.5204834877214842,-6.312830422443695,4.213555536032435,-0.8389565048991989,-3.215344830159343,-4.256719867949073
-1203.0436537444243,618.022916857633,-1715.578403314422,-436.6742538292743,24.110297698254882,0.0,-313.37512918038993,17.267326833917352,0.42032376915701475,0.7205118877565987,-2.096280220122474,-2.700088252517273,0.87032247676779,2.1701549567492973,0.9364131514044234,0.8120087437893945,-2.9236489755548956,4.95908039127398,2.642913361025066,-35.49109829174843,-6.642962337403194,1.7569667475733606,1.29157754108465,20.17741092867202,13.828706607820907
338.32417448433824,-201.5962158065737,-2319.022482253833,-499.09487578890196,-135.43163166579197,0.0,-296.6346064099514,-9.117341233191272,0.41553181553648644,1.358623848866751,0.8761923891474375,2.1234922790304847,-5.27083100088392,-2.2604274043248256,4.493773372194918,-0.045781367343596696,-1.9156893551625938,1.307100426623094,3.1777698670105274,-19.24275739624087,-1.0281208492100615,2.0719212598554653,-1.4372843614839255,-1.9294076179595598,-1.2527223800165985
-1918.2625015188512,30.71181855168099,-1111.511510553418,-47.607496604265975,-4.927104914995495,0.0,-324.6612677422277,4.835948010599678,3.8659634101504623,-1.1475935675991829,-0.7187001044242871,1.3999283128079678,3.9902989782085925,-2.6622781838739105,4.874795015755488,3.6818471968848896,-0.8401571621869898,-0.9655726604880258,1.1840354265936155,14.992311693188165,0.40108819820546004,6.714016552099598,-3.078033597301767,0.3699370009508506,-4.037399693992528
-1207.6802742402467,673.8383512180661,2508.0623395148596,488.58289076053023,-3.338298359348553,0.0,-302.5671774568808,-49.40370554316506,-4.903184041558616,0.4462841974020998,-7.000692277771179,2.362968775327171,0.49471336102650176,-0.6815888068810915,-32.26532932571942,1.8664594388449753,-2.802472172691461,-35.41876222613225,2.295265476926013,-86.43239374571303,-5.6648578082356185,-2.8760160437779754,-3.032483551840529,-21.58295595040074,-1.1562337160809057
583.6359567451352,602.0856593727453,-754.3150805522644,27.005948413848582,-0.6250894927979884,0.0,-297.6490598705549,-2.4750274560172323,0.13721731572746262,1.449533336814657,1.2280119924222566,0.8380675873678574,0.015100879753279891,-1.6670523368809507,5.9765761212432835,-6.815496583902906,-2.7884729181342136,2.6610114288248354,1.0143335848117798,7.8415362221468214,-7.125893110723186,-16.446601301350945,2.0457483536529426,-7.396278595077878,-4.970727653655157
171.41220559108757,-604.1351718738974,-1825.9198660962047,-483.9508548074537,-22.418047150643613,0.0,-296.3098149108376,-2.3864258507118414,0.48042635532597744,2.345693253133874,0.33899518709887966,2.087227512612789,1.9887579603162273,-0.32647384575044236,3.611155651935198,8.121342507786919,-0.9223214895297809,0.5364664362985282,-5.473154733469252,-0.6708005011980449,-4.131629480330439,-2.6727696231378424,0.9565023680091764,-0.5942365620162541,-2.7049158281920995
-919.2754406443325,-287.52050779577723,1093.5465581250521,483.4171187428315,-2.268898267887488,0.0,-278.81129547219166,-5.801380715527926,0.4861958952459558,1.2361188000418106,-0.059064318100236976,1.6709003167598777,0.8474193554375178,-0.9107312243197856,-1.8293135084624361,-4.387920249273257,-1.5020436122178538,-3.7861220609217225,1.6419503482078284,-7.093944408557749,-6.032000880415656,0.6878581090565614,-2.89793897648834,-2.3765861828879924,-2.1897742372690874
1685.2645235809719,-97.81015754273945,-801.0635736341719,962.3915892570539,-2.412482530884413,0.0,-278.2816801823638,31.216067225197317,2.423036995406337,2.5794429994652543,9.123658836497214,5.43073003028232,4.397163298200236,2.868426672624816,-9.073406368437594,-1.1735400306715476,-0.6542868944009271,2.42576991492127,6.915535262547796,-6.05160127560521,-2.471435260803942,-4.501970632668254,-1.937752248301316,-3.79905355590299,-4.203193789204654
-1374.576427596487,1767.196882978972,443.4307452816927,693.5120547261608,19.696040780137817,0.0,-282.60639606057185,4.917308729831266,0.1667656534386979,1.0554960094095807,-1.798018527572237,2.207960412835388,-0.6035184587269731,1.1944986990107427,6.0215438337181055,0.49604367356212264,-2.0035781439890332,-1.3322384991907121,-9.160950715190056,12.4719131159669,-6.872860457006716,-7.181749830887592,-1.8758705955623427,-4.866400607630032,-3.317487332789497
1757.186065584592,486.9621500965762,348.38149384772197,-11.831198882821525,-0.34971585782201836,0.0,-295.70870302259493,2.0531173984637636,0.4621796468718521,-0.38140476447128435,-1.2856261057701064,1.0932588819282567,-0.10952887246492576,-1.019662918880604,2.8633535466870472,0.6763255592644937,-3.203864368596965,3.505977640736799,-6.9623724330883165,4.463668997076716,-9.208700122564368,7.1103766432411755,-5.209041355917588,12.367308583632028,-3.208590510860936
1578.581259792254,378.23808919226923,2514.063014725009,-38.59800446575769,21.503692239655106,0.0,-265.7875288454964,2.2950080314615584,1.3342977918539327,1.1115221199687606,-3.162788169746677,22.468558470960442,2.621576497548488,3.043178710887677,2.210780151339639,-0.11007090224484642,1.1758596335064306,-12.885914836552693,6.106058991112106,2.6528266733281622,45.209831637232234,8.508344947690665,0.31511763602056947,50.66728547305465,21.68844630191725
1830.824184623026,-790.1553915514575,-1300.0063911533605,1061.7229998240384,-15.168420880004048,0.0,-290.9460058429607,29.697282137969218,0.9117030087398083,-0.12131153513702184,-1.3559062448845303,6.4274083064200855,0.9367149421352973,1.62288525670311,-2.0606941826410674,-0.6269506153359705,-0.2303018389165093,-2.3800920393381513,2.133020980572621,-6.49730755958516,-3.222474163236768,-56.86332277061796,-2.826555418798197,-5.930753936634012,6.247432139509375
363.8558211185874,838.8065435535385,-1226.3525429000103,1027.4557281662235,-1.9956899702415591,0.0,-314.3022406200624,53.30452605569455,0.23560784921377753,-1.1489019404749015,-1.3063199865891593,4.913163645082773,-0.44097564628244995,9.108343587731698,4.136120288570407,1.0118764231727257,-0.4552412722415965,-2.837734555322309,-10.226227205207614,10.76823746371176,-7.148379280562475,-0.3144051542413645,-0.44200395388213587,-0.6095291845644241,-9.433448088097784
-1483.1433917392108,1854.390627170554,427.4779904290179,664.1361444838212,12.362278342026995,0.0,-278.74616292911514,4.935050833203629,1.9298461420607793,1.6346117415566905,-1.14455848180319,4.6576374298344225,-1.6202833245082648,2.8123044988718706,2.422995016323518,0.5177805422233415,-0.7728741238737187,-2.222323197343866,3.306819089514586,11.16737552477356,21.651976162250016,3.8194237158020408,-4.300849185093251,23.140007343347097,-3.3434892493902924
1359.4696408914037,-176.031389502849,-1573.8929554402157,-421.7951054764306,-6.510142341370076,0.0,-289.01194974592113,-0.6129591609427764,-4.931742574720079,1.6391645109524327,0.4812340269005847,2.2040340907551856,2.0961774098412485,2.0090949659896604,3.5259457679141564,-2.174398801887588,-0.8136612439541786,1.2286919236639746,3.6540168895845198,1.7219800470597075,9.01253113823667,3.4377719628851584,-0.787031423242347,-4.0144110554614985,-0.14848709874250623
196.1752857123919,-1053.2833172858145,4037.9382907110335,507.79075075599366,-5.01212184954684,0.0,-277.96270222711325,-13.413601911637965,0.054916908672794834,8.797744209595384,-3.0931912014643768,5.260316077756699,-2.124235887061924,4.31696352032929,-1.9642749269392277,1.3784980096738697,-16.21619144654537,-7.769767783298255,-3.5120995411882316,-9.77459048907005,0.35596615975053836,4.365379152849851,-4.58004860058073,10.202311795137444,43.94032077508028
-936.7786972075425,-437.22341379881306,-2196.932015422958,-925.3489086624224,-0.15792268979757268,0.0,-303.3408655633036,2.2061827372460954,0.6066906522597872,1.2862394742718224,0.2865706247581768,1.8465949932959953,0.890680960112398,-1.5177206921915607,4.258007770577365,0.5043856588908794,-4.994183605712767,4.587884231806813,-42.551021709761805,-1.5234650828722816,-8.019360265459204,1.6521942420171172,-0.3945213295956975,-4.28485478787084,2.7519062636371276
-1392.1180213228865,-383.61876179600097,-1924.9923214777211,490.1373642053647,-5.0466662728880545,0.0,-321.5636317685722,-3.420349733343365,0.7570499646670085,0.8873958927629301,0.14531369907425862,3.1571883956313096,-16.209127661302812,0.519110236453504,-1.3166560915926988,2.0098233773480736,-0.5603547905523742,1.5397706398288193,1.828151629988739,3.485148443015259,-4.314820581209203,5.673757522523129,4.641224540206378,0.10840485208628609,3.801496526026096
-1628.386032459922,-363.3799212241122,337.21258108903896,960.5787818839867,-5.8238373814508355,0.0,-314.71581268262645,-2.846568077903483,-37.90407922650115,7.6746421566363425,6.55029314624345,0.7624944078371324,3.7157592633405314,-0.17340714234239038,3.2269077595239897,0.791653949545448,-1.2611334627605504,2.330085972885241,2.201149678993263,0.020800702266064994,-6.3104601396331494,-22.10079035718055,-2.8058703562963747,9.667837794450612,-2.9986073356914646
966.3186151118359,159.83350387292154,2597.3898642627532,-459.0159116614412,-8.646247154330375,0.0,-290.14753032300194,6.225023016339481,0.5505990328559527,0.596309606130686,1.1442293437261941,2.4692161845804845,-0.5705425530024997,-0.41953159835827397,32.39615608736353,5.685556183117536,-0.20127917179018032,6.056782221574601,1.90613701823261,4.232232457410559,-5.097734844239089,4.217179012785433,16.59854357074716,15.341005238359521,-6.583558169423276
-1984.7393067517867,-98.44919287827463,-776.4050468700215,-929.234901506347,1.4948558539200043,0.0,-332.389111216777,1.0037710396636021,8.767836953199902,1.290686793772199,-0.03733263880640244,0.8914931844649372,-1.5273003036148258,3.56814885788195,1.0630573910804193,-0.819161106136969,-0.5268033303350008,2.115690621986857,-16.495694750736625,4.458645591412921,-7.736043308909401,-6.021307805717919,0.6353413199280958,8.687621949840283,2.6700067074012006
-2044.7391000410246,-939.5866207001555,-1619.4754292202335,-891.724838757416,21.143343549734993,0.0,-320.6442351252432,-1.7791029079628382,6.4131675009056535,1.4418883468392036,0.3443920243596636,0.5939537230804591,0.22111866259029012,3.7122232231139223,8.127539270598993,0.7372578284367893,-0.43580516234273625,-4.407502227918131,2.182286064067747,-5.168106176916185,-6.439454005637647,-0.28523655733760955,-1.8520876730746192,14.929517447063974,43.16369450382986
1735.0834262949218,290.142246716985,-473.86500214500325,-79.9641905520313,16.223893814037837,0.0,-278.3651372927978,-1.7005717957731177,0.7159820726625881,-0.305367084387135,11.925805038698307,2.143203040969952,-0.9543299854289986,-1.42861046891552,3.369101185445934,-1.0849105468174742,-3.6834994926051055,2.3470472837710843,1.9830252140478366,6.241961374600666,72.9940130806813,2.394928243920241,-3.668260479945337,-12.728440165181679,-1.6939114982405867
-399.24010439717614,-24.58909847195632,1096.8193843893564,933.4016349975007,20.491751878791497,0.0,2678.4475627820216,11.235436987958227,0.7458411470203711,27.214321998011744,0.7400997396182449,3.9424364818628943,-3.6859479990053168,6.223072426083243,-1.1122475325383676,1.367317087030211,-4.375057803962896,-7.6459198908141355,3.23520479115104,-1.64616454136552,4.195701158320195,0.8713715828036198,-0.5252012717557142,2.1755709695221075,-16.96259981244477
1326.2484000543748,1120.6582745563317,-1225.4055629762554,524.272467282355,-2.9255239604561956,0.0,-301.0071947454717,13.238828279614522,-0.0045498705676675424,-4.7089429557964575,16.374206793146282,2.8976960585924534,-2.5341557095818903,1.4634718168472487,2.2010238964474014,1.8814400216236447,-2.536390869788538,4.548388302144542,1.6555900128637668,2.0092474950901384,-10.573469533979642,8.411425264937996,-1.6629718407500906,-12.097736488113867,-4.142203435544313
130.6132779978072,698.1913876892427,-2204.5260007473644,-40.38458696499929,2.269874890311108,0.0,-304.884477103047,-5.329922646204544,-0.15087465054784,0.5395784577270499,1.2144017938784881,0.6998910157676947,6.859224888376917,-0.9212538962928072,8.708869213987688,1.4116954375287838,-1.651128011399645,2.8671583615283627,-9.754364673297244,7.61451454671501,-6.3359426683613185,-3.1203325327735567,3.8350959413616432,-3.3891143027229256,-0.30662010964331454
1199.2566562884651,-503.6493752094762,-2169.0193449561057,528.1420823137787,-106.44597083870559,0.0,-292.7147370683765,9.620650221861943,-3.667028522541861,0.4856908186469571,0.3541713861262979,4.236020550973407,0.3021680361696068,-2.2718258812419037,6.008101832962682,1.233315932903578,-2.336389322211736,-0.32517276883826823,5.069187584713977,33.91664380321255,-3.1110351032398356,5.106347946796684,-2.5482702095646843,-0.954759506550506,1.8081886729844519
-791.8276429091053,-408.5016531331334,-1221.3982043373564,-423.1409233299904,-3.9464972227035044,0.0,-311.73754146864053,2.1540160727772526,0.6368427493115312,2.425555239618178,-0.009980817017223385,1.2870461968102807,2.794114187751374,-3.1891860186069563,-0.8068532271755324,-1.0214595135339686,-0.9155088409710856,-2.9334721297995503,2.836682049876998,-6.7909004658525305,-3.115655542249677,4.35362372530942,-1.2428101713427655,5.431870620226484,-2.1791584097851366
-2039.4213003015284,5.853512279299094,331.8506387345554,514.2848285114666,1.4473979950990015,0.0,-301.61885817921984,0.050467081727960245,7.784567704673087,-0.23487937315498345,-0.9636869595984829,1.9516086518155762,1.9725515627499612,27.291624342327413,0.424822101751756,3.4023479818672437,-1.3944457565776083,2.2997395729224177,-9.345897409550863,0.47452459216426146,0.25025859658890315,2.3871376108660805,0.6792019126736475,-2.0426056814957727,-5.236798235553225
1679.7812389779847,-61.629643110213244,-2272.7568366074056,-58.061002874293315,-67.11737208860455,0.0,-287.0810640488997,-5.540531912945877,0.44056259902963585,0.15794575395990526,-0.0342660998695415,0.5498928680887076,5.0083278982800215,-0.38781112841354437,-32.1017897029334,-4.228645538229067,-0.9745087977730745,0.49476518615143783,4.865662547127078,1.608512336134629,-1.765495902341396,2.337498813101304,12.331599261159894,-10.479161619995025,-2.5524279372033094
-1264.5853385251835,2.1905048225265813,4044.969962488758,497.10807371921044,8.252095818638306,0.0,-293.2700434941831,-25.963545388349207,0.18311892938844926,14.05695580994559,-10.355541249270942,1.4392521191743133,2.018880538168928,8.138057073947616,-2.0384987420379588,7.232759900536307,-19.129199324994413,-11.85836790496251,-2.6915696517214744,-6.179077635615164,-1.22226327588761,-25.183729507027486,-1.89090186245799,45.90068316621097,-2.4540645973718846
-334.3860242124808,380.0909035940511,2559.0345873557826,-894.9969560742468,-3.6749719031947503,0.0,-306.21869983830743,-3.908610127099944,-12.233867062371079,2.236840365831221,-1.311573647449316,1.6528818474445928,-0.09040920178753523,-1.3893293783354475,1.1635360237999068,0.8076895658378959,-1.3489662795671238,-6.734147257605222,3.7691508912865737,14.655874332509438,-9.118783967139986,-3.698444342928624,-5.506675719768903,-0.25695938225561843,-2.4182647696811808
1114.8665751360159,-205.01956860326314,1079.7734354190254,34.80591561211274,-0.9553231627478915,0.0,-291.4465520200331,-2.6582661706106405,-4.730572617824258,0.6211826315309863,0.5455880583363667,1.3334773048622608,1.4060878537345425,-0.6693697129693341,1.5822367027355573,0.44821200941046435,-4.565916332502634,-6.800866077385368,2.310151692931788,-28.057636878896975,-6.659272278502013,-1.6169604853401502,-0.9987645338978867,-6.968566120290399,-4.57685533168172
-809.613397437236,91.0308703221048,-761.7685200569995,-399.0183620073597,3.7531115563676067,0.0,2593.870169754079,4.960744825265949,0.5358953862066492,-6.2378267015077,0.795331742411167,2.3548220225465535,-10.45831248129831,2.9421468900257284,1.535435737140654,-0.4869539857595683,-4.11257917120527,1.1016251442637433,3.848063046726801,0.45379303807347504,3.0560285914802474,3.688876213058876,-5.60485191244246,0.2689169098635363,-7.436928308506135
1940.4837854802304,-614.9899434364528,308.06554650818913,-61.385312505601775,7.053927487958206,0.0,-295.2985349959093,5.893932220784554,0.5149333225152275,-21.470824722996934,0.5422859980481551,4.471866435465533,1.1677178169925018,-2.081588089991753,4.339742781067381,2.2487621784394696,-1.3953951379838063,7.462205964372693,1.3227357179901813,0.4417502581668993,-2.762192294933094,2.9519877048831487,15.861049350008608,0.25369823372596195,6.61575144388155
-39.58770607460716,1290.2047746968053,3654.3448896226078,-507.96730275172763,-13.282583208406185,0.0,2533.448798218025,21.114038140996353,0.27854963680976547,-37.47113050931758,-4.96155692298063,8.064098814120895,-0.15735147881874176,12.620517569914778,1.6474071306623927,2.745991583187323,-0.059462432986113846,9.567890056624684,14.011281667694792,-23.653771912079595,-1.599943536875293,1.6589901384363586,-3.378486947650849,-4.390060935442466,33.380105503595566
1907.533981136769,-446.0379020087603,-1574.1538813952234,-481.0092409806603,16.105786224150453,0.0,-283.2630995546569,-0.6910268103782767,0.6122618698825889,0.5112328351740847,-1.1913677434470222,-0.6364385989482277,1.528199321522895,0.27651142087448993,5.72264506045618,0.12693097654222832,-0.821617470485061,-0.8224181769776752,1.977316108882947,-13.461938623657929,-0.5865166294640829,4.387536794021867,-2.2230175014728,-1.9319663061672094,-25.614791597034507
1379.6892360733323,-1061.2474624474098,-1656.8021673348542,403.64455738736035,13.36592775771544,0.0,-291.8145991066389,-11.534665753781264,0.31278609145053987,0.6846665405746658,1.4390178330081003,9.362351580531422,-0.4224650641719839,0.1503059743385588,-23.90487149294873,0.9729556748373702,-0.8874683203923931,1.095364417806051,-8.606539653335325,-11.79647624304334,-2.7264937929185145,4.8943661277930435,-4.3833144427970225,-1.5209846938969076,-13.06823712502149
-921.7954009873941,-90.35888950341527,-383.3590088320995,-85.78033368220116,1.7288119778460196,0.0,-290.5120109919629,-0.9510158646139664,0.7237407086374483,1.3661204735904804,-0.16178632849395438,1.4532688816498658,1.55000277830289,-2.3715032943999907,1.4746063998369365,-1.1102385370276076,-0.9745151586462081,-3.716276804047917,-16.50066808069849,2.363573365018161,-2.929502733019562,1.0418294281416722,0.9744224002939853,4.287695015768956,-1.3222142769705336
673.4966332973185,158.68839689674567,1010.8086392615473,908.1837700166577,-2.1028576554121647,0.0,-301.1929304820363,-5.515690606046502,-5.909662720127452,-0.02310665148473845,-0.7231680169590301,10.792844298438308,-0.138679989903381,-0.6485061929421533,-1.1387327325218228,0.37386701625180147,-4.107863832070908,5.623355533748716,2.5349988115483826,3.1192664222920636,15.046792951789127,5.413648942602311,-0.39724290055433603,-2.770371254329198,-6.840345650274565
-917.4877473600241,140.63682974329424,2546.7208737483247,951.5527753634221,0.9061813563044323,0.0,-277.68100980668,-23.67744952838641,1.4731467128210494,0.9292692067990802,0.7152381157148732,7.454679432297271,2.258295087758168,-2.100595798150163,11.286518854176395,1.1645928633326406,1.9010161630727218,-3.506989169792146,3.1698908463547006,5.8634776597749525,2.7890944895366316,5.616497655994093,9.279244142528388,-0.12160982161988301,-14.696919070090173
727.0928042279434,559.2141888487445,1173.4625516354388,45.82307204434758,8.368784854929473,0.0,-304.7597447212031,-1.7495810933288105,0.057423267610664075,23.24261496575435,0.4479112571788021,1.2984327407686616,-1.4359730959305093,-2.4215577248282774,1.717941059210494,0.6210780410499943,-7.883897749521667,2.3017976534423985,2.007699509853522,8.84327902917667,-9.625661942183694,-8.640647907982952,-1.03130616719484,2.7116259817912383,-4.3384507592321695
744.2032296549244,803.9447837065621,1156.8540598208872,524.2068671506555,9.60557482955957,0.0,2942.3626590343024,4.941826429662406,-3.038488767157304,0.5126498138470862,-0.12009985411335938,2.5749005124840165,-10.723403918434592,0.3567096572337335,1.9365676097575533,2.0424044893401967,-2.343114786817306,-0.20951237274447326,-65.38351725062815,4.717915903641817,-8.955041978170922,-2.1078149085444733,0.5293893583157209,-9.239269224598068,27.940110607189204
505.2853437404888,625.119513195195,-1202.5723571821052,969.8502227161467,-1.52362623224378,0.0,-308.5758841497981,76.49025620541074,0.3179134930680859,-0.4142029003819745,-2.869304216800329,-41.15855862685858,0.831673274228762,8.616159457803688,2.523275239765461,0.852860351077492,-1.7815900267096225,-6.3010085617152125,1.6526624485005423,-30.322172727741386,-6.847826914732509,3.556592661480194,-0.28938868113414046,18.14884166577095,-5.354143798296567
-1398.883518903231,-313.29671943547913,-376.7674620402541,-50.82020063106877,-3.648652467652538,0.0,-334.3653997989606,2.21680272671467,0.822854447114925,7.513031933518916,3.280835726282096,-0.7483310369084866,1.5698184876589372,0.15747573048436767,6.275396910274214,-5.589573318173692,-1.530553452997495,-0.2367244580858156,1.4323006339184428,1.5011627553336677,-3.4462594953980363,-25.787146897905114,-3.3707429201874746,-3.6499824877044222,-2.7240051954143896
92.4012975034458,57.36280914315419,-1984.7468781270106,-132.14355242976697,7.6685829164829675,0.0,-299.4478991873064,-4.300317967066722,0.3352761631455002,0.7570662513576417,1.0233227540555045,1.347917538786696,-0.022663101755586414,0.5572044502404903,-0.3251238084768664,1.804104539322755,8.93261286513967,0.7357999206806608,1.7481921554376265,2.8786954955630066,-5.0484860759143215,4.749613678203713,3.1070922807426755,-9.057838623458268,-3.2068421542965697
1015.2251882327381,-437.55915971422917,233.35180399538902,388.412400657122,-3.50335359393198,0.0,-318.11902303267067,-3.162623712856102,0.6833315910146469,-0.8524177676112665,0.8024333414834455,4.073017538601428,0.8883156519856237,1.8738282079840174,-1.1324855786762555,0.3538053004368771,-4.461643893854466,-0.6651903851872977,1.307399530674688,-1.3468528315506145,-3.741744342564923,1.5594924108701165,7.985464774914496,-0.03630845200782111,5.860123584630558
-1474.1838318084476,1570.9642447756066,-1142.9700184461772,1035.470728202931,-4.827028103566366,0.0,-292.6584670467069,8.582210491722392,0.1492784079328973,-1.8327003505561326,-0.1810009528037064,3.79140669238627,-1.6972392367841094,-66.71889288871053,1.1235588642409324,0.6260272369363865,-1.6646757249681619,3.5083982944742527,1.643923950031733,10.042351681728018,-10.702860215725497,2.9605020646292126,-0.5555322764125232,-2.9734154990004016,-7.049128397209003
1770.5131970777725,-411.813146824542,-2154.4831972743746,-949.4012241064778,24.371055562601548,0.0,-297.0282892982431,1.722470331248771,0.5657902762567617,0.45972521930660226,-0.14668779609986554,2.0608004817833905,-3.2133965970563256,2.6006090763781438,2.352017418760529,-2.7523194940338813,-5.819660816208931,8.174195274393998,-41.69738320419175,-3.873690058615053,-5.742741510886225,0.19899299459877845,14.148830872916836,-7.338643181808877,8.914735650017866
1694.9855486541185,-1067.0602363748394,-1737.313826217346,1058.73054063885,2.3010190640295667,0.0,2454.2584152316676,27.715673082268147,0.48066934960882796,0.32551735754798067,4.556930848515246,13.465610918357786,-0.8208281022416519,-17.20732267981865,0.4494748553728955,1.339602050432649,-0.2615459993060173,8.180949757656,3.8096011679400825,-3.9966129277085733,20.082568839506603,3.475672884889656,1.98343854441365,0.0982291147607836,-13.054304443622392
438.3187746272416,2.200213779592802,-2281.8024716137543,1062.858956838206,38.43511834887806,0.0,-285.8469781337693,27.48028148369682,0.7346308336833642,0.5948202941872035,2.068602024869173,9.680081431908043,-16.33068522131851,2.74623048837852,6.752300914161921,0.24813997117354575,-0.8704386746355035,2.6685379496325936,2.5550248889811393,-8.298712971868305,-3.2811262625341198,-3.039335893578135,7.693446891459932,-9.437343599901604,-1.568509108676186
201.39750955310186,-97.45395893388567,-2362.407339304126,-885.9822859615575,-82.70737600437901,0.0,-284.8930988895525,-10.10524417221966,0.3855680718862836,1.0375711052821528,-1.3413166318476462,-1.097105671443764,2.842993164995031,-0.01312021478544814,-0.8977830073583353,-0.5742787051978939,-1.6962730861224555,-6.618579617227648,5.716055405690615,6.5654261764055395,-17.06722981103466,-10.454509662233269,24.048678355073964,1.6371006125151115,10.607678592642301
1585.967784429552,-179.37094433819814,2529.766181176923,514.2476794861433,13.721330206720769,0.0,-283.6881889979956,-1.9823140408120785,0.26196551384441996,0.46052844907449236,-0.4432769733233303,2.163259569133827,0.9665226590511741,0.6442629440310221,9.504828853836758,-0.8678398169950678,2.2549767017044937,8.140484131297526,4.343240661471352,-12.544618286193998,-1.996268529647207,10.34583348689678,-0.18741623986360628,-14.922060827562126,-2.6373057077690625
-705.7858053567967,563.4383421047015,3913.123262144354,-389.9233527310806,-8.16124890567484,0.0,-274.3409160038223,-4.091921937548863,-5.431642910131001,12.485414645641677,-18.82400617749879,-9.64805057672739,-1.0573244570297344,7.631632910583794,2.239757608734414,6.619877955018392,1.27709410645757,-14.430615431225503,-1.987653702156023,-11.980397228560895,6.9024059021345785,-0.362097939305962,-2.9171083602854893,32.160503047111355,-5.868329548311965
-315.52392438436067,671.6230996018924,-1499.013293061243,30.957212467991127,0.5150521983714624,0.0,-304.95714605236077,-7.533751619691294,-0.16091676140550643,0.04301718851106623,-0.9486264713902899,-15.821101026947627,-0.7322516225551581,0.2791995599833976,5.123367069413595,1.0761589693147997,-2.431550569546075,5.24463998622978,1.972876176825114,12.769364528417404,-6.533517331325702,-0.7779389843442717,-0.02606212127188197,-4.1241169985887955,-5.451531993377869
-1133.945920176497,-30.335742884076847,-2314.285479952669,-912.3840431531286,5.116130347924448,0.0,-295.86047058169817,-10.37353045059359,0.7181054692656986,0.954342913685831,-0.11929724775850917,0.2132901578010291,0.5168416680910849,1.4173661442064707,-50.884113005168444,-3.7551257909432114,-1.2103515602886967,5.499585647334719,-41.088081454515944,2.560142122570379,-5.550471454579349,-13.566232565664402,-10.582672406284235,-5.392327335025582,9.807154128333217
408.958291510042,426.2346830959963,1340.3950721987303,18.330435725057136,5.307837763625229,0.0,-286.3878458991656,-0.7794430103320966,1.7622942699882944,1.7382936176153114,-2.7499014820258996,1.1351837415208232,1.2180293045874147,-7.310198823971298,-0.7443278140714359,0.35364598688070525,-6.384585940097912,-1.744672078493622,0.42585912036250095,3.4268822809866974,50.25016591306622,8.830925168508841,-0.7898927229779773,0.9777246327224534,7.315734985163307
-335.55416156084556,-744.3342168121454,-1775.9374471588171,-99.56161879752202,-3.77592306238,0.0,-309.17307088463525,4.169782307615861,0.3620905381407073,1.5908055699260766,0.3801376130272448,2.703168673999917,1.300830758939855,0.359180223040169,1.2517392484763696,1.5586771485245312,-0.6786828634369808,-1.2091665913215397,1.569487888697239,-0.9005752582790538,-2.044306894269614,-0.3047971942631058,-1.4695949181697197,2.2718412748482684,-1.706154908975178
-453.6044339991752,-673.7734012219065,-792.3794822477561,-426.4237020432089,-12.792893692176602,0.0,-316.32959250059974,-0.21066797283183808,0.8647091550619184,2.21314814601743,2.102148401392754,-19.96422685987035,1.5096158427922157,-1.759142066554717,5.626424392299881,-0.012922651072276796,-0.6864349833916619,-2.956471678575554,2.6898593276353697,-0.5421574894615331,6.178713965747366,-4.002667402312272,-1.6753444062165865,-2.3498900051759013,-3.975389323086853
1009.1074975217794,-104.5628153055172,-1707.0548104064658,868.3069104311658,7.001632314678996,0.0,-285.13554044596435,-68.25609338692976,0.47124318594126274,0.6027629622701874,2.3764876529785606,-115.59844494203134,1.2996213688540919,-2.3051185756577337,0.44022372697543344,1.7451566383769297,-0.6711619088238082,6.108679617828554,2.7727822171497465,11.262536401400563,-4.129671062776773,0.032559438464546536,1.713524172220753,-11.558123860391166,-2.837060859344273
-1494.890051794113,1598.745764621082,-1855.8981875406384,19.783130705218532,-11.397578945471125,0.0,-290.7164466197454,-8.877216626033517,-0.20937801494098685,-0.29949661324344834,-0.6586612886816982,1.1744660799803206,9.950127629721615,0.2790592879453623,5.36879235382806,0.8548557591984456,-0.46509840116774537,-1.6173807528577366,1.7268865571225271,19.148516019560223,-5.90235957634644,4.674111933173213,-3.0261133260362976,9.648686654730412,-3.1549445378869816
-416.8250191067136,-317.2125164581169,410.3914014657978,994.3279040752943,12.482246939253278,0.0,-308.79213352428064,8.827946062204093,1.3154559096003842,1.7869099267119963,0.6585411716654299,10.316010629965131,1.5405395638249435,0.21074106199070508,0.39105317825619784,-0.2037911231781788,26.180022352232395,-5.463633691684927,3.604552205929011,15.943188532936404,-0.5630540881653491,1.6916334911096516,-0.2608596556272745,-9.658148873374182,-6.428415018189409
-260.6488440620219,-421.0656514631554,4012.4669970275645,-433.58983419217486,21.97965172150934,0.0,-276.323361287593,-1.6233117361156373,-0.3621576107860937,12.878329050993555,-1.8305453280026343,1.6564404485425261,-2.662681639919915,1.45481063268014,1.698442632591776,-1.2540358995530532,0.9924513173100027,0.6683437776592833,-1.2747583072936766,-0.14268078250774754,8.212299381170912,0.5968649428032177,19.842549390340192,18.05942701967343,1.560563174043514
-1308.5716307593848,-293.0920929096788,1132.0371864426897,-983.6012332095864,-11.678565723604045,0.0,-289.92745688509376,-6.0261248467576145,0.6996833444274495,1.7248915405680991,-0.17149818370321077,1.1466364216838172,0.94887242348865,-2.932718027496642,-12.122622596423744,-0.5265510468712518,-0.8168017593622666,-18.12467215404534,3.743033860354223,-28.38484460013432,-13.70501096275009,2.637075648837132,-4.42842917061854,-3.5351639709063063,-1.7910312462852584
-803.7462276348476,94.11439650073984,-315.17361560988945,994.1800764233209,10.869431258228838,0.0,-288.8028522909071,-14.154005772206284,1.0467794463195712,0.5943090576103929,0.9338221484904712,15.69803308434436,3.0106747414414285,-0.26995530113352223,0.5554286805036505,2.9663433186001935,-0.9755770879370198,5.780827166071657,2.616431372954025,6.803699620626834,3.5756763387208323,-1.6114398689314369,2.00270695920955,-10.705643641663439,-4.020905061586771
247.52665264933165,607.5691998288708,-1547.9330007378724,1011.6595209920769,2.8831779174527012,0.0,-305.6058655361542,45.606685215002464,0.46974404191882424,-0.9953139681729403,0.1864789041500273,4.756969755221897,3.548478565185576,9.059749128790676,1.6820024847554476,2.279276525339749,0.8815224921247555,4.101070683575174,2.0724377391096906,7.92588342150181,-6.236806420889471,1.8857090069422004,4.221651580079456,-2.3614529987015054,16.587263159160038
243.22202135511017,-258.60325975380624,2541.7411221106104,-922.7401453146317,17.839905544941082,0.0,-284.27559443515827,9.529697896977284,-0.12227445055168398,-1.0513393719232242,0.4970387353195542,1.8485334524253492,1.3862809355339318,12.531394771567406,-1.130343972841557,-1.6181891135140403,1.9723768600934939,-2.3180268890033213,2.7165618136857033,6.218817820058834,68.41981132133841,3.307533109474642,-1.4911646008869155,-10.798180989065424,1.1240831797861528
-1984.067693399149,-940.5120643846165,2599.4710909291107,1099.3870556338409,-8.076013527585584,0.0,-302.23902689719074,29.838802004163895,5.436548807458885,1.269269091383161,-12.038799869700354,3.7445880861429184,0.681669063942697,-5.000620517007787,-1.8747589972524137,2.1975289599116947,0.9023544828006674,-6.977725993789283,1.0637737449662243,50.58740603229033,-2.855268837941804,9.214998388008341,-3.675383093969395,8.883997769590279,-17.19941942640541
-384.0174043691829,-297.5597055670285,-1877.0206575504433,-454.3054596778946,-3.9579164418960406,0.0,-289.2844621841064,-0.6517778813965202,2.1236026102950443,8.891618967210462,5.40637737411626,-0.5410657118041399,2.4360895221714873,0.16809457808393335,4.599204383578627,-0.15702938232973201,-0.7294171295261799,-0.7111387427612619,3.421789459324578,2.6137526373729605,-1.2371919970354002,-10.094389399135343,-1.3005794255991214,0.6574911707785475,-1.0671271762602383
-492.606191300342,-370.64174070626524,-367.8342773203581,-925.902106384547,-10.067620210064007,0.0,-314.1181405078446,1.4149588605284122,0.5628574275359992,2.17883525572705,-0.3908106562897274,1.7421588853119983,-11.375905830360244,-1.9967070650221412,-0.4326019995462204,-1.8894347593722631,-1.3472092026255762,6.202022570115731,-21.14513695202533,3.98331942984443,-8.557327662421917,3.6528450459538426,-0.8676054863398714,-2.983190244008038,-3.2241926126447162
1445.022532852905,332.7729994944708,2535.6644158476497,-479.32655117790745,-7.106500904495216,0.0,-290.15339152063495,3.6881901291888513,2.5478102945064998,0.12644363791705357,-3.1534578791979095,1.11424548703413,0.3155187427288496,-0.08914673731027686,2.4293843533345236,0.2073143615280009,7.045923378890551,-2.5869019427210302,1.7387933901304657,4.828951385661415,12.905571604391184,0.7787069500003565,-2.7822010104825394,-13.160466490402605,-2.588083429312638
-663.969879054317,-92.53576224091007,3950.3654120296137,-65.43436391854536,2.3507764099165653,0.0,2580.75045689044,4.266824794418945,0.5026298738829031,7.585446329665093,-13.609611940869666,1.3002130582238305,0.46233621731934216,-154.2439451474459,-4.218003976328682,3.793672042484398,2.51676300352215,13.195119881038107,-1.4746908122325573,-0.17552259260774714,0.57160305230677,1.7627420718643525,-3.0093873037981784,34.752638270978665,-5.403738196447276
1561.7703470898443,-159.10261296611324,358.4024334331388,-977.73008659049,-8.997291390225657,0.0,-301.38100057424424,11.606117503062436,1.2787644026994065,0.4547849426722112,-0.4239002488139616,-1.792069019130381,2.7045126081849973,0.6452411404078802,1.0486601761065177,-3.4179914824074276,6.725260685594086,6.445378668787583,4.124732051613775,-34.38749371132839,-4.001541397620992,-12.460990019131694,0.2946255008515688,-10.607603310388825,2.4826276726415113
557.4827633151522,-432.6901769527112,4174.140676561409,1108.1352125480585,-8.645784997683965,0.0,-271.55529186959456,-13.602530774329235,3.5044354326261784,11.54904702266554,-8.875488721111095,7.395189580870588,5.895639128493924,15.190321483598524,-4.115750210622225,0.5633341861040511,17.49705140592176,17.080677943975626,4.597719094184044,27.349823558193215,-0.8960828189249148,12.97003093569343,-4.379205121971947,15.303895260955906,46.29328458647615
-793.0724709893722,-107.74366048334737,-1530.7170889971806,907.3224197796851,-35.27077337007784,0.0,-284.74938749121463,-23.511839335831706,1.3187156887817637,9.9172178553555,6.2712002057181735,7.161912813985901,0.9517263561876955,0.399934678868126,2.041630842356569,2.0161756612271935,-0.16057354189167478,-3.1679306565440424,2.7725455025087227,8.247354373853268,0.200416165649365,-7.299531137526335,-0.08952823919535038,-3.0401678645831955,9.557329342709174
1046.5952978576463,162.62203416448773,2535.0272880378548,-503.2617228831817,-1.0847698514782753,0.0,-303.48250097212053,1.9763092213546343,-0.21399295082392006,0.9012814413649541,-1.638696097672739,3.1056012791030363,-0.5495024334235037,-0.8969368339553501,-6.092554485142704,1.754618766122931,-0.6562512471274942,-14.463873690786574,2.7371010242725577,-51.44301401050289,-3.349067891605439,3.979476269713279,-9.402660156694576,-11.225330102928957,-2.4836818405859558
1764.29539163218,609.2216285451217,-2098.9083134243683,530.3279689126321,0.7599045284268257,0.0,-282.28827098710366,-13.13541613942365,-0.04486255501073107,0.03475679501549698,-1.6509791037889847,2.4744834512469454,-14.40266440655386,-1.1046605449733216,5.3488995635276515,2.686230893691608,-0.5962235560064897,-3.363039817861599,-16.113321252690934,1.9229427905059056,-5.498100421277046,-1.2446125487396398,12.519766637683304,-14.406547393309072,0.7576149968201156
1846.5032538756564,-142.60488037533327,-308.10379752545407,-127.97912749411121,-24.303417608176954,0.0,-288.4681951085845,-2.9559074308801923,0.9486124398327882,-2.232439637014864,4.113102268370879,1.5688544845048835,2.8813444072502294,-1.9446483855446313,4.027126929511867,-1.9637625695959264,10.80853895766478,6.634762341298938,1.9597896532520016,9.744194911469124,-2.072209965877151,-2.198705030609813,-1.4404403327149486,2.499813887648047,11.183063513803425
1997.668269944805,-956.4492637033737,-1853.5085928684398,1132.690494810837,-6.450839190652187,0.0,-269.09711569168263,47.24644905011015,0.3918846768499547,-0.27260595828414147,-2.450215186277393,5.798194160392101,-0.296467262748813,10.323638267843927,-1.4767489334020332,5.0769877465438045,-0.36170190217689013,-9.032291825104659,-16.75833207718004,-5.676762737472043,0.989366718369732,6.004596925172137,-1.580743843793871,4.997175876040845,-1.3913153717187003
997.491443654651,400.0853575612096,261.97059559289244,878.537410754657,4.154093203346621,0.0,-290.523920517809,-35.00744319506005,1.5424303522407383,-1.5611142841265182,-1.3047395613007113,-94.71475930093928,0.09607471877307835,-4.407235962389936,0.18298473457423545,0.6446868359080892,-6.512269713534595,8.36293288105477,2.392326978132131,7.584345323088064,39.503690648204866,10.52950446031479,-0.41390443451112563,-18.056292130605208,-5.541863625636576
-1985.593549309946,491.56156061808684,3650.4525495277835,-94.78472442217488,-21.712979725844036,0.0,2493.363592443871,-1.8186455846589138,-4.4504013834061995,10.673315677264812,-16.440719157253913,8.976829028176631,-3.513990422409448,-73.78715975740603,2.3461301499274394,3.920877520276847,-0.43875713662875493,14.68286224209608,28.535890150241976,-4.4104315166935,-4.070550226076603,3.3438678729993074,-4.903902458708624,58.58329176792719,-1.5870901116593827
1825.6125372823885,-128.7725293838369,4009.926316827734,963.2557108780691,-8.712070557449636,0.0,-233.64095012392548,-47.985082017089454,0.7372940079181136,2.967170160360015,-6.436326691213442,-0.1263052870481412,3.4851746600685405,-2.300364498616183,-3.9832194379270818,2.028770903164799,-21.705481272497856,-13.858125036932318,2.917628912751507,-25.865887976595207,5.314191215613609,8.561769280788331,-1.4925861315941626,27.923177160758247,-9.414348296289317
-804.6531585130184,-369.32743733472074,-1842.4822593244817,972.7631817629709,14.94306173757738,0.0,-286.5407856049488,18.944855453979304,2.2234604319697358,1.554523952551574,5.175129546359637,7.84064496899339,3.2908237167770853,4.180577114996534,0.5262625594106917,0.5903681400186059,-0.8130428584623447,3.482563128994025,0.07399063233067138,2.73346367387555,-3.76527150564909,4.659555676575817,1.716100607767158,-8.647244372846334,-2.5505500307698092
-454.4555955696632,-572.5659002294834,3807.2897094838922,-1049.315208489466,17.100278427997747,0.0,-276.78411101646583,-15.425467750306955,-0.18062524940005145,6.157702565920314,-3.9269998235842385,1.7928845719113724,-0.3483514941323646,1.0556015967209555,3.9454573214966215,27.409669871164557,1.5359871707235722,-6.012311268166059,-5.74372691797167,-2.8845579882759993,3.1286609804645003,-2.000908596756502,-4.214365438929756,6.38000099617478,1.7241954384467142
1078.6240502282055,-118.65123329374234,-2127.808328986841,465.9888874381214,21.365875775489748,0.0,-293.53462428301606,-6.272164161484736,0.4823543473623649,0.6939705878382709,3.602686136206488,-34.192501052124015,1.385810053073745,-0.6211343071766364,7.126666649848684,2.7608532067645846,0.3257531489411022,-2.0472702397921068,4.617022323307511,3.6693875167900964,-5.0326613521535455,0.6108796061584858,6.65763054272951,5.892615864011509,-0.15086115033507327
419.424170484847,922.3210299664127,-1651.620840968002,570.2691243046949,-14.646375514840097,0.0,-332.99680969135466,-16.734005491624973,-0.22741252670267442,-1.5590524516720021,-1.1416671514181516,3.1025991390843997,-3.5008010282286306,0.569772579027745,1.8027969814538691,1.3104955860836045,-4.792769978940884,-3.160933654950091,1.9630094617086133,-71.73610189044817,-9.813575730472369,1.2151122079570784,-3.146715278391976,-8.03472682810081,-8.551808837036907
1708.9666985451909,323.1097013891114,-1654.9596473800304,919.4019316166326,-2.9632204624942022,0.0,-259.6079364782448,-30.24955692387314,0.6604208360866527,-0.14248842223595404,-2.7507621184196966,6.144632410265784,2.3998617371631696,-19.894355405272414,-1.8012338784105382,0.5546444296810449,-0.37382227115179667,-1.7491405362725612,1.937921165636364,3.190032601112271,-15.552839613244563,0.8501867335590809,9.170978954398404,8.118654315392906,10.58865566034702
1096.6552996258351,-217.80470955335926,-1925.9395090229502,-73.68881282926587,-1.0501935511320917,0.0,-295.47566076510293,-3.1701423090555143,0.38427503125202084,0.5156939713344558,4.02795659719495,1.7974521973281157,2.291344075103733,0.00870302633180583,3.4734187832532704,0.3799066072017476,-0.8874442562908796,-1.3125291276814632,1.9941582635313493,4.582548426544864,22.041784054415782,0.7530469847651757,-0.9785638102497682,-3.4005760691735705,0.6212635595375816
1638.3774480202294,-723.8610539987317,447.05004876851683,-940.1490793012516,29.343363609493654,0.0,-301.39088720239073,-0.5005774860111258,1.1979485439917046,3.402844050014698,2.799310670975537,3.1267467168073186,1.4097532209321924,-1.8790241867506787,-46.38169811400796,-3.668179064545515,-1.0629417303465354,0.1479645988430785,3.718323397166737,-1.2491892084613463,-2.6919203581731113,49.04663986192135,-3.3162887898510136,-7.030712141093068,-0.9065795940478397
-499.94347513851267,370.71537218658534,-1219.6019008556007,-999.577850132362,-6.392403342115144,0.0,-329.8575093030666,6.1977206828838645,0.5431569652797037,0.7191485822121104,-1.436610014400595,1.5088907996208782,-0.7432855078049505,0.9680093392142424,3.0655262391725886,0.12915931881481885,7.983479870144763,-3.0866796544322823,2.362857807598079,5.693291614123538,-13.725399523083203,1.1903434006727327,-1.5956000617370547,-1.3591378667399916,-4.60894142768417
-1273.1913921210908,-54.87368810456113,-1889.5164882664903,-433.841933353824,-1.2808642527415426,0.0,-304.55007020040927,-4.9841028630828434,0.6531036504015387,0.484620822125965,-17.786832735250425,1.1977989823115083,4.521167303335395,0.5112320400267043,1.4668149929962626,-0.7227675857251146,-0.3527159979496258,-3.2299297690987956,2.841531164287003,16.163295882352624,-5.197842931010546,8.88710843993699,-0.5705657131399233,7.359525707803313,-0.9505462217126822
162.513695907272,-810.7732643090579,-1266.470267343795,-494.1495667273842,21.26757078199088,0.0,-310.5375966592374,3.511361803569885,2.640155723036309,9.29648183600025,3.7627427661357538,0.10755929355676613,1.453751222900675,1.8209540379053264,0.20672356872960002,-1.3174723908815513,-0.9817688620188427,-0.5806735196477913,3.9128067684393413,-2.5525219154157317,-4.014111698957356,20.789220677867707,-0.49709453972607837,3.1524855730682924,-1.6497366243080858
-1388.3505759286884,-643.9101066550102,-421.2162051328534,-433.8344973927513,-15.84409375304894,0.0,-328.8694799280264,-2.152493688052813,0.7027479364404565,-20.076942101604548,1.3255477922402628,1.7125830592374185,0.9741231701970219,-2.3621279364974606,3.5922677897707054,0.2810477607837044,-1.0257092390814313,1.7553865065827803,2.8873827560148375,0.38644883061964663,8.090640580566719,13.53985352270313,-5.142169393157854,-1.417324123708166,-2.189946973339226
672.0316979316835,-676.9343111739302,1153.0802761229534,44.50194602893315,-5.316504466143491,0.0,-300.4149948107389,2.809011179326965,0.5590433714686218,1.9189763653631506,0.254612799102945,2.55625091650323,1.41367968628389,-0.6555670779192302,1.4079379266671967,-8.095424399992798,-4.179897196578692,-1.0149380728248916,-2.9548100239113007,-1.1357375123712783,-9.914198780338381,1.0358028051127708,-1.3090437722175337,-1.9062046052933657,-2.1857305242533305
-1604.4476186499476,-1343.9971158029018,2566.769741202048,-83.12471179205886,-2.463969690257753,0.0,-283.6353216464649,-15.651066049137,-0.68723468006682,1.543028127682265,-0.2751252949272455,2.1695247923951073,-1.3110011823886616,-4.640350411331307,-1.2274390020422636,1.4773659274614315,1.0614261470104658,4.910975453421475,-3.812651323256192,-7.079448241171507,-12.011153018283771,8.211488318215514,-3.7921150564788206,-31.80893334877529,-22.60234318300234
-425.1288964711539,648.5646578060062,-1551.2654980612374,-3.380956033478556,8.265030049610194,0.0,-306.2047185583045,-12.54802317691011,0.1851850201852209,0.08428446484479593,-1.2678534627542968,2.1281144940420877,2.0976263930655787,0.6793097848699117,-20.60754051143866,0.42214309571633946,-2.4263418049460133,10.928854220697502,2.5817540698909602,12.872556742784461,-6.301596389936077,6.10267547780174,-1.782285075879912,-6.4250353475281745,-0.0951141173878011
-901.2745106283087,-471.15172436606076,-1893.9022322616038,-408.23577874629564,21.777650874709654,0.0,-305.0998769098037,-3.117413723129559,0.806404878636053,-12.121261709831337,-0.10695819162474621,1.0071385159106907,1.457790672085762,0.35575182373377173,1.110878468638793,-2.4997382196161424,-0.5915497130203949,0.2050296937483395,5.276736326422707,3.4357695191869073,-1.1987195606572405,14.818007428035704,-1.4561529026147364,-0.43861808593109514,3.031452290874897
199.02936277951042,-462.95677108297235,2475.0433992121393,519.3878887762165,-3.854890774007149,0.0,-279.8982098123395,-3.5181747198766304,-0.006544052628331624,1.3126875550700543,7.444252181968064,2.490248612672499,0.8884049707169768,-1.5642490105850728,0.9430161799447416,0.012193541918836065,-0.4906751108212335,11.266110571960338,-17.41374424179416,-2.983033763148885,-4.928460264382443,7.234204304774338,1.2204183311104215,-13.936972272295593,-0.443173785878985
-1655.6542832626571,-586.0713009859,-477.4907387604187,465.1177802038239,7.332991133206121,0.0,-319.9603907301391,-1.4386935571529056,2.368122847630308,1.3054309795343508,1.4889757955386327,4.41184537872515,0.46056710532921924,-1.4832747191012245,3.9084247028292487,0.9824437403903657,10.924607984157419,3.0964603168624776,3.4230891581252516,-2.3506158898230836,12.497536135037073,1.9105982883619337,-1.3674453867597158,-6.80773673450377,-5.406614424393136
2000.552087638503,-115.5815087552692,4079.566180193909,6.5837633136049485,-5.521744556207254,0.0,-243.5890158561253,2.8810368545642846,-0.12168412893587323,2.332776660434239,-7.498947304542975,-24.505238018580613,3.6841933818616788,2.4423051772983424,0.23201958334266798,1.939351633555646,1.3403873802644635,-0.3315572508509983,-34.9362058096692,-0.765886208036817,-1.1793276667079027,7.039508507117602,-3.319580925170158,-27.02490258553573,-1.8795710499986842
-1371.548808874343,-275.2114661061892,-2167.055151289988,-875.9001538251678,-1.5824103828043063,0.0,-306.31089227940475,-4.518762693196021,0.7657763103899377,0.91314807675079,-35.13445435832066,1.0609173337125648,-1.6080255496453186,-0.10990603812884715,6.51893551639953,0.7229209508824619,-4.955405702376243,-6.7888031152981565,8.726484408933349,-4.141325368653568,18.84794795191588,-5.3206192705165485,5.716323986753596,-9.805679074015051,-17.56874901909646
-1439.705367942755,58.845620905563194,249.1384487647725,-1013.4459576808391,-1.6044350743636804,0.0,-331.9217559759526,0.3590424303535976,-17.799352649630663,0.9557418152865537,-1.2296479527363993,-0.17163931562578447,-3.0833698524727335,-0.047859726872392205,1.4314085848657074,-1.5902608886740488,-0.6970246151224002,3.541559219829667,-15.081147749124272,4.0183283582505895,-5.592458062040444,-8.827263941100226,-0.7872530464471725,6.9811058288057986,1.1018763748665477
481.66766203819816,-601.383348849588,-1868.8472485024233,-503.0118205917876,-3.1131517774388984,0.0,-300.9274341954411,-2.256253416920852,0.7589936570162845,1.6422815108460271,0.08356733263803091,1.6536078081586436,-16.681146408846725,-0.011505106722965518,3.0273591075228965,-5.3503036138052185,-0.8178443179221486,-2.5536501544911423,-20.78225362586261,2.7728002321797054,-2.24983223894773,2.3132884068494466,-4.792316133404434,-3.804725526710659,6.0210001770300705
6.299732303082642,962.4386043862469,-1903.3444127972928,-476.1836726580446,-21.348090377889168,0.0,-310.5933517868866,9.833488297352226,-0.061887033405884494,-1.0639125932243,-2.424166961807944,-11.463369363000428,-0.7480320133741047,1.4158374770435733,1.8738196803759204,0.7194639637985454,-2.937542110580301,-3.559330976708709,2.4038513281532703,-38.70318478810745,-12.335624382792568,7.111629695677485,0.20112025121828192,17.540174624446387,-1.8355107045385488
-1170.0873153448392,478.4417515400806,-333.3265439270015,956.6993855393875,1.6844377836915996,0.0,-320.1390882587876,-23.510008132599147,0.6588184991162978,-0.9477028197792013,0.0023118962374770943,12.61499083430334,-0.25035836033339326,-1.104889333514487,0.4647390491953183,0.794842782681975,-2.839644237463124,-5.149406187331027,2.1582254614172873,12.882068790562169,-5.20168160845687,6.603090674961619,3.000805722151164,-1.3502976831985805,-6.802913783430925
-437.7541098351509,145.59976540337416,-681.6767569426358,492.90365389961676,-19.526200577655995,0.0,-290.36061403612405,-4.696844625565415,0.5481904119644803,0.5995306756872646,-0.5897953148079798,-45.07435598357614,5.01875283106634,0.11167821777891526,1.9424570173126197,-2.290894769399812,-0.7090236776263854,-3.307061407532174,-2.3524813270084293,4.968936949529638,-0.1921662100235956,-5.0753258618747505,-4.852455691778247,7.760350935805064,-4.423464636941235
1010.8018031268086,514.0313970487481,2375.2878266654643,-1052.4304396453222,15.05584131594875,0.0,-299.91460158879875,-0.12789512931553773,-1.2799097569083426,0.2849803508876955,-1.574545314705346,-0.7323064447118475,-0.5150045461993533,-2.55356108862071,2.361584038810695,0.6232111696941471,-1.078703219546677,32.10011982229561,3.3680972528987025,-41.351142986238656,-13.399969229997083,3.7741505750353195,0.9826570776503023,-19.13798084916072,-4.783828546503263
-111.6046530490051,-700.542351226765,-1623.6425882028516,475.6318395648565,-2.2922955727105627,0.0,-323.27765699573797,-3.413216093558738,0.4153397522588979,-79.57674275325053,2.1686270371428944,6.502321291087426,1.4792707811944505,-0.3416140959520544,4.193308145136341,1.8877145848257832,-1.0884085294461827,-1.804424393782881,1.6886472090819606,-7.08604517398139,-0.980328173170579,-71.99719245078778,-3.1454822295687968,-2.2905909286808708,-1.4628338928014983
-1938.7868516394158,1316.9514536965723,-1140.0031266230078,590.5682505891493,-17.599668716320743,0.0,-295.08385371461236,-9.172779527197745,2.7939582961865574,-0.9158706898743242,-0.5453597127960403,2.4005470697132756,17.578492761274866,-0.7776542004292218,2.295076900846672,3.8905363363950674,-1.9836597114210146,-1.9916196346889716,0.035012745386543864,17.475248033712234,-1.5939234391070995,3.5144512415963827,27.312439940798082,2.3349440024008894,-1.299372971745847
-799.6687139347596,382.6044196645696,-1134.8537827571142,481.5376271716169,1.5300913480000675,0.0,-284.51259557407633,4.330968109373919,0.8570826841493809,1.8062463871006453,-0.14330397425488467,1.0784071743035848,2.350499118485053,-6.1283244873591345,4.405406952274223,2.608425220747376,-0.5131130460849104,-1.1354075144508053,0.3747269255983903,1.605711016480664,-13.066380093482772,-1.92342393741662,-1.4063698267014648,-1.5030099533088184,-3.440833033370894
-829.6077117407577,294.6713555483131,302.65518063617503,451.6594045414423,10.199365998293787,0.0,-284.7524400415074,-9.312685733398409,0.6168152142087461,0.7968224886496961,-3.8978880812916246,5.050117764807019,1.772284160669282,0.7076830688697321,0.20016187072706257,0.5607818595926526,30.23913979754052,13.401036904951289,1.8527825333802561,-7.726359160700244,-11.40622532062446,2.2762005672263887,1.0140172648986523,-6.119895078703767,-1.3654470710557418
136.80337305111692,-447.08108442592396,2523.62014284737,-495.98495727284677,-5.472250947573866,0.0,-287.4484399925882,-7.5032169800747655,0.11611709358239133,0.0015574751423036194,0.30729061203044505,1.37156810697889,1.6185186040958301,-2.30791956095874,2.6225808384390223,1.0900619596813799,-0.06949980777156736,-3.930351736192844,1.4889551684580575,0.14920385092390276,24.775251433101232,0.44013213100528226,-1.702388853854477,-8.89063055693644,1.9868754004671474
-1397.5084936155931,-731.3991065864166,301.600309626212,1032.1587424200557,-2.413739585810554,0.0,-308.01271419567513,-4.638927080161976,0.7565348651069197,0.8800872922477907,2.3945319285863227,4.604106133857591,-1.4397819855799332,1.0549075728587505,0.540643687356251,1.1348643015432838,-1.0544205724238418,-2.4410146152736307,1.5213745304129282,46.55452876370653,-2.466884725864501,6.629590166446456,-3.4058450230794355,-1.3024980369608488,-5.602479655600929
-519.9159183794044,130.7618341032248,-420.7751552181664,-125.47556017249597,5.471203042247361,0.0,-293.0442300266672,0.011044173329985245,0.8309293598438089,2.9756712435321027,-0.6235050391741908,-0.49834496302220754,0.36858638111948866,0.09122744771763841,4.1390397051990835,-3.5734211488609646,-6.15767854587357,0.533510327422468,1.3820494528440574,-0.6353053426140853,1.6498111541363634,-14.797458053089645,1.0638156951380782,-0.06513919961899019,-4.292201338548674
-1907.576534378468,572.4296891089735,1118.203948800418,994.6015001038927,-2.805390663662884,0.0,-296.97864241862635,6.404842546777599,4.064305621219194,-1.0860543067076065,22.10940198458835,8.370292420671607,-1.8779222723692532,-5.492487500229123,2.4810027673008914,1.5553687424436489,-1.9712140862986227,7.557959174674953,2.223255467622288,5.274151738385489,22.885167975239227,9.296683153135799,2.428110373352235,-11.644306446907828,-12.948215564338474
1345.865127170753,-35.81737378872984,3978.0329870273163,-1030.1236896954467,-0.19743471761598516,0.0,-237.87914103023823,1.4776175677945025,1.239942250042902,7.271842818773808,-9.30387246968139,2.048488850199813,1.4192247540567156,9.614911558269926,29.130572457502293,7.215746808751815,0.12207994089848884,19.425028733344906,-10.695815874594171,-8.76184071476502,-4.360867605918359,-6.050871122353082,-1.9988980657040787,84.75964974386925,-6.076335819462484
-457.02595642358983,-282.0977539016279,4087.7270660193644,525.7621584779772,-0.973881280194018,0.0,-292.03619096533316,-31.630198525984692,-0.3131102255052578,12.283853332534436,113.06711178386084,2.3439196070170443,3.199289759594065,6.159250373287682,-0.6283237897056501,2.8468210340145848,-0.714007988524441,-37.10044431483046,6.263144762214782,-2.3048560190038816,-19.40171857689423,6.207896093478245,-1.5266025888031598,-2.7093488140012956,-1.8611413504680903
348.49309345706087,-339.7045768239896,4051.993956303311,-1096.5223584801643,-9.89879545780378,0.0,-248.7714916528511,-4.208537636078438,0.8759907464394237,11.13814119145751,95.7580595471225,0.5942008073564239,3.8781117518713577,7.767760490576053,-0.5713382825442018,0.09682567149141001,-2.369971917001641,48.438021196120616,12.300914521584582,9.476884158537963,-6.2345945947409405,7.778366092411173,-1.6240099936494277,-9.901651222432935,-3.011565936373412
450.23108935331874,136.65195689260707,-730.3211805279285,547.3725925315213,-5.9994556801904535,0.0,-303.0479010709942,-4.235713590579974,0.4843373738668815,0.40470573228888557,0.07465006559105891,4.4381282740272425,0.11554360087219138,0.061825639385271906,-0.8593162495810289,0.36767561871085935,-2.4853580012640393,-2.7271954182887206,1.9069266354682042,16.111169526402797,15.49764392787332,-2.246332066165657,-3.4613588584219155,-2.9249830156093535,-0.5962517563154073
-381.3699293167266,-254.07070938965117,-1552.85142944161,-430.6946958127152,-9.223620840948724,0.0,-301.80499221472286,-0.9741419826655794,0.7573853675432861,2.508977862735079,-23.714140022975915,1.3341019662072349,2.4947421110438297,0.5054310846813626,3.175504324535941,-0.4527920479994058,-0.7717575580459275,-4.19097319984044,3.3832392439740446,2.771969070794619,-8.490957791799516,8.062720540088664,-0.5446337790650696,6.711257597016328,-0.6744304182134334
1277.3642733474235,1152.714039864062,1150.1544248676062,-28.317306271601222,1.9980001815809068,0.0,2640.4867318299534,3.2444105680145805,-0.06655969731425776,-3.3423742489578823,2.446621288972011,6.2087498731370045,45.164906308751405,0.2892504001704142,2.2169933685118566,1.9532329486445423,-4.806998533784515,-0.4697764292456013,8.194993541452458,6.382457980775534,-7.559267029650709,-3.5142260293793046,-2.8776787773560564,-5.317589436469902,-8.958824360926844
-867.7139693583973,-283.7765237080863,1041.5334522103674,-861.6659521959593,-13.725100494126512,0.0,-274.0980752472561,-2.49863519287762,0.6533610045415102,0.5155173669655532,-3.1510727790184476,0.5650752354228618,1.1074275921891932,-2.624536757695955,-2.229378282494001,0.4931710327315959,-0.8524536341585875,-2.448886392734914,3.833952009565331,3.242220551071348,-4.334260770494456,5.496171743733931,3.5413511464219796,0.0032102588359549412,-2.8711328537427705
-359.1905234688946,222.74943834070984,-2322.2511621527615,909.07810790605,12.272621252247218,0.0,-277.2104530989672,-51.382965251058984,0.7011033485338575,0.8079048416037097,-0.7012493115697442,-87.94245085667701,1.5327267067891377,-3.17387745104832,2.3355619650505193,1.2053584660390442,0.060040418189499255,-2.188297321314843,1.0790062858953666,1.912214165557679,4.523837406710459,-4.396922021217112,-36.67598381804064,-11.640987924575379,-12.8325766128929
1598.690532405965,1211.4588005053674,-1816.494964400516,549.0790593803055,-21.852811551512453,0.0,-288.926907964664,10.097622918505573,0.16239686036066872,23.998971035823626,-1.9219618848387643,2.536949374779244,-0.2748664794524612,1.3059843233336574,1.3587872181491942,1.9686829870444098,-1.7366119379331821,-5.698005018749039,1.7159647006795633,12.02122485227481,-7.564715377840037,1.4682816667786778,-4.853156114407687,-54.95452385479777,-3.2246956646055827
-1779.543203822456,920.8968741637228,2639.1954792505726,-30.637557872633348,13.068704290480476,0.0,-287.6014306578726,15.699982105697783,-2.3610172019315034,-0.04282547564950643,-4.050919961364043,1.2795216726990148,-2.061615355642318,-2.6463833429492265,-33.89620996834068,5.21391889118275,-2.8150739659193897,7.4709277805925325,-0.80594127117855,4.576476961981057,-2.8708089214153394,0.15039563358437638,-2.9405001370620716,2.1357970386322287,-4.2203963751868425
1129.4875077026566,1005.7619140135162,-779.3601542964012,36.56042356623457,-9.070257116753751,0.0,-297.63686090334215,3.607639449463566,-3.763736683378088,-0.7161500395437175,-0.40752136190045124,1.5784987233719006,-1.131335210335232,-0.2911217041736832,2.996807347113915,0.9476537024109578,-1.212292043703347,-2.8251301550924737,1.9724142840188983,8.757115833700006,-8.21186973044526,4.8751588330215005,0.36267244580391883,7.471480031180863,16.3069465526984
1498.553375739282,-278.8583026917365,2447.905403641316,-18.7686210411615,-11.645031372086633,0.0,-263.42929791727676,4.039331147754237,0.062458430733304454,-0.8554604780931162,2.6692731064711346,7.942437199811537,5.078754137706482,2.282232693381332,3.048784058595134,-2.20531466793528,1.0015520613196582,2.248201508041925,6.273777271880354,3.923522079984338,-3.0839744195723546,-38.560470117501204,-5.194889815931477,36.663550573672424,-6.2041096692031
1382.6613922504143,-396.30218458907444,1168.7339463800035,31.772147687841866,-2.739323374416277,0.0,-289.7148965752217,8.151157493064533,0.7287478400924208,0.43595564541542414,-0.23576687955745668,6.124632200983069,1.5183120434862054,14.694636966114812,0.5878403275800516,0.9564385396251358,-4.450712568307909,0.47686559025814623,1.6437962628161142,1.4069968972196865,-4.8972978912701555,1.7820018536881437,-1.1351724891432813,2.3568628287287923,-1.7645318344550887
-719.4261716498285,-223.71827024043924,2520.6649700821636,-879.9975547877915,-8.63570206981422,0.0,-290.697288484978,-3.10419831772075,3.559127401211053,1.626439422827386,1.2366246217153238,-1.1890531715754875,1.3077722486097543,-1.8200169968942297,13.754102602310338,3.848573664983434,1.7276595248772115,18.62140336694575,3.243835279332637,-40.11697691559917,-8.833115788344172,8.683478053901675,-5.253603403041076,-7.75392485439137,-1.4799565094899787
-704.1752478770242,-102.75013424062054,2608.4484407543478,-434.42222163311146,10.29151968728491,0.0,2575.633163360782,2.434680992730007,0.859538711814008,-3.834921798052966,0.1092817573856105,-0.3837796212927507,-1.6675865455348,-61.115012918890436,-4.725727041856697,2.37849801651708,-0.9604888450195659,-37.851785701050915,2.8013955528711065,11.720544567808599,4.993885180701878,-1.6906991895603505,-0.9351045998515478,2.923295109121827,-4.290148862208501
308.4770135204228,926.8442828567286,3888.679706705544,-14.82152163690112,24.08701847595872,0.0,-265.9331539215862,-10.628372322080047,-3.3725228818783446,11.928627576030303,-16.042790469365123,0.35603054359339537,1.5948514821657342,10.597306831257987,1.8349053286773074,3.9684105118976616,12.07356528680504,-24.588604846767076,-0.47896431247932697,-12.91856216245071,-0.804964462954287,2.2432942512708793,4.724747756426859,3.9649923215816525,-2.339430284335421
-2020.3100328169444,573.7198010485806,-1865.4307242195882,18.41925967786534,6.2963240532535325,0.0,-309.18568372151844,20.169558403683286,3.054394633948627,0.6258973789073375,-2.2442326643146413,1.2423677827568087,2.582455647564733,-1.2520079762740466,4.8482235170704895,2.019029971384316,40.71454624591718,-2.903558616202285,2.020839724426931,-15.141821107136785,-2.28826880803179,-0.7974361132944026,-0.19174312130811205,2.3302744380706186,-8.539016169626377
-1339.0409160752738,912.2951476041021,3974.8149857188073,494.00778647535645,9.118108727774727,0.0,-277.67392168748563,12.958297730203704,-7.232377406492515,5.317559478173257,-24.52129989886432,2.3328647088548755,3.3699415300918583,9.374076877784843,-29.440052789704453,3.6388392855731806,-1.9251178065627403,21.201270681351733,2.283895934825078,-4.453166986600092,-2.0821157602371114,-2.846730078914073,-1.7163603233271183,-21.855351202969118,-2.3527378756432524
684.4632486681643,-307.50619402552786,333.6529944569388,938.2336565878155,11.044952699671729,0.0,-313.00378381293734,3.6384699395090023,1.6446294979732876,5.412297872537983,0.8089136195783923,10.2587763815878,-9.88347114718836,-1.5546676125453827,-3.223677285773252,0.052389627280598636,-4.181603201912969,6.697914525421283,4.228466356282119,-3.5197258230471373,20.9205412340175,5.930299723295586,3.1589623472539703,6.984554251443942,-12.051904835204786
1007.4680220044148,595.8002251532018,-1598.0259220881117,-523.9635184580546,-5.532668220183148,0.0,-307.5918872153925,-5.223640528933908,0.056613708745707106,-0.4942818549844852,1.91953380813986,1.7948124155143856,-2.2560892809383186,-1.3895182607536327,5.655532842452163,0.8351344469579071,21.486193281941198,5.413984826546671,2.8160451088984693,9.458483643620097,-8.109619233718066,-1.2652480637652002,0.06488467020675079,1.149749951748646,-3.9975304686581805
218.91578376081657,-866.6022134618565,-1614.8182926310267,-868.6990581540679,-14.747531117661838,0.0,-303.3442207584138,0.8907935364601339,0.43196323848305185,2.337177517304043,-0.2274580258925009,2.3083084355577026,-0.15967532339447932,-0.20167380121046063,-0.3380510369497305,0.5848128360082216,-0.5048350697533704,2.5926605152307993,7.780895401884238,-3.339820960605247,61.615586390044086,-1.0463758254393012,-1.188431543389869,-12.920638158645632,-2.1466719092112747
-433.27298296372817,-667.0012320787359,-770.7933173817868,-87.09598997684115,-5.054313144634583,0.0,-329.02455820887144,-2.351937540734005,0.5700283941424804,1.8400958413276278,0.5810935313200909,2.775112456023874,2.0766712235960902,-0.2938783493837838,2.3953906236231606,-11.877269397337683,-0.8133661066916341,3.208305436001921,0.41116155910913704,-3.1908907829126756,-1.7661812544328113,1.094211199057947,5.23776602856391,0.23806974341297088,-1.6919883483803757
2051.2831562330744,54.806417725629366,-1807.6512432076179,1049.626653441128,21.09100275223923,0.0,-254.89866845989454,69.3580223929794,0.4784319231528172,-0.6859945848445749,-2.9514825888446823,-47.96564645924775,0.8832028600362573,1.1905911566779337,-1.1217637373202263,0.05775117596871514,1.7254351715334095,-16.45598290407167,-31.835569689308713,1.5944394568056064,-1.8027244895129266,2.8522428811865193,-1.1801247900632805,-3.098233535489546,-2.2062113276266375
-1378.5422343099165,529.8115286442311,-2402.3059165717154,841.5165113766257,-11.838817631466856,0.0,2658.975142523916,34.61266798904763,-13.362924505676306,0.3738465281539469,1.774794957913951,10.622835180678132,-5.479546602777712,9.028016531371888,4.54683347635819,0.5357140794967892,-1.7885130285535804,-3.3421637470080583,3.6780972080841363,-7.129982565042808,2.6981632372257143,-1.470819546287073,4.3191137652358265,0.7491417096433524,-2.307403990011772
1804.9639362977125,158.03218425320614,-336.4637332403128,1005.0734383888253,10.646098555640089,0.0,-271.65241540745893,-15.643242954299307,0.6135380289790282,0.02147003690253596,-0.9406748278517457,16.006015775506498,-3.6211315705056095,-0.051707830913813084,0.29843385888120944,-1.2467630391647115,-3.270294357354978,15.31724555625826,6.799063992795261,4.150694842462962,-2.28381269656084,1.9871698032217344,6.806286335639138,-2.3056530109839435,-2.1338709927652992
-302.5417403579614,1375.0768773000746,-1546.7937303557844,46.998881911835745,-6.006407049509545,0.0,-307.66858163993874,8.118817593741957,0.24344776186608277,-2.300609663505408,6.635224434562478,1.482114063168192,-0.8429216183917976,1.3385852130803788,0.495488823932559,0.9556471498553644,-1.90304304238601,4.862964473200117,2.0541622358887666,11.124975241185847,-11.093929702379555,11.025846476337929,0.3408983255680745,-3.863029816252011,-3.481220698627255
-1486.4052466435908,568.3697637071356,-1889.6498742014617,-959.6785373455372,14.204087295669668,0.0,-317.12633720695464,-9.469075280638075,1.1654278569418164,0.455910245549069,18.651181249900016,0.3687650127976568,-3.4140626047785365,1.5986560819287956,3.0795502334130376,0.441907648078661,-0.5458270192806334,9.12886123323376,6.749917042273276,5.773550740986901,129.91509185312904,2.1848463681427366,1.4251507078733041,27.841688530959534,-0.6330046118696759
-1739.930076518173,-61.86903810525391,-1589.6487880522782,-6.532170006793867,-2.1752378961899526,0.0,-302.73641109244886,5.085799718647327,0.7615280321807429,0.7623025778896504,-0.3593953107156107,1.5391677231353564,2.1262687616102816,-0.7881491796126223,4.029924466950154,0.1932073359216001,6.69655412622819,0.6049977956675872,-10.722079355379863,6.7378501633087735,-2.392400640219992,3.2286745341488836,-1.080713353537178,-0.36430278848812925,-1.5736779901780367
2121.12229191545,961.5041820178377,-365.86404044238617,-927.0324417934884,-10.996063773711212,0.0,-302.92488824674325,-7.825627430624939,0.07602070647191776,-3.0246705648588104,-0.6413396672084439,0.3627952691596691,-0.8174993138427902,-6.38848804447051,1.6112321860351608,5.696512117002647,-1.139286416431346,4.912599801361594,-48.2395619616754,12.194486897195757,-15.828695458504855,3.2826152011533005,-1.2291696362438034,-26.87929530105293,3.2629049132652264
-2034.196155020922,-161.8410867771802,264.69018774585845,497.6308481358805,-0.46291015653060097,0.0,-309.605637608633,3.7086147275302856,8.466518274750275,0.6406428953908769,-0.17489314162344405,2.3689873375399295,0.06807044044063532,-4.097055030906823,0.12937782036863854,3.414515567098947,-1.330883411262094,-3.1087383917266784,1.6777878305388454,6.044949520472266,0.6481524477039656,8.9027411169896,0.3806824103897966,-7.075697740232824,-3.952511772492483
-480.1543178945656,637.3694455683711,-1577.2843029012606,0.9426854041916588,0.5345158904977296,0.0,-309.3800018340391,-27.75606018452146,-0.12002552802482562,-5.637444896920615,-3.6293075685556024,1.832205717939291,0.15778565497069508,0.596421496290361,6.613247308867232,1.3183829507388078,-4.999167694068245,-4.964668949836515,2.1381018446616014,-89.81305858816603,-6.754017501157029,-2.268637212823719,-2.6112014871747635,-15.566142867992534,-3.459499997278695
1097.5910391618424,632.8700946074684,-1637.31669648747,-1039.955857046664,12.040881073183801,0.0,-293.6054826746786,-0.4584736534467216,0.1639316503238755,0.2639092261612548,0.1511795352341426,0.48653529502483156,-1.9667848160434758,14.39200876316553,3.2288802867364006,-1.9383916439729845,-0.7099725831987235,-8.089694788880445,-27.523804231099014,8.443899983636289,-33.12961243222384,-12.053764724091367,0.7502715206505169,9.762219474190703,6.298473299614077
233.21967108964355,-557.8479783944549,-427.1776459322452,993.6012886120168,9.21450393894179,0.0,-305.3939425870925,3.8799412811484455,-11.587978326628608,5.414511625331736,0.6682219832698844,12.514286432695178,1.0169780102354176,-2.0716633555583956,0.3334193515991706,-0.6778627522269108,-4.164545455487703,-3.3628937654318585,5.118857860194384,-11.45932996809486,20.963339638716896,1.4771488492121687,1.1552159261876347,4.749176995311818,-3.485910566617501
-940.906572375282,-181.5656679985209,3936.4522527062873,977.2153006376138,-1.3631023923489314,0.0,-277.28488801052436,51.68470162640713,2.651244030104759,-89.66629329167658,-11.39038149365511,3.0408171429918514,4.461759050891693,8.083116365598654,-4.303240449149586,5.715020567825634,0.9912313880825131,2.920235475318039,4.129464658643617,-1.8493614984998281,5.07040813386095,17.700640949105885,16.249936465890958,3.8219276637908792,-16.149390129188195
-1454.6833859715418,532.4577423818696,340.35862210291333,-923.9405677488094,-8.17101068829661,0.0,-330.7563499930212,-12.839789565838155,1.1208971497409583,0.6841840228998083,-2.1085833123225886,1.016116942248546,-5.040244500734184,-0.21554512012961116,-44.633803317671266,0.28336005950942816,-0.8607884330089695,-11.768369074032952,2.082635563876842,6.4996849594491195,94.25477693536274,1.1820733850404592,-0.8093738233836991,24.127363675097342,-2.4369141852555254
-756.2569651265345,-390.29529736884376,1061.854669526355,-455.33173673862217,24.931905251603826,0.0,-281.7062755253786,-1.6128724650450976,-7.05740021661209,8.159817394496956,2.7056764112890384,1.1106873074511396,1.818524779475462,-0.863535840548803,0.8146872925324822,-2.357236275528459,-2.8426877471492555,0.10941432566835801,5.344496059215852,1.9001402927949338,-5.701794654744647,-14.399518925303525,0.5227874931907126,0.6519524239448967,-1.3956700002989915
1537.6017355613094,-145.05085296428044,-1894.614885842102,1017.4828584890538,-2.4656990949558084,0.0,-286.9917739376651,39.262276036104126,1.0226173410249904,1.4881257677005002,2.6227041336581634,5.884642654810386,1.7263828745223637,4.656653512811208,0.00513431899290126,0.5747208937906099,-11.035962092136709,3.394173484202728,3.598490535481729,-1.4981797963610335,-2.686197669050097,-2.819301608600365,0.3991009151416485,-1.907203104209797,-1.6667344980362029
704.8173739046392,17.947104519117374,-717.3581746342991,-13.37988494782399,10.764162371288453,0.0,-293.8155232002262,2.9393895696941423,0.6054493814465715,0.6957853221868596,0.3631624177691831,2.071209742814509,-0.06999924448475141,0.723050125551041,-10.230826170144438,-0.014082793895932456,-2.6497710291490284,-2.0543154510011887,2.6389801571745686,10.172699206634263,-3.7626781094682156,6.699101195228355,-2.99697742625686,-6.11388435529691,2.9528472445842704
-1768.7391621562228,385.65712477441355,-1188.339291220457,-1007.7991601026123,5.9878224746781825,0.0,-329.8924659399619,-6.148455846582063,2.4615351941115304,0.47880165839574423,-1.254154743128588,0.9451207735098607,-2.657387136288383,1.1891566112476373,4.068390664042896,-2.4440862038843285,-0.743886538476358,-12.532694856315223,-24.16816134618132,10.70620769367175,-14.30759168665053,-1.2517609238627698,0.22141659030371885,-3.8868058331711293,3.6908488635329246
-690.2462991933453,504.2369881111021,-353.5884422213208,943.917635054906,6.049780484313035,0.0,-315.86507190714224,25.964541604090012,0.7436836139242031,0.844024309215704,1.218939430085248,6.217822505936249,0.7485157828946143,8.568115793066863,-1.146171532794871,-3.531679465881426,-3.2378197249429252,-3.307459339579555,2.731713008682214,5.610556471680442,-3.687592610388939,-25.541490309543082,-0.2701858459194874,2.328784237739417,35.38728330363524
-2020.5580358827929,-351.77599903658995,3850.396439175109,-938.6528099388246,-3.221883256662437,0.0,-278.7925376006498,-21.25331557204895,6.010204939166634,7.973642493730875,-12.65511863105351,-0.35914734313989544,-1.3164338784237144,3.0807275767636297,-1.2823674686556001,-51.194999042528075,-0.007094066473701036,-26.415716011890773,-41.58932511084168,3.5407625523272355,-6.100638316591913,7.624595977699829,0.441404801749728,-23.40127775647084,21.94197208424984
647.5916586540842,-327.5054633101641,-1224.309930146943,-81.7528784479752,10.334185875643964,0.0,-319.8933944809094,-1.406151676572322,0.5390096788868267,0.6085359384244491,0.2784904550198726,2.4815742201460163,1.2111812652814533,2.882934496059777,-0.9912756631000506,-2.5494300094072697,-2.4865270248256683,3.157884747941669,-8.463361865755136,2.89877445099708,-6.989665973168723,4.401642172581505,-0.9586755250679809,-1.5370224213574533,-0.7302947349952275
-1548.0411483925266,-370.3203954300955,209.52072151287365,-73.058382644945,9.38233584518558,0.0,-316.9745406934111,-2.0389693652286742,2.0481631726318734,1.009224168197078,-1.1241911696468874,1.459737485055044,0.9603741106311242,-1.1227763977014666,7.264495620501019,0.1247565660912317,-1.5622622703721332,-8.24144100435362,2.427675258483837,-15.178532461538655,0.853622498497455,9.340573892530879,0.6411947205326923,-6.105830512012194,-6.688827766358464
-1870.3146741521746,-209.94986118545137,-641.3750952147486,-826.4549601529042,23.496103879318973,0.0,2848.4711951728223,4.914898732425174,3.5918260710933985,0.6378223632470268,1.1520231071416944,-37.70950799142256,-3.825206664287472,1.1709884405480113,1.4292564145835354,3.5848897361963354,-0.46306942743536217,-8.497639428372082,3.2102808518401855,2.078849415894499,-4.5703575295217,-0.15434190756191146,0.3073743792597951,-1.802178558798399,-11.273705236879968
-2026.8168878937815,92.97917211874764,-781.8475023087861,-493.1527440361476,2.105080915983774,0.0,-323.41880985765584,-3.7880821596260077,9.830948783535385,3.927284585358541,4.402663900698204,-0.8735978776109271,2.3601719947944226,-1.1217660911305072,6.090764790827945,-32.38615660346032,-0.8033301222238235,0.6096790039437247,1.0630190608820362,4.312087825296279,0.34239648031954795,-0.502631261890714,1.4224257247527823,1.7383850708205342,-14.161614803964959
1635.1155280119706,-671.7109072702644,-282.6864419852311,-434.565589579582,33.99247031565492,0.0,-296.18055811082587,0.9140681221122126,0.6644304637731915,1.0866105414924685,0.16885293962408782,3.030817621428441,0.4579362821237478,-0.8009701694940815,5.2512685140384034,14.864224671192133,-2.6247701709034286,2.031122098555083,2.3040272003068765,-0.8460900872119181,-2.834404113647105,-4.9397804692756235,0.8241135927536747,-5.3899177622738925,-0.6964315706745202
629.4552382148897,295.4880927167166,-1096.3595705521395,-979.3638052893579,-9.025716596366301,0.0,-305.5643241712461,3.4633771316454602,3.19519669473088,0.5378307985228042,-1.4774824788561374,-0.006682961146476672,-1.2217807936591227,-1.3125917867261496,1.0684533817803137,3.428112631735808,-0.9401316545723966,2.827161741533354,-5.4533923536993765,8.580508223019335,-22.566289999828903,-3.895602143199405,1.3410009746967688,6.8248861593516335,28.7477198592358
-1602.5832286940938,568.3491925002883,-2141.784895253667,20.702155163973583,20.765512213445085,0.0,-298.8041302202344,20.305802762355214,0.1707386266208655,0.9198044567876295,-2.358004868369748,0.5529515036163787,0.027693182685797752,4.603956016955837,-80.95981163182887,0.9151213125278959,-1.699252551090479,7.398721013824937,4.282169945956422,17.998982402597896,-11.004382019710508,4.797112067234528,1.3159641126274642,34.45249364488627,2.065040990097187
1102.562419933706,283.8513898317269,1005.5868724871624,907.1722129380092,0.7385169897670911,0.0,-278.66211321838136,8.668986411922363,1.0904072425670563,-2.9996874157647135,-2.044928911179801,3.1534046855683426,0.40418854216676814,2.3742674387972516,-2.131460257115738,0.9747832443110088,-6.971878303936285,4.814548528203646,2.112962559995546,2.8001546833319564,-16.297425384166,-37.96699082743973,-0.6405705167002799,1.3812419486760235,-10.614299287855795
1035.5413205702775,-409.7198150529779,255.0663252655964,397.00851001879187,-25.077032861579667,0.0,-315.02439128571496,-2.4305637271631286,0.717944421808638,-6.752373489795552,0.4208366726089206,4.395953220403959,1.0520952687701115,0.14622086847893964,-0.24870660449215698,-0.22939797018019503,-4.74813251205113,-3.250993071766558,1.9716552247708365,-10.140183741489803,-3.6896237152862628,6.9339616035108795,-6.124617311894883,-1.9536368231303418,5.099994189282393
1766.521635287947,154.2474352380396,-408.77957270304535,404.78629208276215,12.2270950822746,0.0,-282.64976812961453,-1.7834472975209896,1.5605030672003255,-1.184820259275047,-0.2925702800391371,5.0311107654411495,3.5573860608500834,0.3345481078669534,2.053352475102421,28.27067116304392,-1.2253734241429957,0.4230496975856434,0.8746542436740995,2.6434997933084334,-2.9188119704285898,-39.454574472043,-3.0288244217083644,3.5378965609450095,-0.9055392308012987
-647.4045194384154,670.9228113761864,-1605.6408364511237,-370.7970703450736,-2.222848576434864,0.0,-303.8510949689131,0.04905232597592558,0.31071191069078863,0.13451331152146973,-0.7651041740435078,0.7217762853319791,-1.9435200224267652,0.25341979738998366,6.570540253817739,0.7208287524815008,-1.0349906485675022,-1.9613542771135055,-11.777983692671564,17.301645589750404,-6.261746761127131,-5.053558485034251,0.11180285013338327,-3.6620893905043386,20.198571573881384
-1128.2848757784313,-458.7253029409011,-754.2587513558619,-67.03362480560196,-1.6480306988659472,0.0,-332.0118464377962,-1.5039724753735033,0.8974092848705735,7.22721634043102,2.5752657798625687,1.6477820403451502,1.865349987915556,1.6400962209219594,5.79450285833881,0.5164344912268808,-0.8400791177168573,0.22517369872388512,1.3221260417541711,1.6645088495702716,-2.36624002634485,-21.468225027459365,-3.7923365219553937,-1.834758284980622,-1.5024883698231724
1054.4671503437644,-254.14184281835068,-762.4380544578949,-980.5869195611635,21.871464737336858,0.0,-298.09032130503795,2.2199591044345004,0.6942661015324179,0.7676824425227496,0.3996841337792753,0.39440728487510673,1.8590055850835534,5.295268087909618,2.424668246465059,-5.761133642217101,-0.962583077280054,-3.356509978501842,-18.174614386606443,3.841138979831712,-17.05883942184986,0.6099699153001172,-0.4317034144062124,6.538121591662066,-1.5073182292912197
980.2958855130396,146.6782628541738,-337.4461255360294,-18.97255504985419,2.064420110320094,0.0,-283.550613090257,-0.1946002115276407,0.46325106797452925,0.12555209738944167,-0.7152749127784513,1.8242291080927866,0.1510084398790285,1.9982388070228516,2.9336973418506442,0.1885373556642744,-4.557398334842884,8.788412570261478,1.703077167655648,-25.28633987085797,-3.483023455034632,-0.7861996850864599,-0.8606899899394131,-8.446117671875344,-5.075361564164848
1856.6063106045608,-870.2856268642895,3782.17834372432,-17.791026218132824,-12.822695197432623,0.0,-257.8739877134615,-3.5760927123090185,0.33136390958675754,6.523488868469171,-0.4763896080285215,2.7277385903070686,4.204223426775465,0.6599398073399775,2.1512605371441658,-21.335996948880222,3.304824672145379,9.541388511314304,-8.836329893040356,-4.150839669482524,-2.1663139902390727,-22.98264259379641,-8.000625507474865,13.771756506172784,-0.850300760895905
-1346.1944505645572,679.4105094015658,1092.208423559613,977.225284642617,6.869158850523349,0.0,-304.7339445559072,24.82447137113387,0.25915201199826526,-0.7258153224309157,-2.962223406208082,4.160618533639202,-11.15758457917307,6.568900026358922,3.8757425101909884,1.2845559642590645,-4.545200721120384,-16.544378273018832,1.899844859551481,-61.20282902881139,-5.356142260489678,-12.234100431773193,-2.9090346491479067,-7.588425630923321,-14.768404832978218
298.2119001166811,12.557354154208605,-845.9323952891946,-561.2053061173051,-4.688474487467571,0.0,-301.35741488500014,-3.1028311369952526,-6.08833207316584,0.42740804087812695,0.10230803022884805,2.148492686119062,0.6908142071694086,-0.8156912011850437,1.6013297672923064,-1.9743787889550393,-0.9687360960711757,-0.873375630022291,-17.790789531332088,16.959763142287784,-3.181556900270295,-0.48436173295454865,-1.1402538950154495,-2.3984578010819537,-1.3054231674875176
-1088.108253800951,-52.726388057731036,-290.03732164803904,-362.0517471825908,1.5939522183341444,0.0,2668.783075719863,4.660785757148648,0.7893239406742802,0.0797752742528445,6.327382477230347,5.836816977247317,-2.7663465565023664,13.533249603892527,1.6245769784942707,-0.383892178500306,-1.4245565506631657,10.210952480865675,7.269025842087048,13.592962598429718,0.48670181669930257,-3.347336010593066,0.07233918361077055,2.751204579549581,-12.93848333200726
743.4393271020349,354.7537386553446,4180.8141267521305,705.713125184148,4.357955489119636,0.0,2646.348692926261,21.251961870058018,-0.06191232319057986,12.199501679053517,123.08784395449028,8.67628360812645,2.800009825766561,15.976747909025296,-2.518853929774001,3.5578896925920644,-1.1918341236502548,-5.199678817086829,13.57380304215947,30.024035340242662,-4.063238172984556,0.5467881573937603,-1.26061815814451,-12.824064065391362,-7.56466246198906
1395.753844013008,-218.1052359052327,2603.243860772735,995.405250091766,-0.5749960932513065,0.0,-266.1192599744354,-38.01218997865538,0.32932779656299865,-0.1437349228648109,2.372373861663129,3.1351903132191903,1.127409110569748,-6.133962377795015,4.44366216621778,-0.6705002371618766,1.3190907806049337,-10.601441776861133,4.044977922941977,-5.847237833451521,26.62597250861127,7.059043323755615,-1.694501631726839,-4.748825029457412,-16.83905722531326
1452.0267572112907,364.22195483215955,1110.8646616539252,-895.5537023342572,-3.872287447288953,0.0,-289.30890489538945,0.44491024715610494,1.4548221352028936,11.6686740548166,-1.4838176885263625,-0.313916130290715,-1.720316824940808,-1.5451638435076325,2.877902040125247,-0.09157985404234395,-2.1244378837413675,4.246143888344645,2.080237163416193,6.302450149300229,-7.858221642998886,31.542714494613826,-2.662155867810763,-3.5813029234895737,-3.3856929725105904
-1397.1647290534054,1523.6403784477582,1119.2606799189502,-14.34350045052393,-1.7693257996244616,0.0,-267.9244363072264,-28.75986550376599,0.22245192983874643,0.6879529388012049,-2.8259452322720082,1.3526883904583413,0.4087723188256129,0.09480206715208209,3.5653041208476615,-5.410184567180837,-1.4483122296083533,-6.755376753536007,1.8475309026977556,-110.70650913890417,-6.158150776489902,-5.544486493005737,-6.166438042593135,-15.102601120630034,-3.429487179404621
583.1517456463988,-47.116994997262346,-2310.4158643849864,513.1924001240991,11.94903692711898,0.0,-293.942623169861,5.287943685830386,0.4775552307584297,-5.697605616940133,1.7819267890552861,3.251688428703028,1.0537540338942994,-2.5242474187357553,4.808481066407772,2.085880059332221,-1.1840623159932369,1.7937690378449938,-1.8520718216389824,9.859631825685728,-3.7908420051452416,0.6161758441561224,9.581686786651801,-1.634280903015208,1.063657142528271
1020.4944851317044,-2.5146199818964474,2439.0948135559997,-936.8243328879761,-8.827830543169538,0.0,-291.72406119626106,9.867290789051292,-0.4578709644922704,-1.5257260114038198,1.003619034960792,-0.3236239515227722,0.45379948494720557,-2.3032081114034937,-1.4124268584534638,2.2674133162150203,-0.24056647182419533,-5.647925230628633,3.923184218705519,19.897545600194047,103.73419723797991,-5.503236299829738,-0.959986616056249,38.886652877716074,-2.080371619406909
-67.6256996419678,-366.37768412812295,934.9609123993433,867.7205434852947,-5.245670712043576,0.0,-292.7860586529086,-6.966329056572159,0.7427170303336829,7.264841405764346,-23.386754891192265,-1.439385359329019,2.0262937641570176,-6.418742658274828,-0.5094382326189263,0.5166794958728307,-4.36825346329247,7.282482601545945,2.572443959846177,-17.406106057740004,-0.20074571785134843,-35.67833271837561,-0.1527719997646942,3.573406290616335,-7.304634985717581
1071.958562095103,-163.86395593625008,2514.634861237812,559.4238119867763,-66.60317303557271,0.0,2770.467396223211,8.44270483062331,-1.9494169151267435,0.24295246484231106,3.46083896951127,-119.90016049058335,-3.7719996554586834,1.552919007504736,-5.2003456723492825,1.0378351880639751,-1.7855704729366466,10.799344541001275,5.477215056539036,6.439771455800379,-5.834370020276871,4.6339384099255065,27.45725942797779,0.35167918708919554,-2.989782024614146
998.3948581838407,-768.1609780088492,3977.551128037772,-467.79377890305,-10.631851454098046,0.0,-275.66413670792076,17.60260404565233,0.2670907832665902,3.3461184680637928,-0.23510962949756897,3.96652256120846,-2.791572899779832,0.05924981178149426,5.558678421283348,0.763408067643548,1.011681510034625,-25.108156684516683,-8.785466732602403,-0.7943411587465348,-1.035232755437848,-7.3263768913584135,-8.559250802638212,5.692949699965637,-4.629454280962728
1077.1907374337532,-148.14101048702983,-2158.902304724552,446.9491667779811,-1.2705152042029828,0.0,-291.017571237136,1.593567625218976,0.6258573035196687,0.5173969871388747,3.7723865174963067,4.774471254065242,-0.4830583841081995,-20.16737383979017,5.160960797203189,1.3360607204034542,-1.9922776651204832,-7.417056859384081,6.553452816888966,-3.19700305500566,22.30747049373974,-1.0133654477620333,6.055102085872057,-2.7918726071233047,1.4318471598187477
-387.297466696036,562.369134296329,-778.1973024024013,-72.68006773194924,8.032705040665116,0.0,-316.8976964175799,-3.5866916647413865,0.11742519347539498,3.002344180089595,4.468107349900561,1.7088197037324742,-0.01959276726092513,0.35541620067173646,-73.91990100248277,0.7871531503461506,-2.733754487856127,4.972770622190606,2.4043887129923425,7.749710903435722,-6.045082756307622,-25.14002356121302,-1.8421029798190585,-8.273553695827207,-2.6631559321221125
-757.494023114432,-1291.7390906889273,-822.0120099996162,455.69858095585766,-5.573492781121758,0.0,-295.52384476247033,-4.722822272101159,0.44477679503387807,1.9446332449040231,0.11073908716074271,5.6375644673709315,0.24590829117630175,0.1438472379170252,12.895547865547847,2.9696807456082164,-0.3681470572533796,22.291194680676103,1.080152460532852,-8.819384040455079,-2.3055166844538246,3.4897913407848167,10.036099845218557,-5.271302944238453,-13.192619663865711
-1966.9961269129153,117.49930439140415,-1103.2788935733668,468.714655506676,-1.6332741058556726,0.0,-318.37374136325127,-6.099219159763766,8.472742718598852,-1.0404854038329825,-0.5400467159988785,1.4333687636778536,2.383891953814406,2.730041820499751,2.4448837842313322,3.8567518249689465,6.8669604027436435,-1.0560757459656027,4.47829240338289,1.1928504029776907,-0.17161745073884796,0.3569850957556431,4.41702444266158,-0.5459810303448573,40.284610720332104
1360.3267051474675,1176.1082779537621,-1940.235589818625,-566.2458200020258,22.99283688200966,0.0,-295.27980315514674,2.830368322766165,0.8820999125111382,-3.9523065035267058,3.1053116239537997,2.6599996878780265,9.878249322974936,0.7257864932289295,3.8897170544297994,0.36051009345702023,-0.9425849390183387,-0.20887544645160092,2.221058450855147,9.711194358687811,-8.949648326768004,-14.822657612186747,-2.722899503527337,-2.9335505306795633,22.711010973617913
1501.8425711945695,468.39181812649235,1032.7853173787066,-963.7770261879548,-11.578047378034174,0.0,-291.574197580999,4.680144059417998,0.14579405827433567,0.6139655624236343,6.9246006771137285,-0.7003558807394853,-2.9598735443148967,-1.0749617228938924,2.08194363685534,-0.7378808218407573,-1.3012817642746153,-4.113177793673326,-10.117618556998288,3.778906633943755,-17.154122599971902,-0.39946311917172456,0.9434556861862305,11.871240722937916,-3.3981934316487554
-83.85100777348428,241.8801649223917,-772.1951836873026,-917.0892167560634,-0.9064330189731784,0.0,-295.0459885582891,-1.8142716417150828,2.2183621509180935,1.1589836183525812,-1.2023644443972166,-16.76185107333345,-1.1564488789969045,-0.7273204396540396,1.7854946427946539,-0.34905718533811525,-0.8442930203166689,-3.4869591183780115,-9.648660960417871,4.862178489991948,-27.555983910037114,-4.623134341815132,-0.8750893037404435,10.417720940003552,18.753859453817807
-214.7680200920493,-608.8658267307397,-1630.4405325036273,953.218442011263,9.498172707015527,0.0,2761.5146742625034,4.741913147200938,0.699184270526045,0.9036183622136515,8.489267226189698,10.676160823634078,18.707606281755137,2.93361249097358,1.7671440501373226,2.640622944051461,-0.4875045184635064,6.925554932441691,-23.06968242780218,-4.750233734417431,-1.8656876281133394,2.5738622667937108,-1.0045347345658455,-3.088053331379355,-1.1417041563341899
-344.07162664833777,-596.2546935183129,-1622.5557644292555,-99.23763302998422,-20.075780585003752,0.0,-305.26079606509,4.303015072333753,0.6348292516559262,6.171555903647369,0.04795225335012596,0.7014306094109679,1.548354689519634,0.48951375303154177,6.336714724821707,2.0374232676377906,7.546293706493749,-0.47201269852162175,2.225028066492275,3.0623706143522433,-0.862420702703214,-22.716368789898315,-4.8553528866410165,-2.30875003885611,2.5171651124816026
-1280.1029663523004,-171.74873409364193,2488.126168613644,-427.6490698471252,0.47933370380185636,0.0,-301.2662684185089,-3.3369227467679257,0.7317545548895869,-1.8227988246301208,2.547144476632707,1.099280419544761,1.1754617948094261,-3.765038936987713,2.072958812698471,2.6387989583782243,0.3907683697859443,-5.949999621655557,2.4918582922448977,8.169018200118565,-7.150852831948649,16.23242336658814,-3.6815634408201365,-1.4667558757519144,-4.109471311484388
1612.7057355132508,-685.1004518636581,-300.46593236161976,-938.9915398220757,-15.35453713386237,0.0,-285.36150456219406,-9.923008268008617,0.5362170468865528,1.4352251592639371,4.085959392414314,3.1150722072340953,0.43707154401005377,-1.8537863625019986,6.919957068524898,-2.2921370302089232,-1.1530561433105968,1.468346826880627,3.6027660628938234,12.192378068338549,-4.0586634942485675,-1.2614903882837993,-0.7986978734361344,-4.895118638980795,-4.263773440130941
1154.1794577266605,-256.46692063330465,-296.7185453472508,-344.1215862417244,-6.105021143001394,0.0,2754.2995592465804,1.64763193016371,0.614911809157717,0.07169270301942379,6.484902816483067,3.936638030560693,-2.0401651262941436,5.330208898414593,1.451460338730726,-1.0080672769613535,-3.06910106677336,1.9055778163338795,-39.51696263989769,5.249009790151697,-6.468127002940467,2.3650916436401532,-2.9513248707351267,-1.1174748718990877,-12.709220891565277
-456.4505276260045,-550.054633809817,1066.2753287413664,-437.6042359287035,-7.4631144495864445,0.0,-284.333476759846,1.4812840625529407,0.7277242071214287,2.3934027448995976,0.18641315301630365,1.2624341114470963,1.6298461836565448,-2.073450424160937,1.3136633627241197,0.07399774520409175,21.89964265885539,0.4703043456479501,2.8468254129406185,-0.4966156017089954,-2.295355802140543,0.016158580684156647,6.779356226895959,1.7961779665775475,0.4553913613040482
-1000.2453039581725,604.2172009956095,1090.6040614573967,-46.76737471253342,7.129995253652721,0.0,-280.2698874205171,3.9226842011565886,-0.04856680435761519,-1.8129085058558672,0.9202933014593744,1.2109860128114025,-1.9721622490625632,0.08687678997019627,3.571457194237716,-11.150419307719877,-3.16524804841734,-4.3306354039628445,1.868155367178948,4.717333159963801,-6.454386345890038,-5.711193701258029,1.3772381893213936,-2.6219281481152232,-3.2950215022847504
-1352.9820896823887,-403.70362332121806,-783.0331244947306,-444.1370392914449,-13.960251167965831,0.0,-333.1325060680793,-3.6565210002899775,0.6204607417659975,-19.528542726590917,-0.23756923222308782,1.6514759181690002,1.2381462607687554,-2.072873283525709,0.9631371017757037,-0.7566182895276812,-1.1041057467818893,2.5001896711028104,3.287209609189233,1.4607682930233312,-3.394452520503322,17.656650511125225,-5.172023320144845,-1.4884555674247373,-3.6923317207344524
628.2684977337248,-566.324027482299,-364.10034488988435,-1060.7796541094285,-20.379211725595,0.0,-315.12332109988375,-0.17292272652222837,0.6499648114317698,0.39472052790591766,-0.15053259482405956,1.832237901626275,0.9528875819032955,-3.568334442491799,-27.342923477514013,-0.8758079395135117,-1.5379499705038127,8.216746838531748,3.594514207585406,0.736068337734705,-13.801321721311057,2.300505767277441,20.91681031916442,-2.121825948482068,-4.990078237036398
1910.870007900018,11.886065644417677,-2392.699817681423,-902.8761201937933,44.2603953677899,0.0,-265.4087568567711,-10.192245733170232,0.7312136790589204,-0.1975483775689831,1.0987343199846766,-2.951942773651161,2.4574016518232247,2.151652432788205,1.935353926881543,-1.878054968198251,-1.8746862464615521,-6.538507009699266,7.384656694584281,-0.9397292858398076,-6.2056086034475815,1.6317368050580647,-65.68271034664043,-4.07237976302494,14.760886786910527
1466.443945502285,-1449.163611388603,2328.2221539797665,-174.6172623833935,-6.697034388986097,0.0,-264.6348772476842,-6.315768887615834,0.4118680414823865,0.9346587354762319,-0.6225270301668686,2.5599751366541064,-2.7241646624736466,-1.9830592327805434,3.1936026706763028,0.7504100576888457,-29.23198308993708,8.97447627342626,1.4134845427108376,-3.1294972079757195,20.574840646272456,5.663630641515151,-0.8430928241694438,5.814246808066085,-15.467032124320417
-2028.5947896657892,-371.92480293583105,-1570.073926030533,-38.63098127484404,14.98202621381794,0.0,-316.9911887959554,-5.756751964117361,4.402378121198246,-81.9246931696794,1.6964962493916897,-1.6577223389837863,3.212032804066701,-0.7301177435055936,6.2890502328637305,2.66658633201494,-0.6711385542600349,-0.648710580549811,4.502427058156827,1.7971491575838325,-2.6795970721609357,-71.02406470318888,4.239350166434687,17.777214093377474,-1.694260403560313
-1844.3545156395376,510.8707921147094,-824.3549188360009,-55.20489889936942,17.124190219737528,0.0,-318.9740047490182,-3.4389174483223584,11.356539484450927,0.3076408372767204,-1.587719978140346,0.03951963329066553,-1.3143254800088404,2.456205332841524,2.9479572877700737,3.799524163792531,-0.9806206952488308,-0.34297869791122043,2.8926414942850354,6.910463076705241,-0.34491779524812033,9.599222331593454,-0.5261538039025436,7.904387498097922,47.67906671158661
1587.9182638012117,805.9620647839572,2501.1601301909855,-1015.694542529159,-9.568171389742208,0.0,-277.1610937404387,2.8897427491991374,-3.7576675826293893,-2.0175175908081897,-1.0753342799923014,0.06273562556564602,-3.5941956616953528,-3.2200433361539047,2.597136525220455,10.434666197376144,-1.414604886959414,1.7447604668433119,-9.979521605704514,12.228256022320517,-18.255738844190073,-4.7944513254164685,-2.704322640693481,-26.62249227270791,-2.692580849718558
333.6563794441567,9.554445071123302,-1823.1921802096533,1057.4983129115094,-0.6397114668331714,0.0,-285.0572090227421,-55.68891093756327,0.492475072011952,-27.570061140498147,2.102854967579262,10.051334690927554,3.757954148870476,-1.7191842133043598,0.8763451747610768,0.25952853785774155,-0.6637063443704868,-3.7782862413095955,2.4497926914046646,-0.22809346293145386,17.098041621464404,3.8879311318428926,-0.8801620406927646,-2.9757823069999,-1.4698180497216906
479.07667213407797,1026.865625916123,-366.899709004835,-548.0908534384823,-25.61164674827275,0.0,-346.38480852875784,2.653459108700213,0.1238389739511685,4.246441933616761,-0.9291357739355838,1.478198519592664,-2.4531498144899007,-1.0514361224979925,0.41846691621489285,0.47751180144308913,-2.572979547971148,-2.168819074205895,2.288645973607478,9.199420058382765,-8.98368761010701,3.7676005029001396,-2.9716875720321556,-4.524049232674481,-9.78763939429851
-1652.2411770621131,507.33278230568465,-1953.6523720585772,-1033.7801727515428,-3.7324274991085664,0.0,-316.692966193316,3.6266144603859547,2.3622810630881728,0.8461512949702207,8.502201519343995,0.17938781971074205,-3.5702365858899427,1.1173180478421434,1.69342739793538,-0.358252915224397,-0.4481908416379513,8.642472028447704,-34.09580823021996,5.602617852544077,-30.324064013652766,-4.395707645731497,0.6037434069455664,9.951709141865312,2.366890665808299
-1649.6383290217957,-56.01197625430775,-785.7800051511653,-885.966121174363,8.916908391175252,0.0,-342.1745787343088,-9.574730918430102,5.119023452406676,3.323689596943933,4.395075807032384,-0.721232206113427,-6.339307468012142,-1.9145984064631398,4.8716922368834235,-0.7438019780377034,-0.37547901068815004,-2.7227163071199354,3.8950550781395386,18.000442372967537,-3.549751559798702,45.675291160706,-3.651026579890688,-0.14126251070508034,-7.828097410745665
1279.8981789195707,-181.14406940672947,4157.790355028564,1065.0687903562757,-5.804774768684861,0.0,-243.84137514387535,5.727617839551471,1.5402410746583706,2.0067034188043977,-13.330723044296821,5.803930648831163,-65.4899236428637,9.855813807578672,-2.9637454191197317,0.9942104237624997,-1.0820893392728017,10.875200727642227,11.187032621406955,12.57688088797864,-3.1715406548992124,13.247332244959361,-1.6417976892497457,-19.06897161089603,-17.811299683812027
-14.390005228841131,-724.0617587465781,-1211.2378331337864,934.2703682935805,-1.496293676080413,0.0,-309.84839342728503,-0.3927325010019271,0.761632326987506,7.4109939895091665,5.073677041293816,8.72948715335462,2.414830435219002,-18.312938218042703,1.912751649293649,2.261502057852659,-2.4580039805038862,-3.5991985700669256,1.5295032428996942,-6.8965198980295215,-0.9686657488427928,-15.678971571253797,-1.1347964050249941,1.9487945424463213,-2.792415787824997
1056.7017160031646,124.75234082288392,-2289.9258637600988,-57.66190382040289,5.891769778061236,0.0,-281.1874746468604,-8.296932191413573,0.40827637355662666,0.30872980647363263,1.1950052752139992,1.8127477251451465,1.1128319312255504,-0.5671257116804982,6.035478641113788,2.685092459084827,6.447007876333266,1.0059596386814345,3.4550590576894336,2.6331714459144857,18.322077671842557,3.4541618315896945,3.6794511594524697,-4.307620643325515,1.275958832990461
599.4248870536316,-325.74216126386773,-2281.1625229474084,-531.1920982863553,40.491469575872486,0.0,-302.45462444920867,7.007434082115479,0.5908558566461726,0.8081862814433423,0.6057662199319432,1.841203938352768,0.22660047749255502,2.547871127052697,4.06567535718499,0.7856816643833133,-7.229615432101892,-3.1144458143253426,6.718486003397163,-1.8815122913509637,-6.767609294938357,4.497230596928464,-0.03365866032531789,-12.32507150237188,5.161701336295664
307.9176636384371,-428.9703290144007,4022.011203088578,-539.3249785102845,-7.958893848691027,0.0,-248.14633424316352,1.5617665408016783,-0.1486070277120142,15.163267704169371,-13.725949624214623,2.652714033942156,1.4212102246214429,6.902208916187427,1.332927128749792,0.1270026846276699,8.144431865590414,2.945232387653004,40.39698435640143,-0.3957562297382035,1.7565031523775252,1.3122746996428214,-5.094194772338206,-2.3948733096703583,-0.27095029141843324
-1817.8307544638492,-1206.3291874743325,3690.135536176609,-134.62176226832455,-13.685383344479614,0.0,-289.2088206933916,5.184940702283467,-0.6032339486267105,-99.50275584270666,-13.644857891982493,2.205463249914323,0.491512459913212,-0.18832877812590024,-0.6670302060537546,1.1444547992404985,2.0658000419448777,-3.5543019324372116,0.02667363136897493,48.96139864489255,-9.546193877708728,18.353009150554918,-8.094092573168998,-14.092367134297062,-24.13456645216066
1598.263299767235,13.753194228673715,396.5326102555154,-948.2049882591197,-9.257806312579378,0.0,-287.86130647520173,-2.2605685702105784,1.2205424821884834,0.38047811143050825,-0.22263646384603394,19.95772763299816,4.0551772290222505,-0.051261729609654055,1.6894742641114746,-4.248787012694268,-0.6871011917680757,-4.094685283774084,-16.397027561570642,5.3810948254102895,-12.350290456027887,-10.383796538946637,-0.021839389612310453,16.617232385429535,11.290795724526358
-402.5772612167949,-112.72152171736005,-634.0722257126847,-855.9830840372633,-5.757355278398556,0.0,2731.008399428528,5.286496993128653,0.7319291482582679,0.30971900020062504,5.666310906731915,9.375765093586635,45.1348894207939,11.638764094196615,0.429533431518414,-3.677643584679355,-1.3831244395709592,9.602756749453118,6.0976642813787265,4.354300236675075,-3.14325655721431,-11.391430972763354,17.070241239829745,-0.6122404014067642,-6.391769496501582
1616.4645037419657,-235.9990026844822,-1216.7124871206152,-39.71903313561561,-2.726687760136154,0.0,-305.85812264520587,4.17285174373988,0.45022665281260604,4.790632046729388,-0.21272292663540898,5.345678516966898,3.2358461498064557,0.7074376824885542,2.226703645819793,1.8072557338544148,-1.1728900046886506,-0.738872934974405,1.763787526145558,2.8261382500635346,-6.2079997637211335,4.429134687988985,9.636797420486038,0.6349606246214893,-1.0513358284246566
-847.3202796713797,-269.3339836880758,1058.9606496770368,-872.6762480916086,25.613806753421542,0.0,-273.42857149144294,3.0683385006368207,-8.937267779317176,1.0976359733292478,0.10463768480015001,-0.046183693935565505,1.3144792629956368,-0.49243666427843846,-0.4745139731536709,-4.308976448303663,-0.8425279778340272,-10.704021904762008,-29.733403274714018,3.6416888963944154,-6.585499501139258,0.7054463014739494,-0.060653961731695176,-0.7375073252478579,3.3791539859102104
1550.7558530529182,775.881900341993,-814.548105075928,962.6978898286108,2.1606174403802063,0.0,-283.4476896398773,49.83760315136939,0.783033899787642,-1.6517265202978568,9.104099935959336,2.8839613807559132,-0.3777854705788131,8.386051530695013,1.98954167648934,2.922687649838387,-0.9663879297713571,5.593472894856965,2.1954427403048595,4.446417476385592,-8.531957909040012,6.866608179875874,-2.191891159968498,83.85780473697774,30.851283614310884
1689.4275823457997,6.343848505028083,308.05688424984385,380.83326667714465,-6.363010031230961,0.0,-294.19462500261284,14.35535806020665,0.718763699454873,-0.38542488354299603,-0.04379175526115932,1.7975105851754571,-22.066595436030365,0.8627551176655007,0.3754170340898495,-1.2591177448218493,-1.1740805638419842,-2.999058427226984,1.4400821391735459,11.545838282510966,17.708706722420075,-1.131215918559786,-2.709496435937309,-4.653096737713629,5.830197414253771
1272.4362033855066,-156.51578501055866,4042.7416416426545,-470.2056548140255,55.14095802202887,0.0,-269.69554854985614,-2.086208474862879,-0.16861041248283687,-87.49527144996425,-9.498009929527047,-2.1794738241966165,3.439907106305607,7.857297454418124,-2.4852704841642894,1.5174073298229271,-0.8483796152546804,-3.5161389597485115,3.719674270384609,-1.211821765647725,-3.3413559087828877,-48.73641791846645,1.7770007924852393,6.062875207762548,-2.3890871059867838
1425.2928859509134,316.63276222447735,3864.1744288377517,-1125.0750267831822,23.32972546216914,0.0,-255.15183686908483,-18.506967109057346,-2.199474881245439,3.316258871074176,-17.946519077888485,-0.47614474101606524,5.766378012587016,8.527092634348481,1.9273016410067183,1.56326993671151,0.49539106967645785,27.7554403109601,10.769657313729809,26.68970063126285,-6.770513540083636,1.2651223705838994,-2.518384428568429,-39.27251275460102,0.816420732371022
-1418.1845965760654,-871.3288375665379,330.36045000018913,993.4956166980772,-1.0825451950010685,0.0,-316.0736020673811,-10.5762496833831,1.0388469979741048,10.586898293285024,0.09656572223258231,6.994210791152275,-1.5030974770365753,-2.751423897370329,-1.5287917749807602,1.2913854059109564,7.977423297701571,-4.517195788530457,1.575776008684908,-8.134449507380266,-1.1227266774673867,-33.78290167623226,-2.9840365144621828,5.8997266688320895,18.36414192979092
-1004.3739200443656,770.9899127727317,-1761.4689910545837,851.8735139255394,7.723772213472617,0.0,-290.6545250418791,-75.60889231890577,0.4393310482670642,0.8991819000609372,5.607595898793155,-69.57191980776106,-0.07495098712116582,-0.8853546105655425,6.536852537861966,1.7092749014623316,-0.374466666398957,-2.8952930957340817,1.9970227466046517,17.95997274369817,-4.654894344395724,39.642436393473524,-0.4686498315682859,-0.9785090318516911,36.739449109454114
1681.603699297834,570.7281313384948,-1204.2730208015225,442.9692045657153,-3.3196309915625,0.0,-293.05929361989274,6.742207909728407,-0.05667613679688627,-0.4407785442554902,-1.9462899239218545,3.798246499026704,-1.2397397446072376,0.7913890275844149,4.972259153629691,0.6231940676146722,-2.3349432422287397,-0.7668289870504429,1.5964051448831558,9.533298501858043,-6.651901191755138,3.083833298157153,-5.024543344698703,-13.70665244104658,-1.9447222376902256
894.249265270238,-5.542731346438126,-1123.8198521291204,-495.66446333078477,3.0924658138473475,0.0,-317.63443308869023,5.4157105530329614,0.6903455594034078,0.6088287271293232,0.7419113176726443,1.9177544718663,-0.3872996464006219,0.3291080184392858,-24.799429070887676,-2.3775423367267146,-1.177011196316863,-2.935349753739136,3.755954759617504,8.572860776598876,-3.84563285431332,5.97152323934478,-9.694753247516235,-5.458402127758257,-2.8229063885691605
-1458.150518580471,526.0530626696991,-1857.7438061561913,-1003.7285733795925,-0.6372956699950737,0.0,-328.15226945677847,6.84171891075756,0.9013237911921925,-3.5304811107769254,-2.231646977406168,1.1442044398185154,-5.192083928837256,0.602170603332609,6.7760797925463665,0.4739562152486463,-0.5776497466689239,-3.6668696983942723,6.528245497147519,7.909275913019905,84.0411505809717,-2.48937999140362,-3.0657178747839606,-7.645406576036493,1.0917961445293272
1303.6013202741547,-129.09150316480984,4088.683656046992,25.341557503954203,-3.292309039109789,0.0,-262.7652710815811,2.3433430127726624,-0.8738739698166275,-87.00814529836028,-16.11670886009468,2.366867811421524,1.9249035444991356,7.110049054891885,-2.7917858379019798,3.4017549340625055,-1.4651766973880036,1.4140280241493803,-9.716438282408813,-0.06716244420478762,-5.7705402371508265,9.080909511771965,-1.3384324862100172,20.5261221380163,-2.6678522632334176
607.906313437891,-234.18551797255722,2471.8576407865276,1027.0486813830164,12.415435526611336,0.0,-286.92713829882297,-0.002075989013260289,0.1587453044781469,-0.2340650040875659,2.4829627976922852,9.315023787443495,1.2154742262662994,-3.772170583730189,8.588189740820136,0.9610437005046016,0.869337171664745,-6.760002609983273,4.895759501694059,39.68464767929538,-2.0616376207786926,9.403404676754077,-1.4287246251001406,-7.663068300225358,-17.075405123147874
-1977.7392615972717,39.539907170582254,-1128.9788640417157,-870.755732758784,10.151366602880037,0.0,-323.3711289057968,10.129621600632369,6.618788217704258,2.599214716429022,3.530879486523394,-1.8072718252358757,1.004030638010861,-1.4503374223116885,3.8289587856346685,2.981809004157872,-0.5263984820979236,7.039147226414949,2.8002100981840345,10.716048051214393,-7.3113103745859656,29.20866792706742,0.502647764391466,0.4861354569291728,2.448135068294585
742.564414632739,157.95548793144414,502.6547596662376,31.735011340311004,-4.117191620302372,0.0,-299.2999536716597,-0.5743497503952886,0.523475591213766,-4.243872092422553,-0.689968138375251,1.3076621356640428,0.15874597322375059,-0.22512520431894775,-0.26260081162050763,0.24093941080048098,-4.351785611881093,-1.9635707326503797,1.548173969924467,4.472936314891504,-3.510360590911567,2.279796041978574,-0.3096253080178271,4.208216975713282,-2.6566820597874035
903.7411255708859,-354.89875798169624,-1868.9279271785051,492.679419523301,3.01483317764832,0.0,-313.9926610184358,4.258328372821239,0.640457881560091,0.964669534451149,2.759545455207887,-38.39571911735184,1.6266520443446624,0.5172240831789315,3.6480756666066334,1.4546814772960874,-1.1509242783414715,-0.6332897390370076,1.8186632642658975,1.4266145686039793,-7.242799021323344,-20.195599858121586,-1.4036852869395111,-0.13452556832795248,-0.5346907661344891
-1353.680481771586,-396.357630111501,-1636.001952955674,2.654205969397626,1.5384867994238174,0.0,-319.4585840589289,-1.9131296523675445,0.6202851687671211,1.4841150557081435,1.442506481735931,1.458168981777123,2.313805173820012,0.2513426474158252,0.7368401454695864,-0.010018802578702565,-0.411473771461967,2.099739216915826,-7.155507299591564,2.603710698420363,-0.947419932728655,6.972467395368373,-0.8142296168128412,4.203922687861535,-1.5060786096456285
-1378.8389018651035,84.85699014468184,-1663.2977251151867,922.6003226449211,3.1471417138028235,0.0,-297.759887967017,-33.8673325060084,0.8710245406969135,0.1956860600577876,-41.75457357792482,10.09779238087051,5.171692118891701,1.0227306633699165,0.527626606360422,0.6318204112083536,-0.12405770289374925,-4.7396201409922325,0.5339903801091047,3.77745976621337,1.9361712126660624,-54.02002449323294,0.29837156615357624,4.114941300974583,-3.1065332758422657
-506.3171473498809,-548.5556368025435,-2107.7591839058396,919.5932815252629,9.229398962800316,0.0,-298.8186631701949,-13.57868979844236,1.0367456286713532,1.3766002859419306,2.0224924655005228,-59.543684448581786,1.9475062733599906,-1.080938655706607,5.485222111348337,2.825422959567875,-3.581950630002136,5.250901569624375,4.708073560934642,-5.3388852767805774,8.193081570629808,0.6307499219027767,10.015114012883114,10.188528205524955,6.526458495266898
210.76553054262098,1025.0845997540712,-2211.266101350551,-492.3745056228846,45.24656395270643,0.0,-314.521472052299,-1.876090378860821,0.04949635794975955,-1.3256453662498449,1.3642316118780706,-0.35746962647413266,7.181590287063519,5.067780688133541,6.15907928741931,-1.4423371021186144,-3.4849955828133368,-11.813189471268148,-23.446678552486897,-1.390793628647012,-9.41921950580311,10.089798302221777,9.353773137175539,9.8044612068923,3.6005412763581752
1510.8967855904903,230.2343262992622,-447.6490553672961,-62.24382807474938,0.7886104296619189,0.0,-291.76074540739484,2.423712787112695,0.6237456169667245,-3.0126172955296835,-3.547158214119091,-14.358765208315045,0.6865916262553282,0.9111052920280773,4.633184003477581,-1.4592414177862119,-6.065055992086811,-0.6462055723533078,1.8524799483669667,6.665287944650295,-6.702126249265909,-36.564246877963285,-0.43469011970194205,-5.527524519316452,-7.924678787587373
-1137.7203322745631,568.7134025295002,-1128.0603339982551,911.436922545815,-3.021420575503709,0.0,-307.0661740226559,-56.70809386991827,0.5140161501753292,10.838404639281595,-1.0700184726598465,8.290825183372524,0.9072641228435174,0.26686849130800916,-1.154448233835774,0.5473966454092495,-0.3854638747461737,3.2609916447352236,0.8633755619921094,5.859326342523775,-6.044474798722897,4.606705253060487,-16.546768870019324,-2.6869216627355024,-4.536050291552469
-1416.333187502043,-122.61043176298368,-1862.0810902497817,-926.2173215385156,17.243390642991223,0.0,-307.33239942713374,-6.935198333708318,0.4862102144732495,1.2585176409591163,-0.2179831770608448,-14.710260307112593,1.2729004202057028,0.4185407032696695,3.0546203159309746,-1.3431260486085614,-0.4790321857353972,2.955722897259213,10.095362981050851,-25.673154982076657,-9.446025694239852,-9.945793427865521,0.7434648059466068,-7.69909894416633,-1.6894878548792853
-340.0489168499808,-1159.6380799759413,3924.0778950187437,-176.56296570552155,16.65038187583681,0.0,-271.92018668512526,1.8896002260804206,-0.4807325295055758,13.887727063241144,-10.818424462344385,3.570062416315221,0.6710524522674883,6.576366362825393,-3.612367796068388,-0.23386409788724322,1.483739742425241,-2.0408271942431555,-1.1857024075398415,-6.28831242979277,1.2914456199793254,6.821537336311094,-3.5821203541880626,-3.0099837217810315,-11.023324493270422
440.391455610594,1000.1244258868886,1210.994437502036,-986.8432246301397,-21.60289906114216,0.0,-316.46516969489824,-2.6644543192436205,-3.16473678079017,3.215636518074469,4.656582652715534,0.8334290054508771,-4.11178002645806,-3.5884963883193364,2.2066365273571815,0.3940528310551146,-1.2162615317658205,-2.492890716731034,2.1323829570529926,5.701911438084923,-31.33474173904805,32.593457383016045,0.049398760108493464,-11.179572863847858,-3.7605909785578944
452.49599156275343,139.4080705932736,442.10545775063474,-491.33455981392603,1.9101772498809781,0.0,-307.9600179276043,0.7519727425248957,3.492569451035662,2.4224942331557515,4.638004842940978,1.5094465348817296,-0.10550322452059677,-0.966756160881149,3.8062237699175947,5.776174253345884,-2.8279078150485293,0.09167724746909733,1.6786086721049416,3.870250455474753,-2.6254741340655317,15.992354554788031,1.1183347761298803,-0.37289872717197275,-3.892318874111614
-467.2086477899984,43.919609165082996,1183.5965929277563,-13.570578201733532,0.7663150174179906,0.0,-272.807703794264,-0.6095993455093266,0.5681797696334804,0.11793114669095398,-0.5900715436416357,0.799295780657436,3.327912598333962,8.061314915103774,0.4614339809388211,0.275493375443498,-2.682940280605866,2.7479733320927067,-6.519165655597219,5.145685885352652,-0.8171720560822846,-3.1666403875439078,-0.6775051200311538,1.5676333985761761,-1.8270792184688387
565.0101133613656,-1148.0389350104947,-836.7108351665025,1222.6056650711225,-1.2443086902201552,0.0,-291.68007176263757,1.1237668749761418,0.49608521301310443,0.7416004275899765,0.012956883271099735,9.666134409626665,-0.22556546609970185,-0.7520898251614867,0.21174617009572008,0.8107725617140532,-0.9722515794866075,22.82586313114203,-11.252115002296748,-9.409083339597025,-6.687731336295687,-1.0026215869982955,-0.8885144566441777,0.036681539953274736,-10.205671390143694
-1391.8235209534253,-9.773102290705253,-1141.9543563042346,-956.0497214429754,-4.374899457034792,0.0,-331.72044637427047,7.195087733303976,0.7714214306288226,0.8153322062985782,0.06663050287512517,1.3774625328487935,-0.6920666058081899,0.7090974127685368,-38.77793350545616,-0.7360523292025988,-0.3113153881238221,-8.420135186834475,3.4477741892506577,12.446638121464973,-5.954468363709923,-11.86611140940084,-2.2954515799978226,-3.3052946038506232,-2.978205415773755
-2101.1581426645307,-392.95768630489806,-436.62117488795656,-66.643060654659,3.2928711035676503,0.0,-340.0988922825081,4.987714535735657,5.05903721900552,-12.666992532626127,-0.32595153929674714,1.5582258683529524,1.1912290478565917,-6.083159314912109,1.6661445672518176,3.7067286671738913,-1.5696643765253895,4.55175522749276,3.7245077665425317,-4.272267605985133,-2.42718303904797,17.3211953366861,-3.5386475537100273,-15.478721923090404,-9.396340030418106
-261.2910981599228,-357.66795780313686,-744.8706525781276,981.4855137747104,-2.3299540165787236,0.0,-307.2017180187128,-6.1641876777035485,0.9741852905699313,7.82233863629393,-72.1503876074146,6.3145487217427325,1.508359567696222,1.2518609222645312,1.5126075054629429,0.4372049673952095,-1.20369707132895,6.474977792589909,5.657753387369906,-1.2583402132728103,1.381623875659711,-37.09728170199518,-0.5096279581529441,-3.1683115511059183,-6.045944353479802
260.5661275055617,603.7268413289482,-1886.1189317914439,-56.66394438610521,-5.920114747754952,0.0,-314.8443784362589,-6.491015507976821,-0.14155541709216246,0.43251786156569016,-0.7882646119570387,1.7769740473339863,2.228129240563265,-3.5483001235837595,1.7507181701246777,0.5277501880833003,-5.030458766626302,6.168626283345163,2.0336423346047705,-38.73110083919672,-7.9053454804250975,0.8091908849354523,0.16564302537673364,-3.6812639778947602,-3.8182752365851633
542.6349315836086,562.1147941859256,2417.650087244998,-538.9887443457026,-9.957394492116377,0.0,-306.3874790414336,-6.969989479656379,-4.239450127518576,0.5179363220239093,-0.7068055411261405,1.79427921949994,-3.031145126134271,-2.9887178742208564,3.6265268912930995,-9.966113713526436,-1.654861558510766,-11.9199736363775,3.1390668147069896,14.749535586277215,40.889645707054164,-9.682070190251482,-0.3061056297331109,-12.863170180802651,-5.327335069427333
2009.059326227198,-690.8897280872258,-2080.785691676865,441.36935074449684,21.618915478898586,0.0,-287.34204460292693,6.477401506684696,1.2585988485534236,-0.051561982891133465,0.4567576270837326,4.205042364996911,0.9872648866621456,2.0392753709822125,2.3670746339616517,-37.52374438507512,-3.7949679502306046,-11.729095644090304,3.694348627785477,-7.178588310869401,13.369158882167174,3.807318568670218,13.142376349291666,3.5941633768375723,9.821270224006952
-380.1358217676344,-28.78583072403676,-722.5605811790494,-460.87725892043863,9.125226998619134,0.0,-305.7085680195116,3.8640789357091156,0.817577952138784,-0.036529495175270314,0.39787794349458416,1.7431878888506276,4.0720934575062415,1.1331791868475065,0.42072361035780254,-2.43836876983058,-0.7806504077392625,1.8907292229284456,3.802335265631601,16.473853933028458,0.47517822414170063,-3.9830559592319035,5.755510009358456,-2.661807586393197,-2.0839138528625134
-900.9268338766715,-777.5696660295254,-328.7223797591974,1063.9688808335793,8.637905458509959,0.0,-309.35256638339763,-15.2519093917969,0.5994120993627309,5.422898461765061,1.3586693049196827,13.914213840874627,0.40152366421133,-2.9711415599217297,0.359281709469601,0.9104869946408811,9.139002344585505,-1.467895572266822,-14.26435295783863,-7.192746552028967,-1.1577845735124588,5.933053814488835,-2.9673583848848204,-0.659442089721873,-6.176864169856556
-1948.6750505068032,-468.2232060668165,-1620.379441414608,465.45726792341696,-4.064155118164755,0.0,-306.22916023356805,-3.807087703620593,4.843052680726796,8.512130963871876,0.5514227491807162,2.254476379946496,2.0056377889660064,-4.0236454170824425,5.340832400533303,6.112239215829505,-0.8961685831716133,-1.6648113398146904,1.4427641195003913,-0.42995523450319667,-2.012793807663183,-7.476973257496686,-1.0702586947510282,-3.538618914242467,-7.579749454750994
652.6534006596709,-149.35716349275916,-1925.6664580417423,-70.22154691088818,11.381518612253972,0.0,-308.6646574898555,-6.203444157272614,0.49535714208666853,-6.338556770353275,2.566445739391382,2.3574647757422524,0.9178496640123136,0.7441553876739313,3.667731823467223,-0.047908753674491864,-1.0115689908070904,-0.3825445414533265,2.540513739551862,13.815862895714687,-2.4917546407396216,-1.5745079002423124,-2.521666650761146,-1.3296417232411692,3.919541135223073
-459.13356872206595,-255.77220325848396,-1858.9893255518023,-106.72178094555639,12.804734178629346,0.0,-305.1288190544672,-5.191378097195241,0.5861818627906527,-88.99949022475514,3.5045777190818392,1.1556279958981344,1.3989465800799483,0.7597486856839623,5.359837961573476,0.45155347220795006,-0.9643280292425217,0.202868003368865,4.011813116100664,4.36264711645499,-1.8842580670055051,-72.44848025255003,-1.0517335650096142,-6.058548204535081,-1.260486972520968
-1447.3364593305375,-499.5073660088525,-2037.710091894302,440.82616248612084,17.027993684392857,0.0,-297.923639724504,3.5565027857264715,1.1155884400795606,6.968890926164993,1.9169121914443557,3.9582268192289227,-0.12266471663250668,-0.7603407118215895,11.904680460035731,6.119915377208327,-3.89440701511275,5.5958105562894325,3.7061369645675284,-4.407405758920531,-1.9859886534932905,7.233991169182387,2.3163754010078423,-1.21614778137302,2.7265004792194354
-610.7280964180069,-989.5665255217687,2710.1401059678656,-886.7308573498061,32.62023245206183,0.0,2728.0010612559126,3.977635470259154,-0.1096191055766039,-2.8566944605896896,2.4253113881916843,8.476506841883795,-4.132688614992775,3.9794153310970515,-2.771935025997773,-0.9787088150254232,-11.482072258506625,-44.492386688242355,3.1959461083388057,1.3403538623633005,19.66557473874149,-1.3094749110655846,-3.4291234078885005,2.7369519262366584,-6.193992282093133
1059.6882336842364,-396.7167582709162,-1875.8886161280307,1014.2092897157811,-92.97808423931724,0.0,-302.46826490580696,-17.413070461285113,0.8211063473727853,0.6720150826325495,1.022830235129047,12.870067830954035,0.8079294330362031,0.8900535877125055,0.415893309680502,-0.165623356481886,11.541465887581383,-2.199129644998108,2.948578949838411,10.875993663391597,-6.962601153462113,5.153606135327695,-0.5797790511255816,0.19340018335249495,-2.8941460487875146
-1691.5711669301447,-313.83324497533755,3870.960441416399,-109.08692853351529,13.93434984186245,0.0,-290.38713479101824,-6.979601321296646,3.682289332000146,10.569435400653479,-8.245934672310419,0.7858417589533178,3.1293155498912855,6.83802998387616,-18.438250725238024,6.149193402720528,-1.3699594021480554,-14.93444887963186,8.848108413013657,-1.5832107388472738,-6.282468700629892,3.243146016917719,-4.63604359971604,-13.598380903151693,10.448601259598066
-886.7002102405042,-1056.8351761628608,4039.8687213916105,-91.48063285448045,-7.146594231973661,0.0,-286.34267337387047,2.9763467598366593,-0.3020434159699719,11.288553949894025,86.23319828050074,1.6465829293739664,-0.9180428583033178,6.875491376981229,-1.3793507701355725,2.479161280053405,3.2244044112620736,48.25855573227498,9.795603474994756,-8.325150351899008,-0.24326212060642305,7.5362803163373,-1.5083504390866282,1.2302868212972138,-3.476887786348778
1520.5661901664494,145.94561960783986,3987.4362275098983,10.304623551618079,-1.794657866471636,0.0,-257.37944260201795,-0.9186606360693005,16.59584650993531,5.687359004098116,-21.828227127974902,2.813437944411117,5.025424318356994,14.123005147542578,-1.3011909561144852,0.38020260567973024,-0.8018439524642207,-1.8717206215350397,7.650348602446234,-10.483759074680005,16.837107621504284,5.801866178317014,-1.5702724832151953,-21.506494600904233,-1.6364604694628848
283.5512468845166,1212.1321104161034,450.2253613228604,524.9092572593441,2.445712655897205,0.0,-302.2721916394514,-13.091755277658695,0.08205074441691998,2.4667669896404014,4.342145317962753,-21.738917571814056,-0.22798564659106033,0.2939904365109093,1.968295229527281,0.7815629812379337,-1.4823137589890667,-3.7765462258250317,1.198519951961262,3.3585299732752016,-8.244554016082189,-2.20011120149006,-0.11076758800673679,-20.979967335115024,-3.592524989911871
-2092.500667595379,-151.59457474299626,-424.2002155063463,-424.4250730062156,1.0853320015294683,0.0,-334.4806338000254,-2.934132105319146,-91.1840533231286,1.7650615575533268,0.2644990365382004,0.942102042117441,0.5179656127951473,-1.746633215046458,2.7968203453944005,3.3627140627250474,-0.7160506731644148,-1.9519709736988025,1.6712245621377289,3.788916024371398,-2.5412697969096714,5.129888545837485,-0.6911796507616619,2.2178171980688246,0.34101048496723146
-1415.2595331887476,-318.4019867790815,-1649.2459718633716,481.8596079634562,-13.585050122787267,0.0,-306.23221513957316,-5.396146465422167,-3.062305860778295,1.1868032431328992,0.01552359228655379,4.920149785083022,0.35785875009463,0.13192633121856473,1.93153737635867,-2.061691650714701,-0.7325891058348556,1.939177133313775,-10.206436271820351,5.534293562607052,-4.1695021813574105,4.460237541344071,-5.448431069414301,-1.9816344292206616,-1.060202155677649
-1409.4547554998796,-592.1261207883925,-833.4586364199375,957.2690359749686,-2.59924334437398,0.0,-328.12404794914715,4.545596171927038,-20.907444135697876,1.5378275495244587,3.2323752033976403,7.767598521717477,1.9724203287274902,0.383629649460293,1.708112632875981,1.129499718816629,-0.7958918777604134,-3.199171256952492,1.9376318415428133,-2.117831916354822,-1.0858193869422728,1.3150485139884793,-3.3945703829232645,-0.7380362629194215,-2.8858283483612737
-1876.8921964276394,497.090143216996,4087.6892953737365,1103.2901991195442,1.1712179768474251,0.0,-270.77706145539577,-11.96856130049874,0.6050579959199497,10.00151235850783,-29.019763633789026,8.02155253706314,5.851562923824756,8.552427492179602,3.505990516580149,-31.46839804123827,-1.4185660438148584,20.242180518673887,10.1497760508747,23.549229150818974,-1.0063341935200791,6.518878073121019,1.1172449259209831,-22.17399797481517,-14.331116881316596
-1727.5069977321461,-691.5023674875451,278.3791053377262,-897.8471056911702,19.75358590118164,0.0,-327.2437671475592,1.8435014265285812,3.4975571280629643,1.1129348230477265,0.4721457251308911,0.9998962314572525,-2.194531172672193,0.3438554517675962,4.637534655237082,13.654572229550215,-0.7581116824613425,-13.111963177404373,2.0434662583551004,0.30473717690262536,-6.714650448979824,-7.638333447885234,-1.5002061426084272,-2.737305535799767,7.723363777686534
1410.4094296046892,-254.21710029838846,-336.5422787662283,433.9840820532704,0.8808903375591577,0.0,-283.4202741091045,6.282632781488193,-4.282869041109017,0.7694237462440198,-0.5388750859659414,8.83994112002721,0.6024035739715247,0.003992220619077839,0.7235078488542516,1.0066837705507403,-4.530338128233842,2.2653632105508557,-11.100277289459262,0.08703053320184814,-5.983058478280693,2.0199597332315467,-1.253365918055905,-3.5750531217418167,-1.8589449008784673
-873.4354257311521,-106.76215378858355,-1605.4728551335925,-379.6998779343875,-11.072797705235713,0.0,-304.50328870090055,4.5561679830546975,0.6904593566012871,2.4156232891703677,1.5271136916715027,-11.629355389880766,2.725445325754315,1.039271752622855,1.4108446384562687,-0.6559978774935912,-0.5349617133438422,-2.1166779809134044,3.629531026040287,-15.984553643821032,-3.9621533067403654,-1.908648054497037,-1.0754180101925628,7.483006817043392,-1.0882822831965915
-127.50886826500007,-818.5206846467948,-1831.8176361683873,-129.46929167185598,-1.7255306104696277,0.0,-297.5904216854168,0.20708548632389337,0.2942510318017161,1.6971950517015089,0.5839238240223434,3.1316834551611743,1.3982565053045228,2.609199578360315,-2.4657473807341206,4.101178663674772,-0.8164061998632368,-0.2809192835626863,1.3473408172941381,-2.6670626114357785,-2.636166163275908,0.38873594087621755,5.796676392085063,-0.38478867897205316,-0.8172634407462732
-723.497928507364,-875.0566621939463,3829.4087114652007,-976.9444086288729,10.16282944414232,0.0,-291.8267315234645,-30.25381475893418,-0.25968263813810033,10.131357790570519,-2.8936966800664266,2.2297820286062504,-6.431601814900652,4.5523018011925345,-1.5897833101892183,-1.4040736995451624,1.9291292107378326,-5.345467383720011,0.35708073996394796,-0.6278092853573247,2.7687037695908914,-5.493959731667942,18.093008278181504,15.370313808612913,0.09681166428808752
2082.145410007992,151.6313298575065,-1804.3994869546173,592.3815965752874,-12.364597248171014,0.0,-278.03995619266726,7.4607391221811605,0.33159723843542455,-0.45318907243540224,-0.617556148406024,2.2712398248126355,0.7584839020821508,-2.000932883427331,-16.306610437206537,1.0436912402040024,-0.4773227384884051,1.7928615785140394,1.9622005155396147,1.1695793371247982,10.645753828321075,4.780288951867486,-3.2769152537848525,-3.020647012345792,2.739428401591537
1333.891054229056,-230.86980933469206,-1618.4647415620043,443.79954966698614,-118.77955899425508,0.0,-295.7277150026068,1.6270353124334784,0.7645298875420051,0.9543859001534721,0.026473348430689707,6.101854123003498,1.2878796562086845,2.128053636912893,-1.8046127603731257,-2.879897710042192,11.563207499461203,2.4114210094146573,3.5198397962502916,-19.160268058109672,-4.31431132605937,3.138535461108862,-5.456475957027251,4.312058068506219,4.020539645697627
-827.4769629282823,74.0672031770101,3992.520862972179,1003.5291883194129,-6.605161661106204,0.0,-267.01614911741586,73.45835993106596,0.7566634727774294,10.131544210964805,-22.596746020521014,2.8173617214509927,7.035004875015251,16.990454386543895,-5.00346675718685,5.368713322043112,-23.378496973672565,20.524827056839438,11.955959076079914,4.705377178823491,5.1031908364706045,7.604884141956666,-2.8990859279973358,-8.538810970700307,-12.552486662206913
-1288.9232168536391,426.21681567958916,-1854.7672202423453,43.089365599861544,2.21531588564228,0.0,-311.917567551251,-21.21931407490254,0.6252615532975625,-3.3480333770117294,-4.076817389862634,0.7769434909894499,2.431982095703504,0.650914167515158,3.7840419564796415,0.6152591432158264,-3.5187060090160203,7.644573918197732,1.7341659238697134,-60.878856229702286,-5.449174776083024,6.697281653181537,-2.691686519236157,-5.4543007654295765,15.52658975768392
-383.2436648308353,-187.47410357448297,237.5910629739297,-74.0118484492261,-1.6885050386115226,0.0,-300.7939178153743,-0.5657992749515877,-5.146583523594053,1.4358920687182852,1.4021903994953717,1.2365298679180479,1.5899954193475845,0.5200775231953744,2.036242692067852,0.3545948929498072,-2.7205012149793015,-8.188079341815179,1.9814170793780082,6.508548267370039,2.0516987861859923,0.011382241639486916,-1.3383135908945638,-1.9364254989067269,-1.5580009382293023
680.2306725320778,602.1921333685489,-1543.1378488988769,559.1300669477058,-2.7159964900335987,0.0,-310.2695581649107,-7.471528855807916,-0.03151416978450766,-2.064558193881174,0.9989608831537032,2.906036820525059,-2.533148279618561,0.3100200098632573,3.654845948666267,1.0888881330292524,25.50500534672935,-2.0017182759349406,2.431657231562982,10.277281501284309,-5.889031448310768,-2.065990430950405,0.5255449389892304,1.9140543846162281,-1.3934267294023288
-374.5743296177841,-43.22922681161273,2520.244103751328,953.9681784693704,8.533035975521486,0.0,-271.6835223339335,-44.385059107210715,1.7796112348195587,1.1200702169806802,6.287782517318342,3.1388873482112682,3.234654051024329,-6.886967142624306,1.6888542889630145,0.929670268881443,1.3497352794438966,4.831523564140287,4.36498965605406,-1.3401853803425672,1.4590183769821268,-19.49944263028747,-0.5639026115743535,3.233606385638759,-9.071945411012933
-820.5682156494054,-848.485323584973,1146.9426881533254,1028.4731860592633,-7.851213458759059,0.0,-282.76517874475496,-24.430064901927633,0.4746819167911807,1.2660544554142206,-0.057045510590867654,-42.6884489169049,-1.7138309156553047,-5.924884152324069,-1.3685194483517524,1.2142391597958564,-0.8169941066665022,7.053641167727873,-8.955100550198212,-16.16022051453383,-2.726153488917576,3.412755088071228,-2.936259562586575,2.0738166758368797,-14.505002816419445
1437.5731421928854,-502.17362630843843,-812.6872712624046,-1002.3271338375431,-12.96508987291276,0.0,-318.08780276292214,-11.381658222999356,-27.85255534995398,1.3335691303008175,-0.4434140857408355,3.345408020003721,1.492804143950106,-0.12071644271089396,2.6927046640497676,-2.777654403209459,-0.9887519357223018,10.95300982022052,3.705630846822454,-14.267502893385242,-3.4058803692008,5.643987795303235,-0.713646806109234,-3.8091233171881447,-19.534762822378326
1502.0159510101685,254.29938014017065,-1890.446022245807,-955.6173781744653,22.995000986696578,0.0,-281.6895483416545,-4.138273888939063,0.7760989152826497,0.05209911896084525,-1.0529221829878093,-0.9716791143313009,20.652196265505594,1.8098953529722437,3.1657565398910257,0.12372042823621177,-0.8334239428159843,16.87566512276543,4.7465745101394,7.479319613784225,-19.759735847299986,-14.312339956596464,-1.3853363867885933,1.5682259005280008,-4.363590470890541
-848.2439262277094,-322.1083195724061,-363.43673499687145,422.6127973769947,-1.0230729526174898,0.0,-299.190486510126,3.7238941997941524,0.7114911437709124,1.407307372747652,-0.19162718334451947,3.8596715478308825,0.9830906676222022,0.747799201992186,-1.81398752283626,0.652258274566933,-1.529324376393001,5.094164265270791,2.266236883408998,-0.7814999846540556,-2.3658834779667903,1.9999961012790872,-3.18031476641471,-3.1921167871773353,-2.1394053447823294
-1681.00418925027,-815.2113308014912,2624.9320623904514,1041.0442722848713,11.071002519488273,0.0,-286.9360558945453,17.348812780862385,1.8180567931564209,1.0694599250651236,1.93968941757372,-43.532435261967144,-0.09107466458284551,-5.481548683152792,-1.0065887683467478,1.3515648333329673,1.3596607289047884,-1.967268276074981,1.7275791171864774,-8.722037508372718,-8.564776357603527,9.096911182453631,-4.207695718416108,-1.6753548074291964,-12.288309636165815
-786.7484202172043,-407.3127408915277,1047.8469909371656,-432.9910306084317,-5.072066331847727,0.0,-295.8166766506927,0.13966114425834336,0.8918989627036418,2.2638450267447,0.36466044592387187,0.9867079972115864,-17.996562214286183,-1.7027356202479051,-1.9462810629897627,-0.7241747317265396,-2.0854818389633634,-0.8157221947900238,2.6919008109541305,1.1966940762042713,-3.973948865752259,5.3067934028875205,-0.7336821716946564,-4.4893773130091645,1.5506907428794505
-694.4628867507535,1015.3635812483321,-1882.4044992499785,-1110.8450484744112,-10.417212172029664,0.0,-320.4325812716668,-7.975270523290405,-0.1465259726314048,-1.469271235187989,-0.8498594154763092,1.5830691308177252,26.78465833512434,0.45573818369478103,2.4382073466559455,0.4553818476703737,-0.7253106248392451,-10.562424566229735,4.983487278103178,17.569060811320362,-29.033454042974704,-6.4621603225253095,-3.2446711944958504,-5.816526407391852,-2.1724874804825816
1451.809413318126,585.3374554615928,-1782.8244389196968,6.268482078557104,-8.896061759435518,0.0,2645.569812699542,17.761926366547307,-0.05417764660493701,-0.2885979698173462,1.7221201048670445,7.996368098326125,-2.4110711091279726,0.8271918103146023,6.105395380093244,-3.5295000491450628,-3.8675738894455307,-0.8938372192977748,4.102653885726447,-13.132238976681755,-3.883228767944231,0.34965643151948295,6.00926561495341,-13.410120363640408,-4.025976639719516
237.51471105905435,592.4339453326739,-1130.422698873452,-983.4336567426453,-5.767870272290945,0.0,-312.3526133709693,1.3396115816939052,-0.004188150744930963,0.46891686090262996,-1.4235386874291616,1.1404114028765888,-3.43397064183864,-1.6893862227803957,2.328309491371138,-0.09009397168987757,-1.3524043136544175,3.72542650567913,-10.533389124878267,5.9865252049953614,-17.481406766317573,-4.1262858744229405,0.033225220589724616,-2.726393600603226,-4.200045481175856
-1462.0874773723342,-1346.5344271112479,-1655.5633532127822,-1013.0576616356337,17.574516378250244,0.0,-300.3526574508684,-2.777100523583234,-2.9108874507334437,1.441610517536641,0.13967941521743027,2.0871490853194623,-0.5185824038910775,0.26914903488586717,0.40574643445232134,0.44275362649749583,-0.2860225879679186,-8.632323099079054,2.683107933872684,0.3052669373969966,-10.177664372488906,-14.048089495907497,-1.1393884129098597,0.19320720086837131,-29.674560394188116
957.1928000991065,-86.35715057158443,2473.9846886468863,-484.99377267243506,27.574096472384408,0.0,-297.63903866412835,6.113493873170987,-2.0784166644945183,0.590824236110745,-2.93778118682815,2.580780586690494,-0.19774112021549517,-1.45349002809903,-1.1202948255299945,2.579636838809085,-2.7226975718457496,0.4110837622076702,2.5635346758586905,13.846576430535263,21.026700236719577,1.9530974478612908,0.628970727563104,-10.854914853806962,-2.8130042018786603
406.23526003628115,-186.0600240370755,1190.5080667460834,-437.29100338654683,12.903117471109299,0.0,-297.8240900533801,-3.8621050995606656,0.845115566980143,1.0963820871242025,0.6008057980932092,1.444835237293044,1.602163676000076,-0.18517535846905112,-0.622805774832919,-2.3378273761705066,-2.6149228134530254,-1.9470869661875474,3.7705670688584547,6.896563916616802,16.916338999198288,-0.46744502780719965,-0.4873082326726028,-5.945162142545867,-2.0113390599379453
1200.6909758425497,74.99623422126659,1150.2902270028128,-464.2801880639331,14.225358031427987,0.0,-285.78172336951025,3.2477631371539855,0.6868687987764504,-0.058102154462791204,0.41394108657940826,-15.902244113452781,2.0182958818045,0.0570054013383834,3.0151022101723277,-0.6237791677592818,-2.6759473076938267,-2.3170141635254446,3.4441609339210166,4.181382646751379,18.61573157855419,-3.9110869415173855,-0.8509084359575386,-10.67099961945973,-1.9338317532731533
-1633.9350920321936,35.74977145112836,-1671.8493687525959,-972.4609282950737,-2.8093146509508387,0.0,-318.3734410674029,1.7701753243365272,1.0476102904801061,1.1356456905291075,-0.39341681358741476,1.096544562676792,2.5568719404537736,0.6832654673651148,4.617668614914,-0.888476139743046,3.0116119367125496,-8.837094623958306,7.962624769537397,-53.01952522484309,-10.858095020351376,-12.388414574873462,-1.0712144079039903,11.493251920249843,0.4244498700421391
1866.5273223059612,887.0894158044001,2577.76523478938,-48.874282719287656,-2.587161454407166,0.0,-267.1829255962904,3.336747181543548,-3.8447078512585002,-0.3607939695309374,1.8393420020907176,1.2453979103928978,-0.2733393164996489,-6.138223740945415,5.170111265655734,-75.27503197476628,-0.4821833455169609,-3.4658796549049518,1.9013395574938623,10.790644271252685,-7.998752629048905,19.25981857787458,-4.134784929786375,-5.276585883464371,-3.7738903036581872
1043.9819796850861,-626.2925650491871,-1167.343962592413,-992.4489662296203,-17.34492504877141,0.0,-318.64962407851726,-3.7281549214278997,0.47024664132716476,0.652495142552558,0.20076738817011372,-17.399280846606615,1.4130149346043133,-0.7538695533725212,6.9379819037744,-2.0677353707334016,-1.0361758777633867,-8.170496252911748,3.101322188165355,0.10929167179182334,-11.901353845569586,-7.533154763890271,-1.2062075054447308,-2.123663071445134,-2.894448400273381
-423.2944488390106,1023.3954764601435,-2243.0868752690717,71.23509147728598,-121.02487189978835,0.0,-317.0892637442112,-19.415549628593784,0.00914503316600289,-1.030147821925092,-2.6890500953403276,10.199921081253637,0.4632168396122899,2.403258926114931,4.527991741770142,1.154692379502833,-1.0676937437181029,3.794141189517366,5.364168615758447,-34.89100405635161,-8.42936387413477,3.657647521135831,-2.519217226212116,49.51222372054043,-0.5239887254312993
1978.2137515201055,-1397.7262593400717,-837.4439446023105,-874.0192944293108,24.687570771178226,0.0,-276.3243777001088,-6.441174107001013,1.1285600169485122,-2.3700523510260036,0.33422923077490974,-18.62899478672646,0.41230814775468183,-1.6974046663748816,4.49505635967734,2.705303195377916,-0.27224028276616186,3.340062875968664,6.566967174152079,-2.290189280215317,-0.9840245048702927,6.490699862375705,-1.2473545293842638,1.3884944542641249,-2.0149675827398803
1104.6907936568934,-73.97234272360961,-835.8151399470612,829.895537666255,7.87432767416794,0.0,2428.9175969668263,27.33131809695385,0.7818545894877339,0.28955236418307295,5.582014774282386,13.858832345141671,-5.566368190585863,11.343273757973051,1.1721963781435998,-3.8605148307621957,-3.662928366328544,-1.767392570968394,5.304646475181786,20.856722272637583,-1.8638486550314144,-0.9118206492294607,0.6833202329842831,-3.2814904597448935,-13.23514641781512
998.9765698961721,-818.2106429321059,-375.85721474075615,-975.5756986913037,-25.53922511189501,0.0,-304.39323486199515,19.64867890813966,0.7431466127784927,1.8727039315922123,0.0932418277674971,2.096436795995069,-0.14536733393448698,-3.5492311145757602,-55.383763295238545,-2.0893952713853565,-1.240843231081309,16.044144006954657,3.649978809867212,-0.3419205658550919,103.64311664289703,-3.2336084387399575,-6.35624502982742,34.002641460856616,-1.3713409154606186
-1358.0173097712698,-67.9361341394911,-393.82518074744206,-27.020719468319196,7.9585062861327,0.0,-321.6961319240215,10.544187207133485,0.7583855004487294,1.2604438527696558,0.9007646885837239,-1.0523612526121324,3.972154304358352,1.9211907492512132,3.037314662700774,0.2828097378923008,-1.1436361834634978,1.5367335341887556,2.1479463419640403,15.38238877239702,-1.7738970544386332,-0.11759745715873046,6.818999655491611,6.994311429959157,-2.0316521747585177
-1523.6647561117024,-1176.8671759830922,287.2226179253189,-490.7052852268279,-31.546166729989334,0.0,-308.02207515611195,-5.517702958990894,0.5977696453784997,2.147359536403206,-0.12380891708826161,-11.523036234944632,-0.7678773843185175,-1.4434697325412098,-0.4834254859636637,0.17040729968473392,-0.8099935407358165,3.651175436191632,2.797732928217143,-8.62320312825992,-2.5933808526947133,0.890117049932271,-3.2428396093364062,-4.519001794848824,-26.68203418262418
-694.9992416103643,163.3721202617871,-695.6755967524339,1022.1917892331468,-1.1268378405664632,0.0,-284.38685415707903,38.30653589282741,0.8615026305363616,0.6635800479322821,-0.013595815786711894,6.715629126285445,2.7905509815331118,2.5741830166574586,-4.2768082884886915,0.4048566431297735,-0.21389696487462623,7.807583965583423,5.598507291139412,10.77468091900953,-0.5223440033523842,1.1394329941153776,-0.9243798822556097,-2.5786312785177534,-7.875356173343245
-385.24266320837035,629.1104945385024,-1919.0696771339767,-483.04489650585407,10.367998269593896,0.0,-305.901314916674,-12.848580082104966,0.16002323319561337,-0.031043046361214535,-0.5134811730067493,-2.2542534764935724,-1.9950634316725455,0.6747214892919062,1.5673800457500378,1.0149531325952879,-0.775430868632203,0.6533635746689974,1.4072324142678991,10.315914449910327,-9.459148202152878,1.0808662680877792,-12.03998403769957,2.056104715803413,-3.9932791351876156
1710.7883969866607,651.8058053676226,-890.4759185347177,414.1673014365684,-6.822665742582957,0.0,-288.0407287829351,13.1014890997955,0.012033969930226861,0.14034876516094025,-2.4543986816200145,2.1789563165464587,0.7414338397420712,-1.547665276990035,3.871028503332079,6.025151045339453,-4.323789913292017,0.5624873259803282,2.12703977282059,-31.772370342314105,-6.9006388758761705,-1.0904884445856668,-4.479721060884442,-22.495741963531927,-2.4447622292867015
-1514.1896463321743,-317.06368820172787,-761.1744012644659,-915.4140617934125,11.951426926349624,0.0,-324.44779629813274,-0.8401118215850388,3.559766016315008,5.126178357076872,0.02624526392121649,1.6451006014613374,-1.187872812928527,19.073628174901458,5.372781479852078,-1.238118700718984,-0.6839274587721582,-6.77916876389014,3.821569095445753,8.96506563468891,-6.689905757432888,-6.8048972533416485,-5.5251548260312715,-1.7833849963934172,0.8281158162789175
-717.1747470027782,617.3403178354009,-1752.7263904643173,965.5501894335122,7.762527714685212,0.0,-289.793382683929,58.869846311498804,0.3136442948861516,-0.8950611334131741,-0.3842430996474538,-48.497663479719854,1.6882780176303924,8.763666648336375,0.6000713925095627,0.6958034932905118,1.5244679135962305,-4.069412034691923,1.755337265507966,6.101421532956862,-6.08795416094001,-1.2736088108299177,-0.4968960426741348,-2.6087923658387315,-6.799692243748594
-1640.6860278146492,464.2991510506597,2534.823971489017,463.57709411213096,4.479345617468842,0.0,-312.39459175963543,-28.252517541101955,-5.821988927606074,0.5692445702696269,-6.665384154773958,2.517415446463892,-2.3780979355554015,-1.5663892541853783,5.716615376321228,1.0106276307009519,-4.496094107827448,-33.161710938821656,2.2969636498099435,-72.16045740413948,-16.320668196295745,2.5425489200007454,-5.976072596398637,-18.454491378352536,-7.999675227393131
-1120.5577651762667,-1268.3879446212513,-1203.3178879135924,457.8983205533516,-3.007440060070551,0.0,-291.59494495757446,8.88779940478169,-6.54983162159727,7.833211981656432,1.2368585997970476,4.498031083774907,1.1476025375147203,0.6416479229909172,0.3644734342269622,3.1238041120750286,-0.3243954380515969,13.332810153622978,0.8976190509712452,-5.7019848378122875,-1.2024912521691764,-13.781766318605866,-0.39960773226096835,-41.16298925803407,63.22571139076484
311.8273293406765,538.661355685444,-444.5359614490041,-993.2085788255158,-4.1051111129245585,0.0,-328.28984098780444,-0.5377323386686785,0.19815614487460034,0.8329339373573663,-0.8800801913728699,1.632021175592408,22.628226084946956,-3.4788093611016375,4.3936848765902035,0.3263608234612818,-1.8589586879613624,-3.9475369587765057,2.388718411471934,7.860866799585422,-24.170560222875036,0.06248601574200609,-3.179777040808947,7.379964844726925,-5.43286068700376
1101.5264680130558,-425.4188510669996,-1913.9128423737156,-48.97652957018107,-2.193979358320003,0.0,-310.4529235786909,-3.599053624048209,0.5025298797971766,0.5938738757436347,0.7846064080143333,2.4581983043573494,2.5464386152454526,-0.1808771415668097,-11.58334267866039,0.163337876501073,-1.2936952209258432,-1.0174787058301682,-9.517539946805453,1.3695707487522002,-4.125962238118761,9.983813469923032,-3.665189735070954,-2.0057503461244934,-1.7783629964050234
-2036.7045540157628,-330.2619785837615,-1823.0956711631989,-851.7861428826594,6.3125111051342016,0.0,-310.8286699137799,-1.1631654361275225,-25.156369904610912,-0.24862110349135888,0.3338348721068843,1.4249941227833567,-0.8568184861543308,-1.3876410446306262,2.3882798081898313,1.3350713498757363,-0.942938922460265,1.0012449863252197,-0.318863906581157,4.051220845865328,-6.23931525106869,0.21498624850755263,6.887113478265429,-6.707376877418512,-0.6688220791165376
1844.309956085951,-631.1445013295852,376.036131017948,1143.540165666902,7.626429378194558,0.0,-286.834203959971,20.763770322107206,0.648837260450271,2.659158491949918,-9.115104507606828,8.055525588003103,0.8602268913670895,0.6377385223334776,1.0827211403608874,0.018213004641748947,-2.6778996386741456,-4.984427247005237,4.2268549865163445,-6.597494111463316,-2.120354784416974,2.5922056164835334,0.2258121151382922,-5.572104695488568,-0.17314461431491965
738.940157349358,-37.32056935224231,-1070.7732240932276,515.8206646290993,-4.566650477979768,0.0,-311.45317716142176,7.088471389895847,0.46481432009679097,2.3078067855949236,0.5809100338951108,3.9117194369379074,0.4881215538998618,0.7391109128595557,-0.9265998770658952,0.5614439068596025,-2.7289164917406867,-0.7770169197959318,1.663055658983738,2.994229776773474,-3.7426310756383807,2.703886644524858,14.673798123442737,3.8602361716611426,-2.2956049248007564
-1600.3763575330447,-302.01415887966664,2644.7551686851507,-59.81308570094621,7.878094979157442,0.0,-293.59061923573364,17.228573748832417,1.618021414384493,0.9553189211878604,-1.5469080251353322,2.825857513024984,0.904383159300716,-4.027692712939792,0.029326790941953534,5.437985391521004,0.7043679787957998,-5.28581312541466,-9.162885953132015,0.8428062003763932,-14.58109775035483,11.42699003958184,-6.010802893538016,-7.437716591840963,-2.4381917278618084
-308.56421675404107,-349.180356906203,-1195.326745057798,926.03404906353,10.568640525487856,0.0,-308.54506354853754,-30.894767486847172,0.7789968216030504,-110.87406261579362,2.5531320030240137,8.606736009937858,0.6612630016761231,-1.3206990555776343,2.219526648932438,0.15623746631546703,-1.2460205794743815,3.9410235144235948,4.273888279015192,-12.840290444878498,-2.400669025929559,-81.89809722004112,0.7631634656902353,-6.29628828103124,-3.1741826251221954
-489.67571520039365,350.4657547507646,-1834.1637015744268,1079.5989481312013,2.1126567220819505,0.0,-280.1749059341909,42.626275134965944,0.6768532088934007,-0.8517703581182153,-0.8557253321276839,5.447513423222176,1.3112915980128685,3.8143693372997727,-0.08107060836748657,2.1237753895411675,-9.876334196767296,5.866322189399386,1.7303957471724147,1.6710053822430098,-13.901064019567116,3.206404693209931,2.601449059123126,-17.852076998453995,-4.540490910758063
-1439.9008746814766,-117.19297513498232,245.33680829529112,-942.0308880260347,4.574265357679306,0.0,-322.79283018951594,-2.5533467856238063,0.8524075076265588,0.8647504155712126,2.6796991773972487,1.2971664039205888,-0.7927548252948631,-0.7707798906882429,3.897771400139916,-0.9355155042502059,4.808339756995662,-2.89095120923487,3.4339645885140513,20.229036873967278,58.455280558801604,-5.799559673100047,-1.3013325406400764,-14.971908864402028,-1.0751489362361557
1174.0220175063646,60.19614739904213,2624.2087948663907,1142.6060567747927,-3.6351780804609124,0.0,-262.1667080983817,44.05951777134205,-0.4422431035830328,-0.6654218114594327,-1.9513923562122415,5.879012700022216,0.21698725601491392,0.5281586974501893,-0.6219239215549863,-6.033470439543011,-0.22569810915686456,-2.6920459563765786,2.8727478944078224,16.051302271783683,-6.226297194203007,3.14294499711559,-2.2819523329036318,-1.2486279109249403,-14.376378961085317
-366.4243069806713,1359.1008836707772,-1568.9194605703908,549.8694150529025,19.472720702295874,0.0,-303.940896321552,14.595371126255493,0.31908390304408907,-2.42858174203827,17.038274835708634,3.729026249107813,-0.40068640079220413,1.4606028517688336,-0.282654226987076,-1.80689445851521,-1.8145031162093688,4.609127313146932,-11.629082921865816,10.41073662835133,-9.868917613375011,10.715207635849401,2.011236406115171,-5.034118566981088,-3.191807700749862
-1567.103328599065,-323.7911970494251,3834.274170270014,-407.00418990423236,-11.263966326878585,0.0,-285.0144003954106,14.07702006709487,1.7643296566174553,8.779785137058527,-10.950896607056631,2.776427751666148,0.28885756218264264,3.1384220855671225,4.721733014626672,2.19182323685487,-4.190098747440125,-8.993130029457788,3.8325733936180537,-5.840020800252936,-3.0499342060080417,6.701400103154855,-7.811262927845877,-13.160159899253914,-7.494350119919944
-543.9786237405351,597.1006674553374,-1924.1270346182232,940.9877994205451,1.1268414439008525,0.0,-311.72668059150817,-85.81705820189896,-1.2103157728922744,-0.2675405665779863,-4.34767453506329,8.539123166729436,0.8324278206646776,0.31357949734310964,4.6245011837247585,1.42531070425374,-4.356955023924939,-12.187289353895764,2.635487733784482,-90.05648036136553,-4.112637479321888,-7.561808335761868,-0.25582128783451047,-14.721818997009544,-8.197329697069138
-1610.942688221562,1324.6870151815278,339.342338286466,-29.971088246119137,-7.291989524672972,0.0,-301.742553141393,-5.041166080869359,0.22736095956108868,-0.36742031455215507,1.8178593137435877,0.9803943878361618,42.16296202337346,0.2419467082003809,3.6262263731420017,0.937670228911903,-0.6131260962974867,-7.941286544467671,1.2078254035377998,12.871871012198145,-11.314051751383413,2.205134075362318,25.114729088975647,7.279505671483512,-4.5821399038413295
1703.2198892936344,-300.7790508911891,-262.2485154187469,-362.5352681030293,-83.53063294627934,0.0,2722.993494159573,1.2051954437981482,0.7330282355213036,-0.8654839212269054,2.7016397339848677,-132.0901402619934,0.3893493235557477,0.8386500619161046,5.671236308679562,-5.302013598576561,-0.9824019820340509,2.6655947962041364,3.033369049088808,5.464634203715169,-0.5432594528499373,-24.568323582940607,-1.967372213788872,-11.797045366351991,-3.8718858132245826
-1910.3638855527745,-489.1448748386651,-813.0489144888928,-489.1253330106658,-5.217586097332426,0.0,-322.05951864417887,-1.8237820579915984,11.441325522379774,2.1874245283414226,0.31211797435490884,0.5956780899072432,0.5667838551243667,0.8424082696968999,5.385334943765115,-38.27947096964245,-0.734734057382703,-0.01758094451100401,2.4192391953372088,0.620789057741229,0.24301254730193017,1.8176145636961283,-2.8370915096590714,-3.9620571752001768,28.852106413862863
-303.43653862349385,-130.3235560413559,-1149.262811560534,449.1774245497846,-0.044699808770509365,0.0,-310.82301440742623,5.386739113005666,0.8985541877296913,8.469338879571225,6.0235156857663,1.329131491402578,1.7204280597187387,1.137982106488162,-39.41955646815095,2.6998404966952725,-1.0502592898848546,-3.7360439375826213,1.965156613553851,-2.0490781854776263,0.8895234071388822,-29.003265089120696,-4.595610869086579,-0.9265380473841056,-1.538561631664225
-478.5301129353079,-912.3871051526987,-1306.9590928630887,-458.7109748537867,20.41411713948149,0.0,-308.5845955812226,-5.435835527615412,0.4326738319882598,1.4672942211193043,0.1619208978127172,2.3896812426307443,0.14149543421505806,-0.6017496792954287,1.464881171189313,-1.521218509846617,-0.7013551259723869,-2.619212031050415,2.979363837014841,7.639876170966743,-1.5292885621988446,-1.2022398703508679,-0.95100198837215,-0.26646986692185753,-2.3629674753657364
-586.2073908610323,389.73666342558784,-1573.0391731068923,-419.4268743892317,-9.633080941108549,0.0,-284.6916506233757,0.5418074425927568,0.998053820424716,-0.9107998995747756,-0.8517651799385034,0.6298390018046602,0.031904986270054655,1.025461571123908,-3.271319860461915,0.5801549482105577,-1.0905720376873387,-5.076133329374289,2.005850813918589,7.833919068299033,-13.027978757062499,3.733684863777101,32.447437083714625,-2.9379488503602262,7.681653896893708
-1592.9647171717586,-102.46006581407647,-1866.3770021226735,-451.98004972097027,23.882648072820626,0.0,-308.06519880432677,5.849856611145949,1.0559156720403833,-12.22228207868467,0.38879471373679236,1.5574853470305592,2.1074283291075533,-0.6651775865117995,1.69801731397801,-1.0833715039738183,-0.7232662189302913,6.289288151960444,5.54446376082919,2.574414686831902,-7.709472648152895,15.550997726662656,-1.331527696258838,-0.5703326324293442,-2.556285002121608
-1615.643250427641,23.745744863558016,3909.304754144709,-948.8355411769054,2.0826050090077337,0.0,-273.5144355711922,-0.441023443565077,0.31462289337076677,8.498401203896753,-12.280496041758441,-23.451854257378034,1.152444494196092,6.330741280952039,0.2793999422424225,3.5536268804145053,1.8013678346912627,-3.7053737356520773,7.4215913375682305,7.9974254413589,-5.278689190747041,-7.6078921446012115,-2.450026361341524,-11.578086707079944,-6.974782076744858
850.8901362622357,-951.9976008730691,-1679.487984073613,-154.49460090945854,-1.4085850356087022,0.0,-305.7288881798198,-6.924046722563177,0.6331460067384131,-0.22626752900437094,0.02840242365861482,3.3939851716694034,0.6033234906671888,0.8830961717957837,1.4085199965597148,2.4741950106565556,-0.7927161113145288,0.14668088740152121,1.623097082409818,-8.962987169164144,-4.862163723569474,-42.66734438396483,-1.2889846713665585,6.338049486553772,5.187164856693978
-1582.305079285284,-231.04405637908457,194.7387032258966,-98.70083059090024,7.661715058172702,0.0,-317.6901434291073,-2.3154617643747915,2.2456410302798577,1.1647124622850498,-0.010799900841838773,1.527240796390689,0.3157920372541429,-2.4653922366023946,-52.924423456445524,0.41350515313212904,-1.2012978314402623,8.87704144277163,4.1506260523300345,2.4039739011242,-5.388319334057209,5.316634636892787,0.1515914142694152,-6.387398930830622,-9.276098265973937
1440.6198087945033,-27.75242672908448,2704.3381197599706,996.728524363133,-0.4513633937996362,0.0,-253.80633386690752,-41.8457014439404,-0.03284258875765558,11.095836872132823,1.945394093575423,5.171586732484421,2.1886440030860643,-5.396384797684965,-0.5983992180014202,-1.0763795230316093,-0.29019815821897754,2.0367493608129426,3.911945840266512,-0.024959978986870558,26.290706786238616,1.4285929977516012,-1.288721374980386,-4.554972338058624,-10.989361539501939
-880.5457094818233,1248.4094725145576,-2204.705197993486,843.0070302332468,29.538265172324078,0.0,-288.48562879209516,-39.60069788702593,0.3588240299467177,-2.4223414847823115,-1.2729330730425483,9.100186080550717,-0.31089310207245596,-0.24490803885371995,2.058650270304954,0.65665760525737,9.429157224802054,-7.688261451481363,2.3869515078061183,21.283732610257527,-7.0726064800294495,-1.3689109277939728,-21.51238600263988,-0.9258648769708677,2.2983484863051005
1358.6859883213276,7.616905917934022,3911.9536833716143,-1012.9877400245939,45.696209571363994,0.0,-241.5113133306048,2.1624055847792834,-0.30282775609728374,2.427038671205463,-10.780662619066431,2.6485360981046937,5.659937058199487,8.528253822746224,-2.0451887211755606,1.279368843437344,-1.2608551465548639,11.461452228875094,11.590380708800806,2.15597704755479,-2.5403844855282784,-7.872632641349013,-2.68879073958185,-14.595823253061324,-2.1062739425721895
1526.8619132783242,20.8644548834548,390.73836155014595,-899.8281373921462,-5.845448091370742,0.0,-293.1467242089191,7.573777189518104,3.3457149141365163,-0.28356008376614844,-0.2727711576620796,-1.6224941209620123,-12.31701234663331,0.5100665407335356,2.0378608337498036,-2.3994396813120775,-1.321646484417371,-4.231931691719495,3.1835292529059513,7.202003948763225,-1.8648085067374176,-11.982513180095866,17.111689811761778,-4.169717707345154,-0.011018926656832562
-337.1791653459717,-351.7705733085304,3761.4300527354303,962.4975812847906,4.107624690142164,0.0,2633.1871319415213,22.07843874917327,1.8031277513317812,-25.31103772732271,-3.2508963673987954,8.609696349557177,0.5438800369152974,17.638789254358784,-1.644578376537826,3.664261576301875,2.414219640718717,-62.13754759356322,3.272972213250993,-2.124058028884686,1.6734636746361635,13.699250188409868,19.434444060220613,-22.657766480565666,-14.72240218607026
1800.7253561338107,-236.46242367575528,-1627.7784628716004,-80.6885690284176,-7.820132405734683,0.0,-291.9561313317096,-5.400434226220788,0.4552420574019586,-7.157838134413029,0.15768745161037195,1.351621770221608,2.217368875103584,-2.3054940701162523,3.457139505535696,-0.6772722922064732,-0.6055568004863666,-13.660915470467769,1.9687516732777333,2.3383263194169746,8.330642745875107,4.148926101603698,-2.493271971196214,-3.5946972081650377,2.8255499756933475
1272.4647199233175,-462.9932501953973,-822.5637648236359,441.33206018614686,-1.9238630071180558,0.0,-312.34969216944256,6.338123655616936,0.6966790801065974,0.8953436517814918,0.18928789267973317,9.088879433020766,-8.69438261853724,-0.1304337000063495,0.38521301995198426,0.5375217107685938,-2.767225290013598,-1.4316521515751512,-8.575282189059218,0.6531280995005502,-3.1895233792436457,1.5109936948014593,-1.1867855518442607,-1.9828518259438066,-2.432626007323202
981.2315154284654,46.83112276890038,-1641.8684830726393,-963.7210450588233,17.512382782961286,0.0,-294.92057807815354,6.215467231040419,0.4299816580245712,-0.01824229656027173,0.4746894914029376,-6.4867505473922265,-0.3217916280767022,0.5259416457115906,2.1471323985853834,-2.655204248076825,-0.6012921670524564,-8.001500712273115,8.220300076752213,11.38188659290417,-13.625333622274246,-16.9568321518411,-0.7865838248588278,-5.507939675477908,1.7072093758595408
1153.1149765080363,898.4030310730496,-1793.5645315808097,1041.1749521208078,-83.1922916772833,0.0,-279.17096986902015,56.93803266263511,1.3476437950368114,-1.6158949528992568,-0.7507699987816838,5.925665743049096,-0.10454138516198756,8.342501598341748,1.5315000716956446,-4.837734140887397,1.1024728612926786,-3.1571179761087977,-1.7707721645460108,10.468030118879183,56.17473624697592,7.897676234492867,-1.1077576329164782,6.866289411872885,-7.054656455053474
102.2547901776343,-790.9523625284326,4071.319153555937,-105.07732953518462,-6.860217166671046,0.0,-260.18673966008913,4.776743398333541,-0.7962340054784551,14.941903771754342,-10.274371141507922,1.599056446047147,-1.7439713246258075,6.737371406579811,-2.076482042577599,-10.889844181722603,3.482057961814337,4.6914131862961455,50.019931778063864,-4.650165005886686,0.11802314324898694,6.1637956239558225,-0.9514557351888234,-2.2766090786532662,-2.94092141962772
-1317.8158606850097,-394.6941904849265,-1139.2633103907256,-391.3618571970456,21.97897797801493,0.0,-327.66704440223384,4.5273766147613115,0.8390789591028476,1.1950957178361112,0.14835415188921652,-1.1963833801312493,-15.286795153485558,1.452094298593746,0.6143891586121764,-1.2683996961247723,-0.8441224139061707,-5.479895909519949,3.4469528526661,1.6430914152382536,-2.9711372776476286,6.516943895602215,-1.5357761553326692,4.550097130243498,-1.3473144209343555
-108.67964638311281,18.425199775527275,-2350.0034509456814,987.0611974204634,11.911621284704932,0.0,-287.0511488669316,-13.902046577910717,0.4323044327580046,-7.271266895128964,-0.9629359844049932,11.718090570831547,3.4013177271496073,-0.0642967883197113,2.659191272765497,0.3152884741371483,-1.3722816659611987,1.5457899708895326,2.1418798848311393,1.9679119589911815,4.236157890399727,7.956821652310981,-23.37530581826777,-0.5014297925804733,6.057928947735886
276.36981328442613,438.3333427022923,-1538.7618226430088,-979.834002637103,-7.605896630868528,0.0,-303.7694305880688,3.20845317861407,0.8565801748959742,0.8329870638358047,-0.8067118397354162,-16.078784165998133,-0.7319012127071287,0.3766032815883653,1.493825053972127,0.20818145744612676,-0.729620404190456,-3.310842366894453,6.5094506794982925,3.94548491631627,-24.46237586449911,-2.706127427706895,-0.874282598734761,8.86148037877101,5.440071520997011
1083.1701531952694,-21.24045532147458,-1904.1106844503943,499.26250527264267,11.149866083259116,0.0,-291.828147158445,6.559482437981957,0.4109168383966913,-0.47188324324667263,2.0485376773763324,5.238500276991801,-0.17997079323724618,1.33133774735359,-5.6814733419264085,0.1304215598145596,-1.1070225977337138,3.1725091260301324,2.791670850320727,13.727238835622636,-4.276921470810397,5.468061025732562,-1.2578542388109284,-7.047514668664873,-1.2423993991406053
-1269.8786806907528,-334.0504512691498,-680.0108385844211,-52.69727731111382,-154.0772043783461,0.0,2892.9647934587438,2.5943510369698237,0.9751356499077019,-61.05427309108131,6.764072958198038,7.701751937547075,-1.9927462435503882,7.890385231021002,6.097968071038672,-2.2206487480273664,-0.9583227630202295,3.470326842653905,6.269971024972585,3.918978576028602,0.05451271233786075,-66.32186306683671,-7.935064577225571,-0.4467228721916257,11.626373524241105
674.9484363137124,-108.58552866559415,-1559.0453235849511,925.9231576666318,2.618275547143213,0.0,-292.4179110147478,36.376919612553785,1.8890675967577382,0.814923825119441,8.20672970209557,-72.21736465878749,4.259892471773968,3.2786540301827833,0.8819561296834905,0.381542541571278,-0.7429989002240399,-3.9581941252665853,2.3762664479904734,2.9904831147936406,20.941413823573505,0.42203408002717663,-0.6396396266091987,-3.0032162046954562,-3.094274120242569
2152.2279306938153,-831.8631376809552,2524.342089202747,1225.4577203376405,15.820662239703783,0.0,-247.75087362516248,30.055155560308652,0.5322211304668715,-2.2057436152517345,-1.454999189801807,6.314473933622966,0.31302303867049475,-1.9852745478318308,-0.020090482266252506,4.803846563126364,-16.370154873739317,14.512025925027247,10.831483938871534,-4.837924272428732,0.8088114370524995,10.188881927477112,-4.087485168805861,7.027032484527259,6.123410276635705
-750.7035750169155,-852.7593871639631,-1927.0838867571447,-398.04816063665663,4.421317715209351,0.0,2507.5014321942676,-5.514590457533733,2.374336695194549,6.209053938035368,4.493843830474151,4.375022492515464,-1.4529747610644639,-25.180942676869567,-0.0980966312268787,2.627115713747802,-0.7391801094026744,-16.389910543832404,4.27322524189389,-2.665659963899312,-3.0239970143033332,12.576076824668565,-0.943666564066474,2.779134504407427,-4.065143323915772
-1673.161047285627,461.0955939998492,-803.5782017549595,-502.5138201158496,-5.5431776485622875,0.0,-317.78512280008096,4.963015330672577,6.61194533606424,0.03468284528608156,-2.2427629018316626,0.5684463588579522,-0.3847141522721004,2.96678271924275,3.6138294920023384,0.1600806266188574,-1.0109026406660868,-13.078660847418142,4.907290837624589,10.291587403569117,37.940926894584535,6.024509710094749,-4.9173274409935805,-4.028043301039761,24.829224709360243
1085.297083276001,-301.27217218958896,-1868.9171797515728,514.2537390529167,-6.026114373884063,0.0,-303.3968023147939,-4.12284370099994,0.376853359008581,0.9433081088727219,3.3576759311934055,4.032153715569642,-16.2157515697922,0.07869402200169869,0.594589244732364,0.47730143319699614,-0.9849325363940592,-2.1441387261850444,-11.188598329766373,1.6519888738078026,-8.297729222713178,6.3067221527136486,-0.7273445799219656,5.066554390910182,-1.2014744143177043
1562.0587550021,-991.0532959109863,-850.5277649757332,-537.2265742628525,-12.895744536432671,0.0,-293.26111035000594,-13.241227522437107,0.5612668864053676,1.8061716618335777,-0.3299670490205142,2.4970980633056143,-1.0545086435214324,-1.0734920438064146,6.49660932277495,-2.1328128402141133,5.614355458489812,0.3337831897291152,-16.648750555270702,-4.389865188142396,-2.6156350134305177,-1.1542083429574206,-0.3010047545554242,-1.1263370777958277,-12.460716575181603
215.52467526763155,133.3517982143432,-1922.645672695381,-1001.0448051325311,-5.499744858471856,0.0,-288.8923599645207,2.928070676417804,0.23929083663496417,0.9662443323848902,22.763340321560865,1.5724251676645487,1.026932626610618,0.7149465693211695,-0.42049847984823263,-1.0009548104634864,-1.1308068339931776,5.3683308069251705,7.970579936792241,-9.171569953633085,-14.394177055769074,-14.780857397379421,-0.7665046415801144,-3.1897171998068212,2.756549932623549
-808.9770986447421,-218.2567797414245,-705.811014094993,409.45844064817567,-4.239020816765069,0.0,-310.6683734359496,-4.341102411784431,0.72764428624439,1.4426127719760782,1.6000058245117932,4.057518916976517,0.8271217177629749,0.45424827799087997,1.0753657399055112,3.056038718369523,-0.9522201885450419,3.89955527077836,-1.178517379185698,4.200010795553374,6.737136692439623,2.8172361950261773,-6.427485692501427,-1.8886920701173961,5.4277641269771415
-2042.8353128590543,-999.7284422464637,2582.306872813367,455.23422457884584,20.212021151889868,0.0,-309.6080122760089,0.5249784070194233,-22.034741410107554,0.9505545370214455,3.118733535538307,3.5914087804188077,-0.7089574937776326,-7.960856113520548,-2.799427206303004,4.327712476688092,1.7296578932684772,21.36329092985633,26.534637223811135,-12.58947538579134,-1.0189364657316213,7.205295809725323,-3.9452880561485015,7.426143585113392,-8.01494943574079
267.7126928581038,-174.4046486924214,3947.214258759307,-561.6246005195636,-11.346255789560736,0.0,-273.63680547916863,-2.0510100855955193,-1.9268497745779811,11.689557240843477,-10.49371150769423,1.7536208684978412,-20.032871235111497,-0.6790844807094266,-0.7961518900711564,2.972043043791321,-1.7334119889970507,-17.098327230474222,5.631564665457193,-1.160203921764773,-10.438855767902607,3.7718710986930626,-1.6566041922910206,-11.901347854385492,14.195193791438395
-1497.0719906122074,608.5249678648624,-2238.6364126728517,37.1648789558629,-113.67887805239631,0.0,2516.3096142432064,11.969018044804008,1.2980743194410862,0.7266919683696172,-0.06315835717857499,-50.53161068043186,-2.8633434002533265,0.7617325107647857,8.816329667198978,-0.08473949982264684,-0.530390865297255,6.881648245668921,-32.292213169875374,0.6513929071531726,-6.135128488141126,0.5092003738355763,3.965609647082233,8.309281394743977,9.61462210503507
270.1609776651728,435.30036831295473,-1889.0396641302523,-80.92438425638895,-10.637724613480781,0.0,-300.4092410887413,-8.984390799804677,0.3224864678601239,0.9798881123906297,-0.8252225491144864,1.5943297298072727,2.6763126715383234,0.4871376464742089,-6.2291128778015485,0.6556351225277575,-3.798026112925042,-1.255040682421824,2.0031161512759135,-35.53102757331615,-8.708936250162415,14.235014536027192,-2.8483799806420134,10.324596293601234,-3.142414021356308
-1947.3769842038405,305.79580005963754,-1128.616692537375,-32.62068295968081,5.587754252606399,0.0,-310.3429657361558,5.383517572979865,4.0109116382080074,0.1593215013910193,-1.5342840431934464,1.341004049179707,0.327740528868136,-2.7482442038823964,-35.21976675468399,3.672342164094153,-2.3851671338117053,-4.7463728258017195,-7.360099430232511,6.845615500057715,-1.8445840028450318,3.7549663197164356,-2.012051461000749,-4.842189370251776,-16.228213511361744
-451.2756512977335,504.008171330085,3815.4001729461925,-432.81826215341874,-0.8521009731459191,0.0,-277.2473272875665,-17.587438773545045,-7.5914151988572565,10.39231765892866,-22.88413505807564,1.5436584765759418,4.047010297869246,2.7714297654701587,5.175726398339934,-47.95315416512377,-1.4245892773007065,-14.002030803604638,6.412842365857913,6.218813648509229,3.5603755893067133,-9.629212277837047,-5.799179272649623,-3.24493842159793,-1.9068498755950187
-1438.7769464687158,615.6707633970311,1136.8708370026707,-903.6609714536877,-0.8514931224275879,0.0,-299.1084768730219,3.2179653736753098,0.19948264058170173,1.2394348423498691,11.1812446578203,0.4879888078677744,-3.141665130832983,0.9722547546588707,7.25563312291837,0.29308944067239706,-0.96961524614619,4.971966819163476,2.207081149100478,3.1581409154507107,-19.42555293749292,9.233454860175435,0.27416377309885537,19.12171810784878,-7.1073340951554345
-1545.2529531885684,-928.3617024682635,-1291.048440991258,404.6963092505081,-12.107405829690736,0.0,-327.5137091195627,3.882093130367019,0.862351606284771,1.221512425003444,2.9019337577928606,5.128037391349631,-10.421534591279764,-1.2634609643597978,2.908906297981386,1.4054165123492435,-0.788730568108189,-3.3157141382502444,1.1540307672017154,-6.18323237490875,11.10491306157661,-2.4626968748366957,-1.5785751359011886,0.1541737515347577,-6.6026903647316155
-389.9654185029024,472.5286794390664,4079.974040235262,1059.5134770461325,0.37877562115069363,0.0,-290.2163562336984,-28.37064585391791,-1.2892535463883337,11.750329048341744,-21.490749314134963,8.307069760331181,8.708540324378797,9.535401623559407,4.5871198535680975,5.251212647093983,-3.3300581577792654,-26.143665929697605,10.20589240659588,22.053027855300584,6.1151350437166885,0.6607851468998502,-1.9662805779970167,-25.87656225853034,-15.602167646933783
1040.8404808452033,-691.7262219530307,1039.5537277598426,960.0440534849454,1.1490061617866083,0.0,-304.23734203850387,3.994321359036192,2.286076357242335,0.7415232704361184,4.355971123380101,7.622362969317906,0.6199547379100524,1.915787424156039,-2.879487602015108,0.9909234942277675,-3.9665331632860763,2.736013284253793,3.6756478350954183,-5.185399954883631,-7.539920985177374,0.26746490307864584,-2.3916890168649743,1.071928285451657,24.601285490567275
-1356.7865166964218,246.3480593431201,-2251.356029906886,445.7755745727676,7.454450219012596,0.0,-291.8581012199362,5.812606246151982,0.558242247356843,-30.933219383088606,0.5350023565212022,2.486338498591591,1.167158539518017,-0.1920606698141121,9.913226718362067,3.154221258724736,-1.2869915380875967,6.313542583589126,-2.6420204514340004,-6.989405927965572,4.275573111661405,-24.71567991473248,2.7329166338051354,-4.099847226727746,-1.0360543720740998
-1976.2573782378975,-245.49470062109944,-1085.6799626241343,-437.1973651627921,17.558899309250915,0.0,2756.617844386164,5.208978785849494,1.975890648837256,-0.507845957143387,1.8062794406984133,-11.666056990038655,-2.541509274253488,0.7907615774961427,3.3059132547238472,3.923351012393521,-1.027584988086791,1.634873483588954,2.301037424227152,1.2161600309774954,-1.0290248383742284,0.0071281384023956715,1.5626486240058324,-0.696455964976389,-10.131044368183517
1331.743816535484,21.45061208426551,-318.3527380346077,1005.8707196876007,8.409183930578628,0.0,-271.89514687980426,27.937876392763606,1.0672858983171642,-0.08418237966974473,0.15953919566903998,10.40095594074287,2.4168979854199235,4.297643632602079,-1.4696354461841108,-2.157344832004782,19.952901925184346,-3.2687379937261323,3.374331304262391,7.763144467987149,-3.3845030706116255,-1.272024973150486,-0.27138624523849375,-2.7822810029972262,19.352462650801247
9.66641113537663,84.09120878493411,-1099.6937533760133,-978.4921982502353,23.714397357566053,0.0,-299.31875026560283,7.073726576423984,0.996062759122115,1.2574415134186578,-2.3598834906137247,1.77561162081847,5.928775242981895,3.172498460157316,4.757654620136908,-0.7456158454851397,-0.8194951578909806,24.85626923545669,5.530910175714736,-26.563859595884068,-9.317612542303587,-2.6219468988368244,-0.39837749854161586,17.441369379265172,0.3527428520948925
-1329.9286952558796,-942.9534989137476,-1183.8826306956107,-352.3862604617785,25.718700010754432,0.0,-321.26637043876667,6.194475729686614,2.4830596524512116,8.957510179197117,1.9810860503676084,2.0803226020107406,-0.24315397065410643,0.3492607759244913,-19.970852073691436,0.06934672718181503,-0.6250713060232778,-4.741428771291925,3.0446276869121225,-5.589616554465502,-1.9204206677387579,-6.224688322253284,-2.7433864768859832,4.236445913859332,-4.030168822547025
1535.7862793019954,-346.7289556357762,1067.3605698984459,-524.7983168670104,-16.937392085311167,0.0,-315.7469789387848,-3.653376811674237,1.3322740907725736,1.7283315966972037,0.10876300001087055,-0.6533178884260711,2.087323981345041,-0.30056962001298226,2.2642197363461585,29.477349854322537,-2.3958956856123423,-1.83992581717354,1.6282721884170277,-16.690316921579814,-2.3280947839813617,4.382372152716996,-0.274953773430007,-5.0696016075409,-4.529904644373481
-392.2953663212502,26.148551563712008,4089.584957574774,1002.6216139103948,-19.576478298523003,0.0,-253.03773946671575,-35.80819144233214,1.1251928074575424,14.728361826968404,-18.584742459037663,14.485582469252828,3.8172067695935707,3.8075853887108964,-2.6922263514949036,5.141814396566705,1.7767945901131363,8.521194996274824,-16.704082402552913,3.3125075584773476,6.135291953986321,8.903255311169408,-0.33875663840764353,89.66920131845056,-18.80228206631077
-738.8905737985718,-296.7614249984411,-200.79739720265974,-333.7399873573292,7.832418014669739,0.0,2765.6643751242163,0.3691695139746127,2.3110755143820008,5.485214713648181,6.642558309032091,1.453611541169473,44.144200673498894,9.809420721821633,3.4117295157727257,0.7164809045685868,-3.4892833684365585,-18.69577697820955,7.240081138532142,2.567965530529644,-1.4638526008169235,-10.050670526827131,-1.515458435262898,0.7292653818092043,-7.871100261931753
191.59661219069977,-923.585496690348,-782.7027279174964,-115.14057151804309,2.143297598941795,0.0,-298.5539116850505,-6.311218589764798,0.5966381157533096,1.467521886823031,-0.27526835821092194,3.465578979307885,-0.025704911731663546,0.3181041377147752,0.48277573916155486,0.4976155682246036,-2.4053039366305837,0.5256980773695412,-7.295146932649955,-5.867571575578867,-3.99155694441802,-0.4628732409019187,-1.290355871071999,-0.6382549176444663,6.956723488481013
-331.99132379709096,1194.3106073411152,3973.5781532669803,939.1054692777409,6.929316770610533,0.0,-276.4166804537674,-36.281178307658465,-0.5508945986374107,-73.29617499498552,-13.967791989440737,3.1230371955616145,0.0021623727721664064,6.46618812216408,-2.749547378337014,1.9504070700752638,0.4915050795164836,2.1262059690971715,0.8802003850618696,-1.4602202977021703,0.7722763418334057,8.610193148324305,-21.16573007146307,-15.204083118643668,58.00668002693859
-80.46947768090118,571.3388675706526,-1600.4554741389877,901.0484503602758,1.9243712208395578,0.0,-293.93878495257746,8.887123629000298,0.1717461835689724,-1.342508306825377,-1.7391747908671848,4.1299129605285945,-0.6669378943087846,-72.10864059545503,2.271476742202677,0.9715876018772612,-0.694056713958485,-2.192553686276972,1.8091750742770079,7.770829678191687,-6.597710937923831,1.314174364172351,2.058376145323011,3.361816113336865,-3.6870923412882077
-876.3684252995828,1149.4340027256485,969.3188072525313,440.41372010845316,0.8022565225939368,0.0,-291.36437247414545,5.6530305986284475,0.3153731076538826,1.9859817041975878,5.084949229084392,-19.258604663286476,0.8946385127018426,1.1575428054751902,-1.0685992047295654,0.6940155560853696,-0.6999440590155609,6.331186235731485,0.5956740146362641,5.736750829135542,-6.060932049500933,1.373143925039126,-0.13139278004782035,-40.46484462665929,23.68161655854617
-382.1066170172177,1400.205893306894,-1871.7001766335698,552.2062084077138,3.1531929573106385,0.0,2682.507642653489,15.802310751041775,0.11321040858784613,-0.5741408257323322,-0.19555502687375595,9.955077452686245,-8.061927821496223,8.218748542088159,-0.305952685310544,1.4940693548625323,-2.4432822621940744,0.29310433765858945,10.419660083875344,6.204646345151918,-3.906668815442602,-0.48754345785221087,4.196084097565418,-4.776989426813691,0.7145523780351544
-782.9242150265884,490.2260193424325,312.936444595985,866.8936413600924,7.554207894812774,0.0,-313.1027278236994,-36.74417280734184,0.37666082039666027,-0.3637607894234209,27.610818776388477,10.383295573664906,1.2624050961469109,-0.3142337738003857,0.18155801362326635,0.43099336535923627,-3.212424172411427,30.12654574439619,2.493208142010878,-33.372165766582924,-7.296687784878335,8.50073983956021,3.002028443346135,-12.394064934181728,-5.9806668382949715
1416.8814668774262,194.07982738768,2522.6135086122645,-982.3584864052079,19.76415911590367,0.0,2613.526045487995,-6.207471083002032,-0.30945622434265363,-2.38024296635543,-1.2473825329521018,-39.52574575184798,-0.743582810635937,1.6353870557645824,-0.2795500574359839,-0.5785238441680145,0.6199175406302134,-16.262519182035366,2.572051256443807,-18.508670716445984,-5.328557577055243,-6.31632879194009,4.651413507495841,-4.856943739120999,-5.556615797268031
1094.9215168642131,656.0064921401048,-1647.5115651380847,-1048.9910401560069,-7.091657390146103,0.0,-293.6344623764242,-3.8403053845310855,-0.07849809113562425,-0.03155880513273777,-0.3828372904438601,0.22977937370541693,-3.6085443404674886,-1.7261134119501402,4.817920357987178,0.46877455269128065,-1.095971653803884,12.280170701804694,-32.48475899051912,8.95724606181563,-23.97145009397005,-8.910468812024456,0.2373611047212777,-5.081506543020299,-2.3538598867582796
-1891.2332877573947,-1218.2761117351217,-1196.1192869451604,-54.032246615831426,9.449988628764414,0.0,-313.7611199042849,7.439766981480487,6.073952591435805,-0.820006391537982,0.43387849201296075,1.6460271997927172,2.431774681773221,1.212666115793407,-0.3640800269983225,4.20503994863041,-0.5785676231367366,1.7065832659243476,3.160044149179132,-8.14731516756278,-2.2942572251705826,17.127450378287755,17.135955798330116,10.861985068040468,85.95718355150132
10.189356285511723,-476.79593593820516,-1147.938412809838,518.9204803847215,-2.1224869192084035,0.0,-324.3649368452439,0.6810773396063067,0.6452728039368314,1.5311497417870485,-0.03260147074248836,4.345537442607798,1.9850313959489805,0.7872047288146543,-1.971876897082403,0.22783536527518866,-3.0335617492880544,-3.268283802956843,1.7491453141482625,-2.9644859740609335,-0.03303304748091017,4.636494272692272,-1.3771759827918353,-2.3162930252937994,-1.6181260432009532
-1863.0497619959513,-66.4163001329723,-1716.4615073631755,452.7720420716041,18.95001111558026,0.0,2602.358863368903,-0.053607495973232056,0.8265266916572263,0.40253372628239975,8.226224951120866,11.071615498094038,-5.426720479549481,11.335082246626312,-23.209104552503806,-0.6114297568827789,-0.4389064647100125,5.141873139700739,7.499744410304213,-28.335817229072834,-0.7719810627967266,6.7747135698516034,3.7390437622628467,1.3031366168425225,-4.46773834697799
-503.4469382003893,1348.14157867442,-409.5688082982193,-23.418165558741702,-21.971874834329714,0.0,-323.05427436878335,-3.3778390797942657,1.2549439192346135,-0.040993961343421106,-2.0777591446524504,1.6067068501523756,7.205578974568644,0.42850657803847453,2.7364526925253068,0.9175702140188651,-1.2304330029324908,-8.269544049010946,1.7276312065521013,10.578787015501808,40.10814594191685,7.538687989268532,-2.952622296596795,14.025910907318128,-2.9890055133475277
659.5634407412797,69.10598249966041,1135.0666807660568,-922.2369739229763,14.184869139500487,0.0,-291.1498270360359,-3.874688872765437,0.5930709551649598,0.43356888222894896,-0.00044121759977604896,-4.506310639258803,-0.6516769299331258,-2.552191027750491,1.4778277650981992,-0.8201485897690532,-1.4281205044326832,-3.0264855553514356,3.833084512553896,7.900549324046841,-10.938161359386989,-11.889014481223965,-0.7621319672914244,-5.170768490591809,-1.747165238597207
-485.0693791973808,-3.2017172943679184,-398.4146829656067,-972.1317194000912,-6.4270121001268405,0.0,-306.12955457648894,-1.600604819660932,1.1480827310820882,0.6558354339452245,-0.42148840310027064,1.0047138775201783,-49.87529682061975,0.5709414885605567,1.30249101273126,-0.6818455437943696,-0.9467013856070976,5.138763275263429,3.967556754844636,8.372843814228359,-5.433692943789652,-10.938020078345625,-1.533868008364263,-2.978214949543543,6.773863575812436
213.81372913855557,962.1980482286087,-1210.562689250888,-495.47897331403277,-2.48293085311998,0.0,-325.7777198076991,-0.0662551926458705,1.9381184687527055,-1.3281162212468105,2.6175839221510304,1.2580614204597658,-1.5933601551473866,1.1747238098778139,4.078340660061624,0.8592189032830968,-0.7708015216416453,-1.5202537756166399,1.7961773955045652,4.3334161186438935,-8.507704404265027,-33.034203165096116,0.1360665819437806,-26.455586833853904,27.557504327818894
-1495.7045420673585,635.8661341726764,-1937.0960302744875,514.8807857649867,9.549876832762905,0.0,-309.46285978709614,-21.912125487079408,0.17039775434427437,0.7573574028404233,-3.8244909373694047,4.562930087313599,1.3362972344121404,1.2579960205011382,3.9783468248119283,0.8756748049918769,-3.001462628579017,-5.1199671660105865,1.8445588091762621,-54.36273775514883,-7.9908567837216244,-0.9480951894301172,2.000974670944024,33.7431401821793,-3.5360424594875406
-1037.6638921176275,-356.55248518140735,312.78545033263924,-143.50945735472675,11.397271876026398,0.0,-295.7208164890814,-2.4105177958683703,0.7120008411966786,1.1848040879941566,-0.15324146841735534,1.9300781447527033,1.6059930461259817,0.33491633605057536,0.2663315499797314,0.1774970519793093,12.602535440833567,2.58079163163009,4.131476065547272,1.4755844564835405,-4.931530093795216,1.5840756105824418,-1.3685996517345929,-5.197861841198992,-1.1635583961476053
-1630.191748660832,566.5167187787715,-2258.854359956575,496.4907717609721,6.954651317691611,0.0,-301.6868301717436,1.8752179829725826,0.24869759931173727,1.4497379348779291,-24.89189641391316,1.6117220721518761,-0.6247577311619706,-0.8050066796820606,9.007063949796114,1.7988813854393244,-0.35677075551282655,4.610890525418266,-2.242298149156868,-9.527452122124341,-10.132681951255842,-32.77087244054552,0.45966303954579363,7.9272740986831165,-2.6936524404164257
-257.0385829501936,97.97885769059384,-706.620864644392,987.8397402041056,4.433513400065033,0.0,-300.1258588605503,-29.160593022334123,0.9654008592656288,3.402073243834265,6.402199411923449,10.9991751693475,-32.0264442489173,-2.502929244105939,4.037094716445122,0.31327350111500984,-0.9198683778694109,-3.745383720806192,5.27911531259574,6.340736721641435,0.7317826097136878,5.003171899111857,-0.7967091301450449,3.657978239247225,-5.835458385004443
528.0785784308156,494.4682618332268,-2273.474784936064,893.189731574496,3.0750143718482117,0.0,-305.16133611140145,-39.66111057678768,0.07222095880514266,-0.20853523623381484,1.3736286906559239,6.944273885184565,-0.39852989505844005,-2.5505926441407807,4.8866226049021995,1.2183113307163345,-1.6666685058142385,-18.600521771417604,1.7793280080391631,7.757243468358868,-5.238299258047259,-2.171164081272616,-6.411418787985986,-2.031794932167378,4.294942762609165
-23.01204773734136,-39.965550023116805,-1115.6886012874766,-126.06931539726082,-2.310238114085598,0.0,-294.24265182075214,4.832662363430849,0.5485973735318624,1.2349248426469515,1.3416744301271322,1.8637836380817348,2.794642664791364,1.172186726663032,0.6727465224054999,0.3956412446220583,20.216863222327344,9.700308536307572,2.194354115859788,3.020460768565287,10.753725833199878,1.7248948900642485,-0.8687483336162951,-2.1103590733306925,-1.4830467385344301
-419.72885444006164,36.95243596321029,1090.4825610715907,-25.45837531875364,-18.037363633874417,0.0,-281.8653041380521,3.100913615497771,0.6317292660780504,0.4996708025519815,-1.0852598602640424,0.5888093964050235,1.3908699281265837,-0.7060938688576182,-20.953244358692878,0.12418664719610481,-4.753856991222172,-3.232732800768307,-11.247098320774313,9.600111354164897,-0.22687847194334967,2.5527592402733847,-8.904368237109654,-6.957090544265762,5.239056693198516
253.54266698262575,200.5483388244464,4068.7231105854735,-1087.6466114851294,4.697915790668492,0.0,-250.58540048936297,3.830950582028381,-1.9479727297519234,11.233402071557064,-17.156379156911353,2.3200029491261085,9.002120621595878,9.161412725588548,62.56454226791929,5.160585005452378,-0.16171663886186677,35.22742022524231,9.40560419429541,23.537221994295983,-1.938483236129814,-1.7369832006031214,-1.52877212811961,-22.147548961937694,1.6569613397662817
1178.266150003568,-113.30891775242331,2434.8798139007163,513.8769824510345,-0.6148028263613803,0.0,-290.83737788637205,-9.123551470736585,-0.2804018726254323,0.20537243307192093,-0.6977882395980152,2.334937786011286,0.6477856823705401,-1.7883423746363123,-1.0001533221181695,1.0803975303696332,2.0160108133937578,8.714677015659706,2.4664872797575135,17.248558218114162,-5.572702199332076,6.325351220258543,-0.8526304698750614,-12.083416538392813,-4.933265362037868
284.3606787000447,-1076.4703919837236,-1177.179360875716,1163.7037067749654,1.9670999264812525,0.0,-284.8000530960359,32.24747262617606,-7.195310950785171,1.5546811555312814,1.476267079498358,9.55162902800481,-0.3191950045930491,1.5779966566689634,0.11005123537310196,0.836839500784135,-0.5390689697128831,-10.890030944695997,1.3709248375687366,-11.50715197734388,19.724374442004997,-0.0025403802023457114,-0.7930782294032265,6.5805243236001685,43.74146073865886
-429.5648637541156,-417.0339073281224,980.9596072438783,-962.9898486356537,-13.537803062612825,0.0,-291.24921590489004,0.49473389485262464,0.8632637244891834,3.7080915746669745,-0.3287184156719612,1.2674994311119188,1.6710400439876956,-1.9028225763157258,-3.078669790876362,-2.464511219125527,10.812507815735392,6.681867822567155,4.016855254086119,-9.215008845953552,-9.217773350162227,2.9389811901950234,-1.1680010119418385,-0.18514966228500623,-2.4419174593998374
-1307.5741679900261,-206.37892653257936,1093.9370881891882,-925.5217171208419,-7.48349052991995,0.0,-292.6887295633452,-3.555674983233603,2.227603196862179,0.5013880814957506,0.18115990656921352,-0.45456634809685803,-2.5448570062417324,-2.3682655464407554,-2.2030839356028964,0.5867028963532346,-0.6910124081809383,-3.1861501481603987,3.736805999771839,5.19530564030503,-8.562571244016157,-0.8364747208702699,4.183704413378838,0.060919104520180886,10.993400391322675
-1579.4683986075368,-126.33639096174011,-1137.544489594115,-414.05332245342595,-1.1811736869975151,0.0,-327.17240780782487,3.1262519607234163,4.906459559412385,1.0319501704152856,-0.47823869276871483,0.06942378945809936,4.62411994155868,3.284441057796037,3.2911904755534143,8.549582824864546,-0.5954328369532047,-12.787443098379946,4.399986004540797,-63.758489321543365,-0.505802317726565,0.41689294803261345,-0.47008605147880494,4.549315178336259,31.019443177293926
-1392.2493777555799,-327.1721011808989,-826.2283654212072,966.2662937586542,-0.42096611914062154,0.0,-335.3768181835453,24.664684707382374,3.428824284225225,1.378056438624393,4.70305912867516,5.547228806961581,4.639338038657158,1.7442240104954778,1.0315644264306558,0.4127626685682688,-0.6509308038931291,12.932344421483366,2.579730377743647,-2.715664209966342,-2.409018268542586,4.912405422707303,-2.586196479000641,-2.4552428398235917,15.758637674570313
1892.9351255657398,121.7903599721009,390.1684852003225,-825.634491596579,35.262333504477176,0.0,-287.34048380960394,6.953206000135303,3.44445350517038,-0.23619309519424117,3.959301269553126,-0.3832019572954197,2.219470537079964,-1.0677317636744665,3.5338699346334903,37.080744022877546,-0.6764606846346878,-1.8461921570864468,2.0779741127059643,6.325751100976218,-0.928996433678227,57.18800313573534,-2.1636311115515054,-3.3434408464686465,0.9997337737580564
1535.9932171923915,-171.55218285540576,359.4401111746166,-455.78758635507,1.1276377793087433,0.0,-307.37910161419614,9.111376235312544,3.838691569022521,1.7089730583039058,4.391351729103512,0.731869635275677,-28.80318613202404,1.5783079912173164,4.5530351260180675,-2.523882197149408,-2.409275351857833,-3.1135796157779763,2.7171362996416573,1.0377209415732576,-3.4564915021000258,-8.634635868813632,-3.6690051765080107,-4.666765820043015,-0.8586590957989005
1079.367270230846,-350.43227565579764,3750.8958828891673,-428.8596223963515,39.70283626441298,0.0,2609.0214281862027,1.9059294834333103,0.025484670981561708,1.304165018386592,7.061851468008869,9.638868847732958,-0.52777959029675,-29.282707875706524,0.34257152520036405,-2.6089878479204742,0.48561563635300486,42.793928021999584,1.5005028343776392,1.997144007269404,-4.592205485012385,-3.505888116527584,-5.4135009979313935,17.27580325525838,8.535649934221745
1044.5609816292067,186.43920661442152,-1137.6613083485445,-486.85928795723174,-5.967639446391467,0.0,-294.93207214069724,6.222066325814406,0.43605546641771464,-0.2422756663725487,-0.7764157445686278,-15.34769399793442,1.0778071916597631,0.17512789643653603,2.7958549686187277,-0.8319089014812352,-2.4345129321141923,-2.0640577560569047,2.8616116989700635,6.145682442326659,-4.8272180791091515,1.0307670074654631,-1.3280082285123977,-3.487869288673797,-6.213453645795954
-2128.2080488303127,536.6334534933337,-2265.3221929179226,446.73495906622344,2.3575317027599754,0.0,-300.91089494315383,7.1356166805636585,3.089932822895148,0.43476926795780013,9.09480134079183,1.2185534474657103,-1.6504576407170874,-2.7139035201888695,6.656401048576273,2.8226026854015274,-2.0655951540321915,-0.5025023732983868,1.820650822679337,-2.5289249700629166,-3.324733849760344,7.904097126612393,4.221212617034285,-0.22918312067072424,-1.7105100794851777
-1433.2971095837463,-403.6437069508023,-2193.988113760624,922.292159887288,4.952112288022552,0.0,-304.84888134788616,-14.821286122964134,1.568153115292743,2.4014155275128948,0.7967420702747308,6.3062546731059825,1.786561433116124,-3.6911223476869597,5.634732546404467,1.2390769383398628,-4.517327364330191,1.1221615343343652,2.0531162279074517,-3.25978201129028,-5.853899923606193,4.429901027997405,1.3025282443994564,6.398368300283174,4.916731074633238
-98.58359395458562,-296.4525652939055,-1035.399656101469,-448.59290225519266,-2.9387082902960464,0.0,2612.3615341441714,2.1872278305692254,1.08615362030931,0.7716520273920929,5.191778783800383,6.1541683838481935,-1.4199212719517011,11.249217354132876,-0.8435237768671688,-4.305957796982985,-2.7095711751987785,-5.996581538250043,9.275182891407335,1.2280022688594134,5.808019403254085,0.5306297776335888,0.35207588024813674,3.9245504641137505,-6.052429670855487
1779.027208938049,48.441934414271,-791.4848124088978,-91.85215260404466,21.238535917964207,0.0,-279.8952391758735,-9.747442457198575,0.8239296170532374,-0.45850711849703624,-0.19095742665630405,-0.07788383784888529,-21.322715415689117,-1.0268945353849874,3.297014895667247,-1.6899201644612278,-0.5792329379672939,5.405980461775467,1.8169031763765688,3.5233491959241054,6.779145010650817,-0.3705354280216917,-2.069228926973708,2.3164449420943947,-3.3771839322687094
-929.6947957542869,876.2933760835729,2601.8482741764283,488.93356337606764,0.8994890105258083,0.0,-285.6384240733085,-27.140598427849085,-4.983605527699727,0.46073464612249637,-7.429761188288614,-31.620030821025136,1.4934742398981025,-0.6692938292433717,3.2066650534632006,1.5658299359026828,-2.6008136754261315,59.57798501554198,2.1788153783185966,-60.26576583823676,-5.370930882398194,-8.58418241753002,-0.27766189241939876,-10.403957581114883,-6.222831511050641
1959.8432385823044,-31.82102502180811,4127.4869686711445,987.0279262659293,7.588452263309155,0.0,-213.6528659301217,36.76492298265698,0.45501441158014805,5.585294568455345,-8.520577763891467,-40.17596386700333,1.8044776291453957,6.3944933762644975,-4.263754489277223,4.530539946176406,1.5830294555674598,19.24220492708667,6.0296900117755365,-13.630098340525565,-0.37552020884980697,9.058622821787644,5.756472947604854,34.150805044643036,-14.423990179480842
348.3143207431789,-647.0274993520079,423.1400563946021,-84.80600878443072,14.360295706865829,0.0,2694.5833226892973,-1.072454418765367,0.4571716905282745,20.54659855254662,3.5143797790735416,0.17255411103267512,-6.417519749651928,4.926531180920672,1.5520130117800435,2.2228131962461823,-3.7497531865813505,0.9436978150224675,6.0841080595821975,-5.9401340831546925,-3.082962004462931,9.947843924775865,-4.133120613543933,0.0027003222429051246,-3.8712230240135774
-1266.503713562002,1201.8553137474591,4127.909508992814,940.4449116359727,-38.357399791201935,0.0,-257.85581069642626,29.659356124090074,-1.701028624078746,2.4230171055826872,102.04710225506975,3.559901301162443,2.1266972958992905,14.079053839257142,0.47916688345273134,2.5733919818927906,2.3003211703572157,-11.349494193628189,-10.380028970643826,2.6908849878552186,-5.4945035810322524,10.873550522337228,-0.18249032234477952,-23.73086312820634,-17.760956991281827
-461.03598749819304,-449.4857273781125,-366.6779111828802,-105.07778400276766,-24.766109723417316,0.0,-315.25793466866554,-0.1148307597807405,0.6907855195453584,-14.132410540754032,-0.6059373850433138,2.128127371607153,2.0396525995299823,-0.04336203044118368,-0.445666373151611,-0.0804994760885937,-3.1126739650896287,4.601951521502328,3.822276204612805,-21.471964856191306,-2.35312774953654,15.274392781604295,-5.640298621845131,-2.531477901594452,-2.1721510200387995
1155.8473929545712,-394.527130190915,3923.096730143268,-493.2412967268955,-21.115776170236906,0.0,-281.74902318522714,4.284651691752199,-0.0916578776721921,-54.98002468134879,-5.46953047025602,3.2296711121081665,1.5817014576452448,4.325177777363084,1.7392870097760997,0.012711491180610018,-0.5478791422264658,-3.3793279144317783,0.5524037450363385,-0.3240453373441861,-2.4958197369056334,-19.05788267389741,-7.604616040082617,8.44892055433328,-0.7849238533984403
196.98307303867927,-397.7147144768721,2436.6029017290048,-92.45292038036786,-9.60414055221356,0.0,-281.75898987329145,11.567949967016219,-0.09994942331329412,1.1923045963939378,-0.8038726271993882,-3.020484869105048,1.6872798511231195,-1.3615943392117495,-2.531511231746431,0.6267007608486853,-1.6408007954500623,11.0230766439049,2.210091362056396,0.11372758975338258,-7.17052777657802,11.77316445620587,-1.0352508112556364,-2.48507148273824,3.5902087091123334
1368.9442167832588,1193.002904109126,-1616.6674307468134,-528.1429431942365,-14.794759396250539,0.0,-291.9400716780712,2.362407847253989,1.26457440594886,-1.2453791756730235,-0.49793689805393393,1.7500818651142769,-2.1417966297937827,6.341053106663355,2.3422714620458494,0.5509287647981713,-0.9300708169526456,-0.30389909263659504,1.8650989113419927,12.448361564385541,61.57366834398846,4.885167612177167,-0.1854412936562197,-16.367143165243053,0.5229470455423689
408.0078207387264,570.1344878995195,-796.5348785833692,521.3594019962194,21.1381111565249,0.0,-303.85092858048597,3.3686217569328534,-0.010417484918211232,-0.0009235115075469577,-1.814023602982777,3.826888221299868,-2.1087240014285498,0.36339733371169486,3.365102082686056,13.112523601094908,-4.2229936718287995,-1.7329961966884349,6.947266541950247,7.829138873260613,-6.719004908526932,-2.1735461593956225,0.10229882369425851,-5.618750652361588,-4.043739741947314
-25.05445856551448,-299.2102847737881,-1630.1634752352625,939.9628659579273,11.285307817793205,0.0,2589.096710358716,-7.138502844518167,1.9348036418886256,0.5167888488370058,6.9906175829161095,8.613399206350392,-1.8046329916762405,9.435481242695397,0.21672440158513767,1.7521730140044005,-3.7888796593219203,-11.114770743778948,7.501653514656962,-4.666235520568014,-1.8402376973552288,5.806280768348048,-1.6283717681402154,-0.5343293878912444,-5.2459309528820555
1109.4261797525485,-1087.304436990332,3900.7415260353796,435.7119633908824,-10.41714135034315,0.0,-276.68161944336345,13.125201058540444,-0.5804493770521836,-104.04322245099331,-9.665890422702983,5.553537329167582,-0.5273028719964978,4.89438565693675,-0.6195062868651604,0.6469453185996474,0.608976732614496,4.166113010925719,1.9595251317161722,-9.841421200375624,-4.9215710023285215,11.61908460025302,-4.175553024751711,-19.104574835289423,-6.836065435693581
1728.1043017105737,315.0127522268603,-832.952247067558,-532.5236635792862,-7.778930426955921,0.0,-288.45193312456297,-2.654598863592108,1.4770091715918285,-0.281651903225697,-1.234922538850728,1.925929559665848,1.765528639564617,-6.007460950044708,4.960439251814341,-0.95775812520012,-1.187940587957346,7.191567059661972,1.800358632152919,9.419518205865637,34.649697917477404,6.474886825461238,-4.765014126593949,-6.476938320403661,0.40364464702994507
-1079.1804552692306,-712.1657720186026,-747.28741036136,-41.98907921261961,1.0806327511945064,0.0,-319.36086172537864,3.113901898053374,0.49111077817919396,1.1878446686691908,-0.21849425757636012,-27.020182238288264,-0.010128211853579597,-0.2204771197693228,2.810238198856542,0.6963088751614325,-0.8076371725504805,1.6271866780113775,-5.9583708913919216,-4.440257681986531,-1.4772342751104166,0.25470283345672184,-3.338328055918151,-2.192343185827016,-4.322218695139194
-894.452252479059,539.2173201654076,-747.6036643538944,1024.933059388104,-0.8609680474140786,0.0,-307.21367828257473,43.59723538311165,0.30747633090389714,-1.3817430982829078,0.3119055868619973,4.66926932782341,-0.542370181325629,6.947032354000342,3.8250533422295736,-6.87089307339216,-1.4448735789127676,0.6972731586068817,1.891652461358023,10.066626920298653,-5.280669336362509,-4.90863225000749,13.009655604258326,-2.2627669872326543,-7.90602635704074
-1441.3092028055485,-206.088762135156,-1571.8274017375504,-32.090177238825326,-8.075901958938164,0.0,-313.01563708925215,-3.139071777707237,0.8775749116272445,6.408674249189476,3.037809037842715,-0.8034591569596664,1.2723759633112952,-0.9299246920982907,10.061752738135937,-21.91614324327047,-0.8264698179917491,-0.747374226903906,1.6842658990412729,1.9468029160960663,-4.751224905487642,-38.71378454226965,0.9266315555240278,-2.007322688313568,-6.291005412746514
2073.7835494643505,-228.75508800184562,-378.9124819778828,-162.14597219047246,33.75647496127923,0.0,-285.64644997345107,-1.4106053154733431,0.607861855747852,-2.1912619439975516,-0.5255280111162348,5.269498189167251,1.4888144254280762,-1.4980521421929929,-20.282081651523466,4.1126399421236375,-1.6052243699163424,-0.3773815751036759,14.536032150671955,-13.120262252614847,-2.1484052306045482,8.02918114170309,-3.124563105871428,-0.43965777425601243,17.435985705447354
-1456.08705621847,450.09190466897803,-2202.8944128217886,-440.4849685750172,-0.12189366462314555,0.0,-313.0644523027633,5.862083907345045,0.0010494276538631732,0.4344083800634749,-0.9350566004987936,0.49217280737331853,0.7109111964603898,-1.8181385811444286,10.296682699607448,-9.877938440437166,-1.876768443203023,8.651526745556906,-2.2860567974387753,-8.953673263144646,-5.854395319499672,1.2413427926046028,-2.4333913958810904,-2.0171313670439295,-3.0556505708566384
252.5530552929307,-88.74530926448976,-2173.188586168537,996.9825363563436,9.970763302456293,0.0,-292.7505356613457,-16.979516139728965,0.564361409271621,4.9452865286634875,3.1071823293961347,9.873899895840484,1.8491173502730125,0.2801412564025071,7.189306359218368,-17.50770285010898,0.666123308783811,4.0033150599044856,2.034861873613636,-7.7143911481932665,16.20428645089398,3.4671332043021867,1.2855678120942184,-3.3878757129775794,-0.6707572494161017
561.442564081544,-529.4590839233191,-883.384293399897,-543.6851802084766,-11.443290744901617,0.0,-310.33677208254034,0.4981978731412233,0.6315969553408155,1.7412256921094718,-5.136625225071019,2.192115661593159,1.1953586077525253,-1.5800068544086803,4.8584737335770996,-1.2969787164608066,-1.3003065250096075,-3.06344913649585,2.656658094990201,0.9493247667431339,29.2659802361272,2.3003415770573095,-1.2654629368214607,-2.8277764992755006,3.0517272740166494
1766.7831225969321,821.8525977302187,-1231.2900219953772,-474.01591764851435,-7.345035457759852,0.0,-302.71617420731747,4.741998365302896,0.4266076983227158,-1.2263958787483935,3.0709960153648153,-11.693769453889674,-1.054850918294224,-0.7641964576284177,7.933387034524308,10.765752694740971,-1.7202075114298696,4.726494717332381,1.6746837617575436,9.956909651302912,-9.075189300909766,12.065402902570257,-4.533694510520442,-30.435105121426535,-5.096449064446582
-1326.6410810835239,-403.7873010574441,-2215.539638520088,-417.0998253782536,25.621106082803585,0.0,-314.59520131286456,-2.2721368746095028,0.6773530408295654,6.42818337397295,0.9418049303795584,1.1861433661256044,0.5365396644368284,2.089452771911063,8.891985680580852,-1.9714172890851747,-6.70032496615202,-9.3370997219716,0.8790673626199292,-6.616100764635162,-4.471681136087033,-22.71969650421356,-2.0023265649220243,-4.829423684799794,4.745600716388048
-1864.4576678394678,-332.4390495583553,-1642.4660176660066,971.7604411755701,6.209657927273339,0.0,-308.92579390992796,8.58780427255107,13.032428350264082,6.722308803446862,5.693219686593551,3.8808271089046946,6.0687582174527455,-32.03472471211915,2.6861576494447967,3.253953480524598,-0.5366993817987692,-0.7269992013413875,1.407728889946306,0.34664958221514075,-2.6462720309768417,-23.058234759664998,-0.8072349808672974,-7.2838459653795224,-5.73636898563856
-1658.2719780621564,1345.11512489349,-782.9996661960113,-1134.5424514552853,-15.654306836353436,0.0,-310.1357542261114,-6.787611604184207,0.26203042130349685,-1.128919481097134,0.1334341372519016,1.4071037845410745,-7.842000647433119,-0.34982688090971353,2.953937575467869,0.3770515166321564,-0.8247587841932275,-6.116438953967544,2.3478751560639832,15.40160007394638,-18.51611818586941,4.800184712625778,2.4033598957198565,-4.955193377616047,-6.262997881257192
-1667.0445703599053,-145.5098241604845,1093.0986372168177,-916.1866107324573,18.000173608908455,0.0,-281.4084307079521,13.20551591827262,2.4231986364942326,1.5615738890727309,0.4823806787223137,0.7302624951808174,-1.0996036328000174,-1.8141771977358077,2.4036250995737047,-0.7486312165322959,5.313530962414274,-2.842795274145029,-13.93007544729472,7.838541586492076,-15.073781065533472,-11.05747478133435,-1.015701957935276,6.122762048158324,-2.429540125653864
-2053.054738222097,-367.4563616073831,-823.9016997385512,-77.43837797820545,3.547403321350807,0.0,-334.59634098873397,2.517791252446624,5.671567137682084,1.1021943867438457,-1.8386886278185783,1.6482955977815439,0.5858489484023914,-4.113964164940115,4.027919967816171,3.465301411491905,-1.0610416511024294,-1.2973951559008166,-7.599536666294735,1.090764723871066,-2.1702029353560497,7.7034021389336935,-0.684038070120696,-9.015633970863835,-3.2425385805015066
287.62999650441856,-1193.279408212833,-1648.1694906779417,-134.71565865068183,2.939874614472745,0.0,-284.3176643750987,-3.318526907164855,0.44443490494187005,1.3108009495996038,0.061687702162928015,3.0375993303748667,-0.574624025380789,0.7133342530785426,-17.359416742921766,1.0870431427163432,-0.8601219633516061,5.6357958687449745,3.232889099250427,28.341502425950562,-2.795974176245084,0.0037504915669023184,-4.965086337341591,-2.4233936112726924,84.79390642184165
1403.188155079124,351.2625611355359,-1225.8186721951643,-97.96737962083928,-0.7358607322147055,0.0,-294.61588843722814,-4.078057971996762,1.389772188736963,5.101535702241753,-1.5939298489207392,2.2662816236668872,1.2922514140825705,0.43213141523227433,3.726217097981182,-1.156750976615051,-3.2277615922643195,3.6484366694518213,1.3702462523049166,8.197318501760611,35.82056653061459,-0.10156772598081998,-2.3765042817673656,-8.996534861885598,-1.9385697266094692
986.8823149091066,-42.16404416637612,-1667.6258396642074,-943.0918495527047,18.868798306849417,0.0,-302.01139205087026,6.074118007677057,0.5583878491283866,-0.04818881881661464,-2.629043431687072,0.5314655367057821,-0.614568982097604,0.8051757036033502,1.7781090309596617,-2.8302578295828287,-0.6565379220855567,12.266042821774736,10.25340054917252,16.2869986483272,-11.280462227823339,-11.37022480232511,1.081896301952339,-5.970520383678355,1.2473237809188789
-1633.3820098471654,226.32554710102087,-1671.745710908309,-997.0961510201067,-7.1858471154226935,0.0,-306.9023601736041,3.9622669384872227,0.9028112172507299,0.7021248445335716,-1.0074343757665005,1.200945146998344,-3.487254388534519,-0.8699141727811689,4.0659114048801674,-0.7070201366381318,-0.7928874921153891,-3.306317125090688,7.868812243106853,2.9815534453445305,-4.691446385140703,-12.754251138898631,-1.4000455356261743,-6.017901416286638,-2.3742392297132717
1548.8864711281424,-935.9628309405587,1149.2432624169764,-496.80124596314073,17.047294185738153,0.0,-289.2361853380416,-15.357623537670342,2.560145120472609,3.3272597735974148,3.3129736989053833,4.140218282658661,-0.18511524855429493,12.104315913127333,5.173460930428332,-0.5943143978062073,-2.3116515022107857,-0.42984413348933936,3.124881342251088,-3.4728033838790244,-2.750043549458553,7.7127730901226,-0.9023220172601754,7.610926387167357,-6.589838195842779
-754.284193326876,-221.70366366315605,3966.110178932224,-430.41192909322706,-7.592342213414983,0.0,-286.1136223752379,8.89401662079361,0.7042484813695562,18.529966358933585,-10.330744442259041,2.199626797042195,-21.8228207299492,5.9137753075066115,-4.339346982815516,5.539910993957679,2.446125394261507,-3.0551048569855515,6.710409896354791,-2.7292978857161057,8.32852089434918,6.386808356509495,-6.398211954599737,67.374257259919,-3.275590374114313
1785.5283827198714,861.5661988793441,-1317.516864073867,-96.31796123581356,-52.45083190826301,0.0,-306.48436099611433,-13.114544097360604,0.025948333172775985,-1.6664332749898287,-1.2927236496357606,0.7224763586402981,1.5479604506881655,-2.5395946000256218,-19.561727201240497,4.2859005918726725,-2.3794854722200025,1.900430119797197,2.9777163988485484,-52.55187083434195,-14.085570606447279,5.890087044969684,-6.302555154169155,44.47979240308143,-7.297325291803137
-1263.6225310459658,162.30989441201774,-1831.7723094712874,19.97535179706459,11.274277464434462,0.0,-309.7844783210678,-21.6469946011128,0.23993672652802722,-7.261625881556502,-0.598544442028298,1.9234137014890271,2.733590450176266,0.34845591357446437,4.732796248598507,0.16708114226671644,-1.1416790903360852,-2.7336741763541426,1.6941121195180202,-32.34193647031526,2.963907468322193,4.165837259205526,-2.96961759937452,-5.745041074637315,-2.523422596756958
-321.3369912938133,373.79970303104,-1205.3041480789732,963.8723784437691,3.3654105525604825,0.0,-307.6981934039846,-53.828990000162236,0.7327212144897304,-0.4076847093724585,-1.1484155037395596,8.773492004161408,1.2136620556817181,0.5361147679162549,-0.9765116793544127,0.4514187899694567,-0.8672522266676522,-2.5950649328624498,0.8354382470256412,6.514802108870605,-6.195114026889633,7.595289109246133,-8.685282720735731,-0.8205632302215216,-4.795764961748636
700.7455743181135,-288.47506105304046,-1603.2221214355652,987.9841316280206,-5.601934071270043,0.0,-296.16129417546654,18.612502431336164,2.0823771059943423,0.7325918328403546,7.513421706910673,8.08376775678604,4.186391360413761,3.9743895506193603,0.054485055326197476,-15.625389579036096,-0.913304862376638,-4.295226698629169,2.044702939953517,1.9062797945864034,-4.244883538501352,4.869799490284887,-8.334964261672521,-0.8115626663100852,10.614330528351266
-507.6348958443135,463.6565334809374,-2340.563871008261,900.7943622741036,-75.55842038788492,0.0,-303.99111592567596,-33.05308821401705,0.7543650209257656,1.986810453937392,3.0019549426235876,10.770689223925034,1.667750889474478,-0.13208734880677628,3.180704543810896,0.556398981574634,5.725609334571056,13.07160697018928,2.028329430414629,6.853824291597399,-3.50455424237225,1.70125076277791,1.7499511901791684,0.8059408904795404,5.0528187846067185
-1828.6435854301567,-351.19798725566153,-1158.391831015168,-64.29350503644449,-9.165116071930308,0.0,-337.45378794639385,-3.805056608378334,11.034188845496656,1.4900150465030513,-0.4933090255142845,0.833320112156084,2.4310779159955085,0.4395288895559014,1.1512099522677455,-30.65345329614057,-0.9427986093908591,-1.8401566367597675,-11.763586235626288,0.38036918334242614,-1.9485864351465034,6.931774084053458,1.0791073353942442,-1.9760603832933576,19.592874474100494
-1905.6503045121087,40.78003199212668,2589.4174763869223,-72.59608549375886,6.346242107405724,0.0,-284.85688854143353,-5.758015929037253,5.896536757689722,1.7588616228494187,-1.1704835984738837,-1.551184274141514,2.69790343466419,-3.1093969818224068,3.306469975950172,3.702433362569811,0.27213426452530015,-4.346050542570687,2.1003604847921387,4.280526011010587,22.52126807714481,7.180459325197258,0.515966139037149,25.43161925319438,-11.783405063734048
-988.8548247358101,-696.4247545342092,-1122.4293038918952,-82.2304008208253,15.138001357433192,0.0,2773.211632532635,4.363840037694518,0.5811309432403353,0.6092542964724234,4.373992090664765,7.535283889363848,-6.505657344343183,3.3848679554938776,5.562926511824106,1.5783439959161238,-0.47892844192414574,10.549737030874693,-19.225175851309288,-1.44345195934633,-1.4977663779892998,-0.018480038394215477,-3.132320430830338,5.226972661531539,9.200363474270228
911.9828417202917,-567.7573170238453,-379.2243261002258,1040.2228577992657,-1.9231636444148945,0.0,-298.1140603902524,-1.4419486036501934,2.5616987808090417,0.7280061573540912,3.8708713347860795,9.527829301285143,3.1104377740226052,3.0050714477919414,-1.0696477890626732,-0.37582247022838755,33.13266979493445,-4.204646498736743,2.3177587728568168,11.2924607660438,-4.999287998756698,2.3771756382662974,-1.050124269586214,0.42290831873254736,24.267411855034272
-16.226859548949715,580.3298975215613,-1097.2591706077278,524.7211796457693,-6.385353314968651,0.0,-307.76369726582766,-8.005291528603102,-0.0954577826354791,0.018654962161469182,-2.405875857263473,2.6199123550910373,-2.2984809975209473,0.517063389199839,-16.081809750897385,1.1886802217631316,-2.726677525273042,-3.257773026089389,1.5190850904733542,3.5281751456079444,-6.600690915798823,1.428501790362914,-2.7148494561103464,16.61671202772008,-3.283757310944013
-1873.9559673485362,768.3081790357552,-328.50204358414294,-445.6282194344689,19.559993702377383,0.0,-326.1908994863818,2.7392782973131764,4.821868894810213,2.5730692308778886,4.212359866293238,0.37678746453845935,15.52071294752653,0.29045937958097945,6.716686849676233,4.294796717766945,-1.0376954448410916,0.7491791014698597,-0.8770797776819536,4.31152739576359,-4.314994141807382,-15.176008748587694,-5.46711314939182,-12.69429311825409,-5.424622422084116
1919.1967969068237,-886.6814776594208,1147.6890132292833,1234.8238544488986,-4.308770751544949,0.0,-280.1651000196888,35.78587036694377,0.7128290027309653,1.0810392635674013,-0.40638563407070727,2.073342301402946,-1.3164609031928225,-0.40259658176847596,-3.41314628587487,5.487781654118367,-0.6091232796834176,5.698345333190448,4.859024829871341,-5.289868551282829,-4.290785461706307,7.4188591057230875,-2.228721357191625,4.777596650531618,30.027658115125565
-1138.9081236421753,-395.49976291452566,3978.0900924640464,-36.49581293718488,-1.3215339477137427,0.0,-294.67634017316846,-3.559597431636247,-0.2584640477051963,7.204220053114945,-13.465137545575338,2.8132171079677186,-0.05017335372311871,5.437497613394528,-3.012740233468434,0.8302942270644621,0.5573426644264035,-1.2850273963243417,-4.91199116371139,-7.335750509852013,3.502697655658141,7.033911272743621,-8.433615963993535,5.2251086271371125,2.1588009838568403
-1222.3927202786872,-398.9242190611343,-1947.030882690189,-959.6576706161893,-11.31540407217473,0.0,-316.7115456998043,2.6706889114881727,0.6121618741361519,1.893745222180629,0.25208311808218153,1.7486800612175455,-15.923832943116015,0.10605125478036317,0.9053477425091977,-1.8288582196044114,-0.46448330351045114,-2.2055552818603554,-35.48594028911779,3.002078562435432,-11.235034563990633,0.021194292295585775,-1.5536528351354846,-1.8271314699952743,3.1044699910292786
1073.6252419912096,-10.816555865217449,2485.13868037053,-1007.1164896268327,7.144760082265946,0.0,2727.5718655048977,-3.2358496595326494,-0.07636571170020999,-2.9038126268447617,2.157943944365316,6.5913820152410985,0.8314548643563422,10.013294665077137,1.2497016521157862,0.8959936059123533,11.754669061111855,13.226062300109952,8.31546926288256,-32.25059313958685,-12.361300063372381,-7.360475889481957,-4.5070728200905785,5.418268016823537,-6.502947085206794
-828.0137896542279,-918.9042009645992,3862.046170262855,-947.010642903396,42.21396028352969,0.0,-281.638857822708,21.60583687520843,-0.6469895543198612,5.367808713438938,-7.574204611406837,4.824940680595886,-2.6089664711205076,2.3889709107248165,-3.3215435351058704,13.99284844630698,1.6732043237024339,3.2284319873323386,-4.267804653905243,-2.573801241275337,1.410714089585616,-7.876410321765898,44.51505638036281,-6.763127988248089,-2.255447835363531
-1944.3747131400912,163.2119215629109,-1733.3819209002559,-470.0607832332802,1.2737698921287786,0.0,2650.177779735024,3.850458364238135,2.9682851932478873,0.7895843262023846,-0.8794382501172102,3.085884947744206,68.26017464360243,-2.2232510400572214,1.407726787856846,2.6110976714978187,-0.7049826112373508,-1.3321326173100698,-7.293371538579207,1.8069374497313297,-1.8123759318325763,-0.9017140424842046,-3.0525501201892866,3.1067977961747606,-4.127061397155687
-1369.612590205031,37.29841063228106,-2273.044579394726,953.4588208803192,10.338665360393128,0.0,-294.4917076497762,22.543746354245357,0.6600171498237483,0.9281150104067362,-3.64059713352253,5.834106949260061,3.5762588997809384,-1.336998289909858,3.5932635839266984,2.2942168635123332,-0.05278754868411996,2.7038576518975748,-0.4787241151103395,4.77311053668049,2.2405184530605027,8.637088008997923,4.391049116929698,3.873462621962204,-2.1457978236853177
-751.9882806523881,-773.4685692500277,-303.8216465431079,1004.9399404666871,-2.3191421452842738,0.0,-323.4913702062317,-14.831838293029126,0.6363665456611582,5.613974947408151,3.2504083311418013,13.595934771323464,0.3580232379000117,-3.4136567291919,0.47193638670085714,1.236388761932054,-2.4827857099175072,-5.2193772899565625,4.7328794819674815,-4.668829093708339,6.996874326816502,-3.453702143336004,-1.2575799642263874,-2.114306118532017,-7.531020860438732
-755.4077762596946,-622.9837702075114,-1772.4065324741819,-391.66764647441016,-7.66432054613609,0.0,-302.6863242830599,-4.939968817688291,-4.181689814974481,2.2058570189145374,0.43162053701380226,1.8348822194894083,1.4494415660760478,-0.04924882730499701,3.6196330357425524,0.32553058952076175,-0.38080866804614705,-1.217303000684688,2.925930170748295,-1.1757172690910873,-2.245699890097259,-0.7573767010451578,-1.442831426402475,4.509973590488136,-1.8359616211384335
-1358.527806581055,-52.50571079819533,-2253.872259502054,897.775424174126,0.7582099028077727,0.0,-294.560733165693,43.614921335742714,1.159979020718168,4.473588785461353,6.654007909354111,-56.1656603463509,1.8934394309017502,-0.2342888007730006,7.258830073218547,4.785472262609851,-1.8402970341213662,-5.685658426481387,3.985693849922527,-1.1546477656274785,-0.9566584242213104,8.000186684568828,0.173692336984937,-3.419561835478647,-1.9554215077379453
-1646.9408600366103,-9.823176457193261,-1588.3078298150665,-869.0228256060591,-12.624657270300622,0.0,-312.1106186161054,11.361531363391169,3.8643038783989456,7.018327669106127,4.288200751929137,-1.0983351947097668,-1.223786325190429,-0.6072328431629797,4.519708284379623,-0.33853622593993654,4.188048264836612,2.4740467981367185,8.612020376416208,3.0974979131340303,-6.646711092999467,57.9962634143411,-1.0031741019460394,-5.077774568300535,-2.684068839202613
-429.1556834942181,85.34473682911349,3957.483690876602,488.99755012483183,2.4131055366575205,0.0,-286.38975974112424,-16.417815664503546,-4.127511231082291,15.943276047276266,-16.393629233566386,1.8928659730083157,3.5460372106195064,9.247538788010685,-3.291472217694452,6.873330391072545,2.0057596255573333,-10.796422167066272,-0.8959284805190785,-2.6374719862350164,8.745809364027787,3.257184107985295,-1.3296438158761577,22.263208506339375,-1.7242839459401396
251.91735342619486,-252.4828549583125,-2299.512723520304,1044.3286333364651,-88.06687652338722,0.0,-292.931319424403,19.650462552185484,-13.509019468343656,1.4916110474829833,4.2480206219046455,7.589767546801563,2.327051044951326,-2.4675215464025957,1.2416837413752184,-1.274358472339377,-5.034394105695271,3.686376033519245,-15.011682968912782,2.295447505206086,-3.5132062008148917,7.730124621220447,0.9796524947692415,-1.720740464809953,5.561283386199372
-1465.569410790991,37.70925891955895,2501.471719953934,-467.03566386566786,4.542618564980588,0.0,-284.1244021677246,21.066262723201145,1.7155415827295342,-0.034089590826661485,-27.826145733077833,3.8084406672341666,4.604209117332692,-2.737843143907515,6.251914600094775,0.33123986261970434,-0.5307788296166774,-4.714153282414085,1.9211428317915376,6.161097591218708,-3.813835320285974,-53.57141468993534,-0.6413215283787493,-1.5154533661512928,-7.615428602692185
-953.1218575327474,-223.98841022620795,-1645.132146220495,-829.1839209788886,-7.325172032229019,0.0,-304.48200409837074,-2.4942807150848676,0.5159338234619141,1.978104666347371,3.0046729254769504,-13.802905333942045,1.330623701949265,0.023969412881429487,3.005097148014172,-0.5712817256983584,-0.3690931447432471,-1.7839010337638341,8.162090079214966,3.6912549136466652,45.04456882234112,-3.926123940763826,-1.3807373609376086,-18.02487071861942,-2.7265175984324603
1497.056978465842,-315.44256702263016,345.1714646859215,921.9849007860687,-2.4257527086376265,0.0,-291.0195924982016,7.423197885291729,2.36856375874615,2.52574182814912,5.157233060510394,5.426797160762929,4.905649627212413,3.1346374100041556,0.08849539134559606,-0.23961626695788407,-4.213766555994017,4.007415673595157,4.211517178441704,-0.2542334075298204,-6.8066594029187675,-12.682029317723883,-0.6987664276225483,6.765045355506707,-6.897923398258355
330.9290587546595,867.9581049424394,-867.806180186998,927.0319953175514,-3.5574245743396617,0.0,-315.2298157984637,-39.53169586157991,0.6515229845630602,-0.5922946923854407,-1.457756879338736,6.828026065211072,-0.6225702453530837,-2.620039585363636,2.199514677625892,0.22896890331060196,7.438219011342728,-4.175967565491376,-13.58502055113027,5.018194290689446,-7.067013101186917,7.058485168502099,-0.13026899987262555,5.366392036849203,54.49200069364511
-777.3449772550869,-298.76311441293257,335.84051466170445,-110.63070748106115,10.652529530445817,0.0,-302.35656185371954,0.35042683218240517,0.6910651522609579,1.4316953499082816,0.2195187755711636,1.5654021222995413,-18.015617045280965,0.3527477093978678,0.48103934568870305,0.29665389741541387,-2.822760619704509,-1.3570760263924309,2.582279538637155,2.6882822986634207,-3.7728794275478994,0.8734019467956478,-0.2300652139925461,-4.968330235463162,-1.3395284897079276
-332.47672452134157,-709.882556213328,-1161.3990732249188,-889.7375181975314,32.70032320244675,0.0,-324.75912402759394,-3.1380278629182117,0.5657619948387862,-16.937062975899117,0.37979807653808806,2.144000694856516,1.738411516463837,0.2276983269552334,5.232610852746,-6.982230343510235,-0.5145047529941493,-6.199114191934213,-20.560115209821742,-1.0264680126889116,-15.06336518983538,1.4887227786644621,0.03875473167405323,4.56636366375267,-1.159169031431783
1088.7729060491738,88.59108701463408,2507.046168855043,473.51475768034373,-0.9978973670020739,0.0,-291.757087749612,12.002703318755133,-0.8729582956737387,-0.1501324686710657,-2.6330222987914285,3.6105472287709666,-0.07038437517940549,0.08274274578868174,-1.2291826819028793,1.1529390571789397,-1.1694113670867061,-1.8892873827289738,1.8419536222963546,4.382872968160411,31.641372004733253,2.2319803271473226,-3.0607909043055868,-7.803994721587207,-4.306310525811753
2011.7241723061713,-373.4485504910496,-1225.1454066228446,-58.46224585256298,-10.948860312997578,0.0,-305.77679699263797,-1.3169623078128432,0.5524421379679256,-0.15593501350652555,-0.3060868115465402,-51.19688172205626,3.317270952737415,-0.8873957553262561,0.43201613319809856,1.7436696631619713,-0.9174354281387724,2.840026615337172,6.162264836602617,-7.864234493208572,1.0163975118657909,7.467158656628654,-1.4615714149805794,-5.672283028593218,13.896074413567234
-418.3714272958897,-189.45899772314843,-735.6426678801638,-436.29100243672457,-12.608720614873748,0.0,-320.9061940468321,-0.37435577624350164,0.9327931396225121,2.609706144711685,0.4193923963388166,1.3836034562879362,-16.876448857525574,-1.2163604556204541,3.275746306315914,-0.6245173687310124,-0.5432235988052028,-2.5060174005389095,3.3195588247391408,2.9584042543745355,-0.11981662427220463,4.93460901110874,-3.635208310190483,3.813785516401859,-3.05992609787211
-2006.157451543723,-851.9683635589146,3883.67664782455,-916.2799890504509,15.547422554105367,0.0,-295.8019044792694,15.748043597813759,-54.9787119138709,9.38091731874907,0.6554559224298497,4.025598270524049,0.30595924037833083,5.267127242337591,-0.3677477592489389,3.190780903945164,1.394314706693743,7.4547275156609025,-9.005585718241129,-2.086378187947223,-0.09671420596233538,-0.8679492323300617,43.070620123695875,-0.6286465715673177,10.788046352306795
2033.6034550734082,-264.55744037649015,-2193.5993844466866,489.05179184814995,5.864178934907771,0.0,-285.60006829323197,7.845019091320631,0.5212037149528385,-0.13482135725465083,0.19141885923349805,5.179102916461867,0.8128204117337952,-0.9728466486932769,-8.985754779154199,4.888249854181652,-3.990265522547389,-9.01701789232133,6.4992536726429,-3.071092035354803,-0.3883855427495244,9.622806447839965,12.103695133145242,-0.9011247612299393,-20.126285745677308
-1732.6530170864428,-199.54771956880236,-1175.2134188028624,-36.54473050959021,-6.016351062389384,0.0,-328.6353034730013,5.420602308275646,0.8598330395634541,1.2100346984276418,0.09552313951731226,-14.56010595298065,2.3448910515677563,-0.709861513048095,4.011554976181255,0.7547427322356575,-1.053964733008862,1.4877056905786985,1.8991808716786314,0.5054161869868086,-3.2579831305321556,2.019339459780522,-1.3021349899509918,-1.675039185168551,-6.581242507467041
-2060.315550434191,1678.8551456258538,429.73864308264643,608.0236825062215,-3.491054493109669,0.0,-297.3382318641287,3.124455802461419,3.9403813516998425,1.3794441456669853,-1.8827763279074705,1.468447161066948,18.726960440770984,-3.0789328727744865,1.5833474767001081,2.563855591189981,-1.1589793064658953,-1.5824684989841578,-0.9291144436486563,15.298237834940565,5.8845479886221534,-5.205272656238517,-5.349610495853226,-9.266122037254629,-4.679414584596802
1082.768732565527,-349.4814488216367,4128.39250086999,57.13050227527113,-16.992917454655736,0.0,-270.89946972227557,-1.464082752274467,-0.2731515584152238,4.387039606897146,-2.774950573986249,-16.439417326422557,2.531342940757424,6.546636526643067,-1.3339899316540835,0.9790240801992106,3.3669213073717494,-13.150717031162488,-7.278008976082131,6.882204374594825,-5.419522361802167,6.723545692914458,-2.021789523100513,-12.22128779348971,-1.2988856582193022
-1148.5777677189647,56.91922387935298,1021.4409962656764,490.44732317473915,0.6352581209057236,0.0,-283.54648881496024,-4.8892733210788935,1.0419514355364035,1.3883951176578844,2.4029851794825845,-0.6545938838853286,3.6934294134023142,-0.08949235560267518,5.143519228260507,-5.5734600152998794,-0.9462010950157405,-1.318216434239993,0.715405954509191,-0.1582980679352198,3.0656903954966332,-1.4355640773106506,-0.4338863055217937,2.8933863399144117,-2.6475964322619574
1992.4819467401885,-1431.538127775837,-837.3952461346953,-916.117178248905,-8.67793550159093,0.0,-274.5455557273508,-1.0449618506568283,0.4708706976373806,-1.6271059357176243,0.4293543782859523,0.34775556879943836,1.8352133618006308,-1.8764628546915372,4.240680787467118,1.4726761723624036,-0.27687023428754665,-3.503534309863728,-12.878156902248747,-2.3176787630147437,-6.789927176498157,-1.227306624323995,-1.5507357892398728,-9.539122317154572,5.465406896043507
-1966.39244518677,1150.718312386015,-769.6689030868322,573.1491100419294,-1.242653677830837,0.0,-295.53847328705046,2.9242184912271085,5.520813225666479,-0.4428947715654834,-2.5158971449745477,1.5937074341221455,-2.2714022396358975,15.789984926232586,1.3545997866493886,3.9393811514153456,-0.9305753867506988,-2.489090354500726,-0.18804202808628073,9.025346948052041,18.435015871075922,2.249536457825413,-2.2087173343286692,-6.570441957466067,2.1024878671506126
-153.84456264711665,-13.694365979269227,-1942.29660669119,-142.2172663221508,7.661841246373386,0.0,-298.5035672514391,-3.528092158856164,0.7286547361296594,2.1437223618393797,0.20853153801277674,1.1020602807575441,5.318474837862823,0.5465700418494208,2.1319161919643608,2.5792825633352887,8.56702229702413,-0.32672882394143904,1.703511587712809,1.8904675529498094,3.3486068457836855,-24.889964264552617,-1.0218494409075136,-3.2162937614430525,-1.780242165106004
1844.9958921116488,657.905976016323,3760.337477863399,-1054.6427630454791,-24.282020344208302,0.0,-249.46771859585556,26.8215170069737,-4.177262561667623,10.739064224599945,-13.936099791872318,1.2064796070885175,-2.8105590041748587,2.0117766570265747,4.280814092932273,11.640721887784949,1.0816650696080552,-1.280026143093697,-14.458807254154735,7.466875368300662,-10.142157439705256,-4.678659733589958,-6.006421464506801,-33.373812219402446,-0.7650442088551971
-1309.499564432135,-261.7811979641139,1044.8404000350806,936.6613696950789,14.079406957265936,0.0,-284.6062145424267,-31.627108571243692,1.237329813455239,1.8829191326613117,0.7632465054624944,-0.5144985622195276,1.1116068260674021,-4.922661727637363,10.250327068388835,0.18566054495739126,-1.1021093233504424,8.012296366102241,5.139264686025602,-5.813267859314949,-10.323114599077488,6.107940938859184,1.332249616044831,14.557076272313052,-10.16275008680652
652.1524236773886,-405.40724987559275,-1221.3769071336694,1006.2095480097915,10.196762730545066,0.0,-322.96222898491567,-3.1350174157185426,1.0488056226081373,1.4894830397626682,1.006362440198197,14.752367360853894,0.8300487732706411,2.706352799425454,-4.819114211585129,-0.3500410537590849,-2.681873553759749,-5.3452344989227,2.401423436063508,18.56533016202318,-2.847691270927194,6.227225331615689,-1.6592889136958164,-5.9946085986422615,11.14243320952085
-314.8197816926175,-808.0010927159576,-1795.3807803271786,-118.40871465905299,-1.7898365022850133,0.0,-304.16617216706544,0.4299898694033383,-2.4528871699076418,0.2687846671705115,0.0915617502265901,3.102263088573243,1.1329712982171267,0.5335822764664672,-2.7479546666553736,4.662652217844433,-0.9216067229484045,0.21343877127999095,2.0199123232925578,-5.982885577327311,-1.6219282682720015,1.4917967200601958,7.061318847603087,-0.25842600363077245,-1.2028484762133682
-734.5295994466318,-747.4497149480994,2511.1597676680817,-954.1447575781791,-10.08455174041475,0.0,-284.99276171955773,5.437895372157747,-0.10436752881590175,2.070495408085691,-0.37451948300747795,0.39681593856223546,-1.398755379589794,-3.4965079696536896,2.05723670222174,-1.2558984052146573,0.8023427504908152,13.398227212262494,-9.40590726550179,4.9170990800224,-9.861067284064776,-6.290879250213987,-1.5149665882571,6.848768687226832,-4.345605956092237
267.04760570686415,53.499612113492184,2435.4221361618565,473.4854825706658,14.285514729864111,0.0,-274.22477026291676,-6.377040117086857,0.8282606126006047,-0.5667830293223431,4.6027545106613985,3.239775679024213,6.064512641265172,1.512672963794143,8.639619967911754,4.455139376635438,2.054001548162374,5.978215119413214,4.599558524618265,8.7081262578853,-4.376289174909631,-60.335626860815296,-2.981382804075243,4.423283460767351,-4.34705754295743
904.9563229107238,-337.56453486384623,-1881.4231623108947,527.0233754017264,0.6691268560980728,0.0,-309.9876182956014,-4.251331291505406,0.5641013671036835,0.6370897005271766,0.16786732064169918,4.120182904871824,1.3322571908532905,0.15795544286299215,0.032873737370809425,0.055546246532265475,9.444695545953143,1.6238014317835976,-10.697553636304791,2.7258401155244756,-7.276491847103318,4.111482302197121,-1.1346266383138361,-1.0652681334407939,-1.2788081967842744
1052.24771464194,187.14694958451247,-1140.5463353069563,-516.5682745981612,-4.147951085358728,0.0,-294.03664087359897,5.402450033414227,1.1731956584534602,2.323018775230867,-0.9188945543056787,0.9500698926032811,2.2549705566579554,0.2505232749521874,2.006341408281014,-0.6789461021423026,-0.9705556972244123,-1.4779485795825782,2.6350912652612988,5.714840332898356,-6.791883751407126,-14.033234625900967,-1.191626512476582,0.6430893049629195,-7.020662468844745
1013.5891487677621,44.46113255826384,-334.09430945043596,479.5842034777279,-1.095601196866099,0.0,-285.12192784225607,-0.061589010587645605,0.5812345177002621,-0.1278926634789138,0.14340022545426906,3.7961760976771886,0.05856257613227872,2.9916052641025233,0.636222363482084,0.08947078188813123,-3.974127095129039,-1.2492750148103595,-7.9353070868459294,13.531983872846,-4.793720821398699,-2.1177591837686798,-0.6671342297740732,6.186829538295268,-2.2553820164615908
613.8983716816244,546.14446721921,-342.03901547290786,-1011.7863262949675,-3.214341286277445,0.0,-324.8550068110863,1.953900093740408,2.651643239010872,-1.680471647200796,-0.6237111153515235,-4.984771106868548,-5.503877612614705,-2.774012549275337,4.356954511283675,0.45582797547918824,-1.9428685280981044,-2.224127588704962,2.6473306715025053,9.755377369366913,-12.398501901130079,-1.841988534534397,1.1311758280378634,-3.7505816415969697,26.53335905407968
-130.10735698366898,-743.9260578795294,244.25019505612875,-414.36861121016346,25.498537034286286,0.0,-306.20002550538067,-0.41699135060568115,0.6186682278017874,2.2116956510751145,0.6436092156504593,2.550458616270359,-0.005767455421732296,-0.6898515783878227,-16.58721611055509,-2.3468017150859746,-2.563296752789279,3.044554719889755,-15.698201840817944,-0.8823142833845072,-1.4826387380290738,0.6643393677532838,-1.2741501501147332,-2.649201896870007,2.4329280284222428
-1583.453771617598,-58.91515902263894,2598.953877246213,887.2201824574702,31.926676355987965,0.0,2578.6657364360076,8.045607568658625,3.228544437677481,-2.655198479949436,4.488620646156396,-71.50784276755186,-1.9300913354353788,2.2920938181867108,2.08621937748168,1.3187942616434534,0.2354480398665723,10.040899302572605,4.761253714216795,-2.407149773583781,-9.283439913975736,-36.5045774896923,-1.0117700712941702,6.1866320214741,-14.124281623737026
1453.0058298716988,-233.8062614128299,-816.3218310195373,-37.509751084657594,-1.6991503690245504,0.0,-301.03143810445766,-0.5209820932295773,-5.07545080383003,0.6854718520890353,0.25170934352013286,1.9742860946801328,1.8410698339432614,2.137415546209687,3.7134453344707796,-1.6384868943732738,-2.7340894803699043,-0.6097876727961078,2.1678760910785866,3.2084668911232126,-1.3135949754380263,1.261404812864601,-1.2652936400156078,-4.548913305387743,-1.3380088321841255
942.3668857127013,915.0744569303996,2360.1973044598644,-1138.4190894740407,-17.37499499893215,0.0,-304.5880009141307,-17.42515811253883,-2.400800847361246,-0.07637562727061696,7.517945503032034,-0.019275050340071827,-4.0724232621748495,-3.3158094287976696,0.13621131433544917,0.8125507596700497,-1.2546644564178069,20.310315788811437,2.4059015546488585,8.5774829588614,-33.63846160218571,3.721736321965478,1.2246599244671168,1.9847593030142863,26.49603866235052
691.0532045354113,92.40322655174062,-1583.370540856773,1062.856547015032,-1.6124672902584598,0.0,-282.05355640925904,35.33988079797181,0.666319212723159,-0.051462154342022955,2.1443244996601476,7.656573416806161,1.423158459234161,4.750488722910769,0.35289049349714263,0.1337082998901361,1.2377918229163118,4.405661991926883,-11.800613734129588,6.773184897417583,-4.500894464244338,-0.8289077929984746,-0.27535847444903105,5.055237126165695,-3.713765191713962
179.9697258333696,640.7827026324715,-1832.7431505432576,-63.768464472302064,-0.13041509071757887,0.0,-308.4341172679657,-3.2659922097942107,-0.13558221685949845,-0.1663747077598824,1.3974169890916717,1.6133639466655256,-0.9723055503034247,1.9461160516910432,4.0428371493669975,0.5511654822045249,-2.6250715487595055,-3.1024689340297154,-8.911810790168449,9.145925439914395,-7.908314856316974,-0.32724382926512807,-0.18238414782392584,-2.4733189271448413,-2.6531265727649163
-116.61990512777338,1086.0337392888234,302.22475376808666,461.2106070528341,-3.194304705835782,0.0,-307.4464205302191,-0.42407852980013155,1.0620924516178458,-0.3088551090458349,-3.7242267481715245,3.1975015372508477,-0.6268627485828091,0.6305759972800552,3.703229831944204,-8.968235669322842,-4.012858547920576,14.476676219435848,1.6870020731945483,1.772960459531981,29.10287498714197,-6.051310299630381,2.457571557921367,-4.928214316068574,11.072633209066126
413.78031130460494,146.16504743715637,4069.4710139489644,-540.0653374695511,2.5324630237797074,0.0,-261.6461913395602,8.898768817247904,-0.20144641903208155,11.323884703982632,-14.538772656768742,2.8270733867975864,3.1810885935277127,5.393173845848978,33.186379450910124,7.619699931183614,0.23249324407707334,-9.563852289724228,-17.758243453766486,3.1592389644563625,2.663410663382038,3.9514755740700775,-3.428946772613737,-34.050871362694714,1.0184163644168998
1721.5391703647083,-315.8357901525552,-272.62104067890243,1105.410129507193,12.81140818448933,0.0,-279.95979996878697,16.273233419364644,2.3367540768408435,0.6387801075280654,2.739480146256403,8.46108394810121,3.8832113361961795,3.4742438426882587,-0.5041078970759522,-2.250534953453814,25.588210899972587,5.6391179963399125,10.875880955609011,-1.740970203379363,-5.772444002373206,4.503607166155845,1.794086148825828,-12.53027896805955,-1.2830343251386487
1583.127422331519,503.6662186764746,2511.8658352443476,-423.278865449712,27.265232418017927,0.0,2612.478500428424,-1.0698840035126997,-3.387088024849413,-2.4936737877998314,0.43505351327817443,-94.7450348021754,-0.82015373233319,-2.3268019955260915,2.3185559278851904,0.4258709753874908,1.0642048303562104,13.980235478545026,3.6463869811928658,5.618606573104169,-2.4790752427463163,2.455275808226026,0.2164177320691145,5.322408853643471,32.06287564348261
2066.341023986225,-674.9010238701613,-1725.468288712004,512.5958439179594,-0.12969109843090879,0.0,-288.40506272785586,-6.181145632594668,0.49644579979133313,0.19593693868451173,-3.4147748471700248,1.2158571140091559,3.1690883745242573,-0.582640529038268,0.7346817437321228,4.487825582432276,-0.3688899781444841,-16.195837965254412,-9.97799706160241,-3.50350614377965,-0.554585594146474,2.952467740206384,-1.2561459882246144,-6.418236536001084,-56.48161131100312
1130.5838733166595,-359.3157103173102,340.86116065736934,-374.34809049399513,25.15197616728324,0.0,-305.1701170309349,-0.875697472757634,0.9814024433953124,0.9057517161653411,0.4912004527053848,-3.4314324529204043,2.5305708613466145,3.111794630287263,0.3645464706136982,-2.2236668691305943,-2.570590806842877,-2.936206852728158,7.8348915766075224,1.5503192519979145,-7.20699705238258,3.7993081668431135,-2.412105162750204,21.53931408301321,-0.47662277145605014
1127.2556738194542,-251.22242673974375,-1170.2064616070593,-462.8120324053677,-7.413358838691326,0.0,-310.3203098658231,-3.2005343684691185,0.5440241037020493,1.5297413054281142,0.6607639609463956,2.312482405939154,2.3489421963192947,-0.296456260796747,3.6856793138506174,-1.5716418919244555,-1.1918418589953776,-1.643995472442462,-16.8268286301105,1.3520909264008387,-6.430461403803615,2.250832423449644,-1.4230844066962396,-2.433831333615045,-5.007754433376279
-392.8022300998783,-553.604949040617,-803.9410757194858,-470.73596362829426,-26.713891426262567,0.0,-314.7048324706194,-0.00423232108254936,0.6951488974782545,2.539715103183571,0.09445828822512156,1.679806260220258,1.6293464040567904,-1.7873363097987496,5.576354396217322,21.936303795647238,-0.6907646338613951,-1.0317349192387806,-4.66852661904111,-0.32102972718450273,-1.9078025417320421,1.052138691611432,-1.0336167550496795,2.5339886223424277,-3.6170927388222385
-503.70926075598584,1179.8654479655263,-1592.0902691710705,956.2856472671901,-11.493485257347654,0.0,-296.0753745227683,57.14634785265794,0.42064044957455426,-3.0501674510005525,-1.5395089457810833,4.153356317861363,-0.1987905996318467,8.994444402270245,0.7303660502369682,0.39377028681310855,1.9458501293505077,-2.1627502122318703,-10.694263194293843,10.707863513129642,-8.824286482513434,4.485781520515024,-0.33557613408591547,1.145507577189892,-8.796092341142131
276.46869697357357,-135.33291997986726,-2237.551954555341,974.2588521464637,11.868313118232996,0.0,-294.02178596212804,8.73935480356185,0.7804241901229142,8.338960485583797,-81.94585957276325,9.950660078436611,1.7237123741953773,0.7505647472592298,8.094666025974252,2.8179047652607503,-1.6022240060641515,4.925152988997716,2.3378757008586697,-7.261304711006188,-0.8559146132757053,-52.48461257351993,9.864502583381134,-2.751561396260469,7.190171579617087
1169.439813200731,-354.45058662014264,4050.9648155550376,45.40768932586205,29.466398614253333,0.0,-266.7221173717421,4.985031890658496,-1.6694934246087856,4.576134241694998,-1.9666877563043719,-50.19486442805487,1.4577650046532022,4.023235771511064,-2.8410191800699014,0.3361571083789757,-3.388160994812913,-5.984193509739525,-3.256979783097638,-0.7042583350946414,-4.565603145087267,5.338151030856183,32.282744259728986,1.0664871299651741,-11.23063091970056
-1575.0831051454268,-804.7276211465426,2532.656624208227,-878.1886009904294,19.718299242791247,0.0,-306.46896243211563,-29.305441856858273,0.6591426360204837,1.5209262873401002,2.8051786900396953,0.3792155554471534,1.0399472658057864,-1.2655028001708735,-0.71751039506018,-1.2458635715557729,-8.317686436218166,11.817813826851365,1.1910861574854439,-2.8896469466839623,-20.615832418865253,-2.1313104043112823,5.1439103656906155,-1.558791797162779,0.04381233992900606
666.3322887588635,1292.0013778461887,466.547473508023,121.12429184483896,-11.830640703209871,0.0,-302.86553931384407,-3.306561961534266,0.3478848154900477,-0.226323723647431,-0.5192089997471315,1.177682777745927,-1.3504431636350407,-1.633254152591054,0.06030301351311054,-4.906557069251059,-1.415306959411257,-2.139195864875124,-7.920511298620974,8.182878676047888,-8.086760272073695,2.035397761236772,0.32807405373411863,8.922799582001492,-5.013041495594307
866.9247735166715,79.19638218073604,-1662.0188842911869,-507.2166669530894,-14.88198611232987,0.0,-306.877551608774,5.609279261615031,0.5280653064260709,0.255907591352994,2.5422113942558653,-14.443323062537592,0.6122880051979078,0.7223744363430243,0.5293953295306353,-0.5168872948117623,-0.5582989831735078,-0.865632567223879,3.359167311517688,22.446568253959178,-4.421825197912905,-3.344934171951501,5.556493743766552,6.353577431160748,1.5007626928599451
917.564888029944,-837.5973635019168,341.1522649812078,-24.860480031249942,-2.7521486322123567,0.0,-304.4500225972626,-0.8467091753117036,0.7554335275891609,1.3283239097904256,0.20105285229628014,2.8987293789982487,0.1626334046998929,-0.03322820821749099,0.022300563819028278,1.1769364786557954,-4.181815185375621,4.728139253984177,1.2350762522591983,-2.3321612906007654,-4.9293936291225835,2.0074916203100455,-0.9238523140947099,2.5905375062471947,8.465573349877568
1994.1794416948335,-253.60182417905665,-1664.7037819523823,879.7016286214631,-6.314938729204957,0.0,-273.8413265977818,-40.781037151112855,0.37898814203001496,3.3541967760707947,4.908498961357318,7.824968268438155,3.0305963394958053,-0.5863042308032971,0.7466636957983197,2.96870867458058,-0.6045238498840153,-21.722253286796263,3.937206040072627,-1.7094322915123608,-0.25391209952357846,9.323883285008467,-0.9003790872101489,-1.1326768299951473,9.91508569357212
534.6911423425349,496.5874822949021,2442.281518926261,-490.5321581229547,-1.5384737730669007,0.0,-310.17488822508545,11.561431249135698,-2.3142377802043055,-1.0264916047462738,8.959688332206865,3.550209052977075,1.1635598621919505,-1.7897692055771781,1.1732759791544043,0.6225353380278947,-1.128203820505396,-1.3659216521745288,1.4856864238688643,6.16807880879934,-10.304543356687478,-37.27028206750074,0.4872065007292935,16.678993177150975,-7.9696332029174615
1035.4543804301725,-173.5112274921474,2431.836746154343,-960.4953611429185,35.31315605426542,0.0,2770.340245924616,8.295231997671543,-2.4809654447764,-3.1533040805421715,4.246486253337873,9.411700466250272,-0.8575890901256497,4.61363767123053,1.5753180669864857,16.89975394759228,-2.884668700235039,17.69312970980623,7.67270066930777,5.874892867626987,-7.7254649735777985,-2.7739749311493322,-2.511158804544768,-0.3401764377547343,-9.659330527566981
-1319.5704105873606,-11.214241584943496,-1579.7009644287198,-427.7918167198754,-4.970172904889931,0.0,-310.70557580843365,-6.090197747054712,3.48603127007087,2.931777149517767,4.969329706361147,-0.6156657620903695,4.327422042372474,0.44804853718511667,7.6579053354360855,-0.08395858877999457,5.241005295880087,1.1449402359933076,3.4604681150887364,14.449161293126082,-1.04196419305481,-6.014915219168232,-0.8930496791370499,-2.8459956865205323,-1.982767090163023
1422.876554106287,533.9326398028085,3704.7834973837134,-993.8488883901545,-15.594898568185789,0.0,-256.95523460763445,5.401102391692379,-0.6400284459795166,1.905313103233249,-11.291188680357704,1.3509487830807643,0.923968390940906,-12.562852430765968,1.7304174840774649,-0.605733205253105,-0.7238506130986198,-1.2773402863872136,3.5932637902612674,-0.04786292837579729,-6.587866682243463,-2.633657844666142,-0.6498924339934876,-19.624382195383205,-2.8804570823499227
-948.6161431785541,-653.9636254773582,2512.101125300311,481.43523400204356,-0.9953058498722254,0.0,-297.8109194065564,-4.005989272021176,-0.13495969241908914,-11.290913632107948,1.1166065234564932,4.669133108862905,-1.6252878346737014,-3.059191222933347,1.3245152370110733,1.5863010451037427,1.1409218156563696,-0.2288885995748075,1.181006694659518,22.68923242769087,-2.845765308297418,15.00937068464077,-10.056380939101834,3.3043255537598473,-2.4200145961835475
-413.2029625913976,-343.4960051796239,1030.224528051965,4.634415321301912,-1.5507958651045608,0.0,-277.7362128372214,-1.403495909120558,0.7902939905540141,1.3568990167457073,-0.03812266494582554,0.20945067398843917,1.4632394201060326,-0.6710187279035285,1.90958825855032,0.5871007428612378,-2.8362912844740222,5.040025860504128,2.2180974451739077,-0.5020310706711427,-1.2702239564241986,8.958075597534089,-0.6079730601587658,0.3142324102090884,8.045681354851965
1469.5232262577877,-524.9933032718075,-1863.4880498074174,-986.3595206770323,24.57027310143903,0.0,-297.106728337146,3.0552435487859775,0.7382362683559598,0.3781542359371246,0.45514264441460145,-31.318615821708164,1.8348723769766124,0.5475515195251732,1.7276583937499608,-4.628824121603103,-0.6044722822345772,-2.478763270624948,6.206875649591105,1.4296988011929426,43.64393090711348,1.8021032026434496,-0.0312284797678572,-20.228731748742035,0.6019590946910606
1140.210394270421,-224.2322204283585,3941.981217411932,-1124.4216047795946,-18.967373503125916,0.0,-267.5849694302349,6.965639599532398,4.627308603466013,4.495722413034734,-6.312734774989335,2.695270855274725,3.756529526280594,6.94273291392959,3.742068645942116,0.7659939508430147,-0.0633921379764539,-13.183564824813171,10.435890776655922,4.6659422812631846,-7.147813200183049,7.857544526249078,-3.9148346388192747,-21.119939323538514,-0.6348844299710797
-1509.4217813465855,-74.97208044039799,-728.8233939496744,972.0751228205418,-15.970412469751308,0.0,-311.5649515242355,33.55695194585357,5.166830733703939,-40.706330547971014,1.8512909597925395,6.14741194047344,0.8767580200640008,2.3861555500218863,3.9253746106239253,-0.07132153635797597,-0.3761355405251957,5.053975260642559,6.924112681431248,7.114732107250876,-0.7897456133406527,-55.923584408301075,-0.32889891973066937,-3.5342795880472844,32.43850641585616
-1983.8331766589038,728.0370316922016,-392.5122752142148,-1005.471699443019,-3.4000162250992942,0.0,-331.061423493727,4.242603449434008,4.528466431755056,0.5462140568560607,-0.7377451719197498,1.0098668835929996,-5.32031021965336,0.2859734181615248,6.364671233995487,4.133552013089778,11.004754143271418,-2.805018325584285,2.153280082480189,10.447569907437257,-9.289396081453127,-1.0690758833449816,-0.5774943358149623,-4.414439633370612,-3.3942295257711064
-1261.2145942431534,-1055.0344080729503,1255.7186654801046,1161.6992746565024,-5.956324479705775,0.0,-275.9834398163082,13.956713381179812,0.5116161726954077,1.1662661424763907,1.2174458998526847,3.8752802612563504,-1.6495114736733274,49.480053261758776,-1.289758189940199,1.3056685693148584,-0.6398235148513418,-16.55583722399964,1.0563451223982023,-9.60406090454898,-2.2663042007382805,-1.193875796033852,-1.2675552912174728,8.832370603091938,-21.793888031207548
497.2497627388349,542.4156537790237,-1897.0290673672275,-599.3293970015308,-10.441598919787175,0.0,-313.7386804042842,18.56013643279871,0.3357840711190393,0.6643820331753455,-0.32073170374089194,1.550120200783251,2.08573477739336,1.0108368743218459,0.6986444162066726,0.39766792104208604,-4.885625818175178,4.538388152041451,2.7027136898850146,-36.279718898331275,-8.150748650113604,0.09078347605774098,0.021453169292371142,-2.9997705027911237,-3.5284424435846713
693.5459493712898,42.24300930062115,-1853.605648165343,1027.5718072345712,10.156387613700586,0.0,-280.6040691714316,-16.52457256300629,0.5899116295047562,-0.20705669830166926,2.669766585355098,11.888000955471318,0.9857382471217817,-0.31678633593134364,0.9807424091507588,-0.014454868927278403,-0.8672935459585444,-3.4818157921078843,2.2494272279403367,9.47604121691755,20.12024643838602,-1.8286501303478206,-0.14494316125192158,-3.2538684861961893,-0.9017558267648156
-1709.2516171228287,-650.1802168055606,249.88798094848556,-916.4116164025542,22.83017031521189,0.0,-317.6387640648974,2.0737008449407663,3.644552905289128,1.1886321084852804,1.2312623749205405,-0.35725928676590263,0.23126618917745329,1.4353449792757378,2.8084489061892706,-1.7920285008057595,-0.6276587001457705,22.040481238066572,3.927029694575387,0.4559682760400822,-6.157592500306472,-5.93900248951942,0.2812501818973978,6.3399316745988115,-3.5549891325890632
-1118.9023305882988,-99.8702958959988,2468.1713647440415,-446.81250311932087,-1.2667533897122758,0.0,-285.56207147715725,-17.2491045473239,0.2923131558254433,0.44701950754663705,-0.8438349019365781,1.2002962735290996,3.452482301827982,-1.2393397422597925,-2.0377533163316564,0.65271567317796,-6.087097813354643,20.58621662047195,2.283181787496911,-82.0848815854096,-2.8748847240039512,0.41009330869728366,-1.1368484119468463,-5.727409199633347,-3.803081473207138
1663.0090382024514,-740.7493298977297,-1594.9927858656918,-83.42759835646541,3.7346161792693113,0.0,-287.92225659412475,7.581045608094705,0.32882234249393744,0.6335470961907443,-0.0957334292421059,5.298197743610135,1.8993571541240053,0.34299185070123756,4.832610498055242,4.2234644546263675,-0.9197527252119109,6.6175622253887365,1.6817107457160159,23.374508805219207,-3.049560248266008,6.364850788031777,-0.28419597976035066,-3.3543088957337353,2.4204864266569843
-1506.436167324661,766.230794689129,-2307.321967568393,505.1436341069728,3.4441015174381717,0.0,-315.1129123573637,-11.715460887614764,0.8420972668432959,0.47775673451026474,-2.6116143885615517,2.033909095955307,-0.4499912118492884,-0.15815802363556297,-75.97316409427893,1.8122084050040719,-0.6039489297349022,5.129660883225399,2.0955503684047088,12.731828580143688,26.139361008021844,4.49616595679392,-0.019174602648577597,-9.546182241210271,3.2516853129720293
-557.3687868809219,-584.047076641598,-1920.8031784580094,468.39284984717926,9.973612415429445,0.0,-307.0766114702738,-4.145367235682907,0.6149015488458179,-12.487093278362906,0.08208224206410972,4.211280362500357,0.625557861019104,0.3863833943741885,2.9937510870287625,-1.5571189716103055,-0.6702822773003768,2.5727251382438383,-9.226314772947743,-2.5828425018574266,-1.465699956553435,12.860428480411036,0.3620140493673293,1.1495389593658105,1.7580461057321561
-756.9151735849293,-37.43362534462597,-2163.033116026078,-886.2412459163955,7.062458317290548,0.0,-292.39981999828314,11.426179196170319,1.0981749443963462,1.3342521221563977,0.7928005187235112,0.8962656723582653,0.790502219242397,-0.9719779034447591,-65.3345799302446,1.2615126460096366,-0.613905804887358,-1.1387371943622846,7.541723582310732,-0.13579444461305937,-10.14491533707044,-19.3916273063259,-3.3826391383084857,-7.844530374290997,-15.330481462191333
-1468.7824745678297,680.4831126856,-1249.340722833527,-1022.4353125954376,21.339188290297646,0.0,-341.3537646195555,-4.397285280101816,-0.05336000801632657,0.2760581963963027,-1.204206189225616,1.4185647937234989,-3.6334391958528363,0.24279092636872962,3.5645644584968648,0.6905394909947468,-0.8483372304579216,12.753929224376284,2.1430630380706943,17.461231498060194,-21.151415252422346,-7.960991409511948,1.699723489947112,-2.556532804659881,-3.844798856645348
-40.256482272071274,-343.3298629611689,-2240.547881600494,1032.6238210852123,-0.6610229915000205,0.0,-283.08440646428625,22.98105239489619,1.809152550371811,1.124893566462677,3.7790793850394424,6.413443932660792,4.360531902304851,0.7407817621390457,2.002320874240161,0.3580264167981685,68.44248241376371,2.0356283992747675,-22.46400389629021,1.0388636764317785,-2.9491072293347256,4.19993716153312,-6.437762257164104,-2.8757553075497824,-2.0290778545455743
244.08928040222534,842.4554896024845,3814.0153469555944,-1093.1378780877565,-24.986832015168115,0.0,-254.802316380611,13.921903989192412,-3.613702709478324,7.194756343316039,-14.93024841194246,1.4187269525627333,-2.4200915251823245,4.37607382028398,4.6653956186159045,4.0795030941237345,10.77600560945355,-5.063855832921216,-28.941003742750006,7.02000138422383,-11.5729236564621,-10.56580612125914,-1.1532446906135814,-23.587457063393508,-3.743715236515472
1107.1823339188127,330.9880774093151,-816.9245518509775,-540.2437233143969,13.706240060554771,0.0,-284.2410500167576,1.4699052183579209,1.2117195766309152,-1.2465180442961221,11.809149171894514,1.591547978487069,-1.108374532436241,-1.174759500922774,4.167805732168017,0.2678138557050331,-2.628688240191366,3.8654502382582048,2.069127718172031,4.177241010183098,-16.36182989575743,-26.494561235061912,0.7030661705001819,-2.0018694267654227,-6.553482979690897
1729.6841435284175,528.7604488728022,-2217.228498153917,-564.4670868534727,4.917581492205987,0.0,-285.070388922866,1.9242847292383314,0.42703626534089684,-0.42528253833533736,4.567792745654451,0.12300181559472942,-0.4192669562149646,7.8668296895988705,7.37477215126405,3.370084911853487,-1.1053826861812588,9.98098655556845,3.9170526149100153,-2.5027458530964335,-6.729021922395902,1.8433810414919405,12.991551520665361,-12.059453516477774,0.9543040119490954
1720.540555954707,385.9380637545188,4029.5497958954275,-462.8151485809224,-23.497848665311114,0.0,-247.60817767691853,6.190412976387435,0.18581381931225258,12.567115748967923,-14.02070475203295,-0.9310776207542142,3.508752944910411,-49.09945775244872,-2.722822670915824,1.4042034094729747,1.182814042653464,1.3732253890391644,2.125494590394051,56.49875853793271,-4.828341064338839,5.353130350545542,-5.207506546331337,92.75445203049868,6.598687382103985
-1854.1221291924583,-333.6557957689791,2630.914473493172,-434.9586769581336,0.15832728226969314,0.0,-310.44747467151575,10.81496196890651,-84.32164319479337,2.064697666209161,2.1384506341790916,1.3932351948051072,0.6777723209815362,-2.623503745593891,0.9169334117202635,3.6508235525344257,-0.22160915798098577,26.84531596426841,30.278919261263237,1.4648388450579521,-1.4599779744411014,6.245280704689188,-4.0743143978103085,18.159037098903454,0.6218634889425271
-824.3147281980482,194.86167323491446,3906.5878964686194,-120.784853325879,10.274270414884262,0.0,-286.6599123943014,-23.54748070332344,-0.7272855984718521,-148.89099742639166,-21.728289248953597,0.28115608243192264,3.2694101999203578,5.996504732379759,-2.7655125409850783,3.007464205899969,1.373237148943366,-13.207368991048131,-9.62794250490595,-7.103760472615457,8.965708920146824,4.996801463526757,-1.067016277212294,21.720999778272944,7.723100355956054
-1880.936537832595,-1202.6443773728824,270.1201899857819,-101.39215720612125,-2.0253746212817205,0.0,-296.6829653934538,-3.1239326584580103,5.806743439466486,1.7531506997167356,-0.022748430211537843,1.8709650157899396,-0.39349879258102366,-2.07178992937544,0.65431777286767,4.458183533671736,-0.6440616483306559,-7.11794862028449,-2.696220125881963,-5.329673802451157,-3.526633603901146,2.3236603387625223,-1.3659254093173847,14.402672326969604,-15.298159124875387
597.3134393817546,469.1305111148851,2421.688905957551,511.0062642099811,8.52846662082816,0.0,-312.1915694940371,5.557249286743047,-5.131935200593417,0.14318478451976022,-4.218812823319724,2.1531699934024,-0.6285546962042294,10.104545905685404,-1.1540043595000216,0.5846375685009165,-4.063203287797098,32.48118012634078,2.0872950255568075,-31.305064968099117,-6.257038576782154,8.621734791936673,1.7389704490754492,-10.52512580723796,-5.986403613838484
-345.51059266119927,585.9552822272743,-1564.1553805960802,-478.50390969788026,-2.895828845535133,0.0,-312.3377934619279,-6.634854330463489,0.11141657947135121,0.5331335993117848,-65.00789146530319,1.6419522035457192,-1.6805868029571105,0.2636419305462655,8.011718231346089,1.1825366167272298,-2.2380296516629077,-2.2348624045592023,2.460529187686133,12.129703586612534,-10.258679459292459,-43.04175074231907,-0.08913274363326655,-3.614559821508707,-5.311723171826977
-1217.7966697851245,-625.40083534663,-1248.2384858875748,900.1312593728653,9.198447363654852,0.0,-307.2721212434862,3.3736546942509453,1.2294331743272418,1.1062831237508457,-40.67733401090639,8.336475930985161,1.1092716317326403,1.6501121559928977,1.6884400613313457,-0.8169230132085451,-0.728470897882145,-6.386750523595426,1.7266873026509226,4.892397500789159,2.1315791042463053,3.1677559414611833,-0.5777936856464985,-2.8552381883736286,-2.63447975559769
352.28866857722204,604.7380242782351,359.95121888363656,943.0394331698589,1.43412845485186,0.0,2770.16722110822,17.003587496659925,0.7571592045700496,-4.890368891634835,0.6850907051913608,7.146919896554291,-5.253316158924674,10.529975430160528,0.24312327253820737,1.687964914177775,51.8839231983823,-9.988238637101547,16.456603511316615,-8.52144497234037,-4.138296686956366,3.6777736834546704,-0.10694175431157021,1.2296646518292493,-6.176344834723758
1719.6769793173926,-619.0465366360279,-1665.5673103965964,1054.475984910005,8.261323289681993,0.0,-285.54568387990236,32.41692916541511,0.5563426497084069,1.3452132711170326,-23.695494319451296,9.54624196048375,1.2581720731735895,1.4851860749533916,1.5772503432977587,2.2724156477604653,-0.4605284576383643,-4.001426923880281,2.5168761311820442,-3.5630150077876586,-2.147832413919703,-14.396545237477422,0.06864424011989917,-3.847645679818254,-0.39479528608390246
999.541433337261,510.4826965671973,4014.043054696349,447.80916451096795,3.561672019119437,0.0,-285.98650360336757,6.289392989470547,-7.954217839319779,4.344033267980106,-20.107096360607127,-25.452309226478985,7.852165702879318,13.240432837193861,-0.12820481603204087,5.341510359519762,-4.526858324518071,-9.582939058233881,8.734914263264805,8.68544131865082,-2.121124216343247,-1.1250068701487612,-1.3908251090113883,-27.292787772956597,-1.4456711652586758
321.63721309928115,437.7871141478984,-1854.5650932562382,-502.59128540855704,25.140238650726978,0.0,-294.6730473273192,-6.095140369847928,0.7041467631779519,0.8169967563450943,0.7514758956406682,2.5286961311525107,3.2038453436526324,0.7135687727789033,-19.998791757886934,0.30010331370029025,-3.7023704183162853,13.754766008672647,2.731958632515003,-18.570288641301687,-6.665702787817357,6.442687700114219,-4.811872803328489,-11.987515613735601,8.992475942806902
-1982.3063207781852,-94.95004320716345,-728.2546906896771,1012.1954093431481,6.112839983196502,0.0,-323.62471209321836,-18.83170817661455,9.059061645769317,8.836157647817434,5.119409037392237,7.870257691787048,0.5971614497401692,-7.279603403626633,3.492045443606396,1.6087609826378495,-0.6743239435589325,2.855325550621907,0.1729349299065024,2.866450463149024,2.6949012774192265,-6.514456108250746,-0.5649650186287062,-1.347383502791352,-9.050772542937489
1152.0333876182538,-354.4092106874608,4088.8867891440814,-2.636058596673067,5.347121087084947,0.0,-267.0719122027223,3.73677181960727,-0.14701551099627708,3.0737049359446154,-13.086383648559613,1.4093679523896538,2.011580662472347,6.271518531124526,0.01299110686306637,0.612497489528136,-3.3145345753451285,-4.497681003041556,9.814952626664239,1.1075713218962597,-5.286441247791026,-60.02948955468547,-6.257131382700896,-9.99284566147442,-2.481109835132095
236.74270632007114,-371.1125235052813,-383.8819968620525,531.6677076112487,10.376231784645523,0.0,-308.7872342915324,3.530557529078582,0.6722648721494169,1.2036580856206354,0.1329860102884107,5.938036983775797,1.1652799126812712,0.1623695327215334,-1.9171415674874177,-0.23026986861417117,-4.478250897246698,-2.2088149017277448,2.034423847591784,7.4219993753493565,-3.467261354151534,2.3033655088124205,-0.9342931626839124,-1.3939393616919091,-0.8628120280495634
-463.3543097936865,332.41101951532147,-2151.951185182627,-842.8981933721498,32.25670686120482,0.0,-275.7944967487708,2.187604457036047,3.428352738829538,1.9052569692576975,-1.933902359222838,14.629245110170594,-0.43259237199971456,5.232022663000386,9.126594032587592,2.227783991931332,-0.05878336298297971,0.09543901014423947,3.411002928461108,-0.5652390123009128,-20.89130888481083,53.090079341903774,4.566195085248797,13.04944190399186,3.8123937643360133
-759.2377363849434,-26.52681967044606,2507.475223624207,453.40734904838394,10.92417250483134,0.0,-276.7770721339001,-15.840318298134571,1.3295861543298142,0.6898083802469598,12.052289044227193,2.7425378439530714,4.732407766880927,-0.17852138589721578,-2.3272396735497427,0.5834933510312167,0.491454813808973,16.242194786821194,2.492229529361452,-67.33373044939214,2.386115934409208,12.946920115826575,1.8589851684383911,-13.160716106538,-2.1496797208485017
589.9374296580866,-621.0037278759828,-835.4186104562231,1019.9525545828368,-2.674746250293634,0.0,-305.03352877502493,-2.046935682359596,0.8248438001106585,1.6109829950163705,3.138001498236018,15.280471881385086,0.7979428595415529,-2.02984828377426,-16.18100569404828,1.124636717930339,-2.6543206720238186,-3.595848307571492,4.747176595081868,38.78624118913594,-6.086797061498083,0.4071546034571301,-2.081101551299372,-2.93869922722117,-6.5772677476195645
-475.03838504737564,1036.2473378790453,953.8403755082891,918.7807252683325,13.954534993051864,0.0,-313.9768875393445,27.3664799280014,-5.103755301180648,-0.5053852022241521,-3.2042566655719225,3.395392208190253,1.1951835393119183,8.423114009003854,-0.19651263683151546,0.7804364894584513,-0.09280014436256924,12.066359939952777,2.7938260329840365,-45.82623348639371,-2.6106015524113126,-5.122983596512804,1.6857914583074893,-6.584555495815892,53.958286267630896
-1354.5502447644474,608.3812820274978,1135.0982432746812,977.8539432429664,-0.29486731279972844,0.0,-301.67898094465636,-25.99502465565827,0.27495193568001547,9.768275983297569,-4.856689039046244,8.760061457048431,0.39618038364714064,-0.3768023793768296,3.479026423947497,1.314082323779553,-3.346658501783193,29.61737264539392,1.9242924055110167,-70.598870271593,-5.259845376753202,-4.773882860378627,-2.6217498956584913,-7.12476184266993,-6.406840735002334
-1473.245265024794,332.2210394140405,3941.5507586651197,-920.50229314806,6.515302175555373,0.0,2510.2662670752593,13.521790137634301,1.3130256974607384,9.056373319426205,105.64389541803033,7.181543936564909,-1.3540147586803775,9.219046028721152,2.2369961489829353,1.6802349827055074,-0.9563493078958087,-4.6699789493624815,10.527955794475925,-5.890596397891496,-7.497044077943017,21.781490225079253,-2.4017315144493394,-12.805885753573952,-13.957370476740756
1517.5344715082438,-392.2194748594267,273.034729515487,401.1288626393201,-5.956823857599105,0.0,-303.0080870527124,-0.6300467015573769,0.8658389052963731,0.7187002078132732,0.194821433546773,4.055682757305295,2.2950887986112622,0.23028396710330765,-0.5612917124474816,-2.362534713648384,-2.5729152646696156,-1.7970572338358128,1.8065400045961482,4.192259080562654,-2.543548184864423,4.707044626114402,-4.032607509349557,-3.2763040790789493,2.4906165222962766
588.08526368629,-930.145569858457,-372.83451732779787,-66.08591026187398,-3.5842778384265546,0.0,-300.35987298106403,-2.9772647238794048,0.39822186991598113,0.9652777543459024,-0.19576145630067904,3.238500473401348,0.8355628361038928,-0.26350987345664306,-0.9965217250982973,2.4255456398243322,-3.141227834104252,0.6708915833152997,1.6729687005208538,-8.321551304192777,-3.984636872500165,9.28230384846617,6.408408406016837,0.5787747836709015,-2.8230863160299733
1504.4147079438385,336.81830214969824,3905.958129883796,-461.09797632212883,-0.6288406445612449,0.0,2304.6735926754104,13.6883439207903,-0.23838370332807687,4.648491860370281,84.15146324095703,7.316006577699388,-0.10748838219749027,8.98450939422246,0.3242457921460104,2.952588323353168,0.6232554652559169,1.410591496664611,-1.9060013998147713,-12.781195179907657,-0.8386700818291895,-1.016851304801936,-0.6574727370499756,17.573372641875206,22.34222730395595
-432.57695113620485,494.7544837032777,3913.510917520255,-425.1811461726034,11.665660736879001,0.0,-277.9760063374543,-13.26674053095339,-5.968284042396402,10.496338932139707,-22.84118634381934,1.4325087582494442,5.492418214030496,6.084009034781334,-14.162349178481165,6.607536770085603,-0.5843402327822232,42.111515912239085,6.241873673875424,-0.5649718271612836,4.827031313529094,6.566896536060514,-6.558751447691763,-16.932542674117492,-0.1358400114811107
1363.3504081912781,-571.2851935365435,-1850.6283217845696,-448.14298267114276,14.970271459643861,0.0,-283.45304010745934,-1.8418550376689615,0.48840136981195953,-0.6712743681219295,-4.612595475100209,3.655888124636425,1.2100367220853943,0.6303367933165193,4.152376779351037,-0.10095342227429807,-0.9230006684624092,-0.6439421255853448,4.644595169343214,-0.5153507984101355,-2.7300302992618906,2.226980732135524,-1.4023328404185085,-2.2963821282088883,-0.7966396793622391
458.403844251134,1576.3700669492853,2408.150636962227,-52.73657032117484,0.42199349810750475,0.0,-299.13716514298335,2.082632157923963,-0.9259362096034649,4.1098612101889564,5.655313170597289,1.3961272813404033,-0.9345912707798454,-1.7952460953173777,4.908088218706668,-7.370457047166639,-1.1193801358782052,9.559305293265881,2.1497611589435395,13.066933574560066,-8.858833469616288,12.31474599022722,-5.679546864775118,3.3053824556031874,-4.926540808098506
-1791.0358656047893,-180.05266214894516,-1173.6786075738419,444.1160525296372,16.969703689086447,0.0,-319.3162640977642,6.657536047604469,1.1437484746576572,-10.438484793012558,0.8548111157559675,5.0140081952771665,1.979133718250512,0.7221642011141522,2.334835917989024,0.08481455959845978,-0.8771966432612265,3.7316279744481275,3.417316280452438,-3.600252965356688,9.739959036892262,16.631032852267786,-1.2022976535701548,1.2610126593978779,-1.8502394987436341
1815.933355505928,322.9361948726175,352.5167410565064,968.3927490553918,-0.3279454378053395,0.0,-271.2474179240213,-28.231824992644555,0.8652172159628578,0.40743544927976316,-1.5431637296880976,4.371321911467511,-13.590035473937705,-1.8656377691212873,-2.454823873585129,0.6310844051222004,-2.961951440473964,-10.558628782512004,-9.000939026430842,2.7968634405988473,-15.050322336971494,4.137676757048987,-2.121016736911495,6.83551982033136,18.58778250442322
-1837.9267935089404,-173.76755147576765,221.97555893586895,-105.55788739011476,0.9036647440481822,0.0,-316.1783291749765,0.28427924433798946,2.439115778380923,3.9497153172558326,4.6310535429077655,-1.4786360672038241,3.5311822363451375,5.478058515337849,5.358661146615172,0.7435071229564415,-1.0779663538467106,-0.9521072412027319,0.8346493807877017,13.26701032308053,-5.5053695430203415,2.746706572524167,-1.2169047365932484,6.413813709429588,1.99625724285657
1536.5186607489986,-31.576425589482856,-2182.756346729492,477.85525788371064,18.987716427703468,0.0,-277.9596471622879,1.200800430482858,0.6769492178153681,0.4162912182095205,-0.643800371693657,4.864655190998811,3.1193546303130892,3.7139544403737497,4.750949552941,-3.14610457886933,11.165679114504186,1.426338249729529,4.929796282314652,17.55766736360575,-3.516166673150675,-1.6832900628998422,12.999638780333884,-4.026331264935689,-17.449035042582768
-450.387811667988,930.12816949428,384.8245716575071,-1009.9942584357578,-14.41869745849787,0.0,-324.2127495168848,-0.13469049641100858,0.0739199826044575,10.702627387921822,-1.2040977738408016,1.3199819329207307,-4.729073723024913,-0.8080264263132003,1.8350988348430972,2.4331082226696723,-1.5398415074805563,13.09891719595656,2.271295590327828,13.985781591443352,-25.499634987186166,-6.438183245576587,11.946047933189991,2.276841109132489,-5.377795971939631
-1293.2201434095184,-579.5705805650447,-1553.2777868511557,33.043077807105206,-0.2500826334027853,0.0,-320.26814745947,5.692067316937091,0.6269698383005138,1.0520572145609794,-0.3488914784529513,-10.849908626105027,2.2275846424314287,0.3717907125035355,5.223614982271382,1.4828082683071135,-0.6774827220945544,2.8084879754361194,1.7447814861308366,15.929670941907435,-2.225359532814421,0.3831121051326092,-1.2300053283056125,-2.3378216131128005,14.026863165967905
-1360.995192180577,592.7324749400052,385.7654633607144,1050.5173811126638,3.1657103585135435,0.0,-312.25974434355,33.94150159935499,0.3088562499939068,-0.9656092106247453,0.1636577767002334,3.0891800701192365,-1.0774866685622198,13.94829095383405,2.904262848389099,0.9391820793991298,-1.2798160885206515,-4.457998510859903,1.2232866069879789,10.261401351395405,-8.093172465238302,-4.888673719463741,12.703898241882996,5.459636889604192,-5.364694007987435
434.6336707048755,-96.05237694194462,-1575.2882940989841,472.02245145823196,3.243831046347548,0.0,-296.1785567822126,-5.184750824870621,1.133182759229337,1.3327362340622113,3.614880598040444,-71.43479207251981,0.46159477275046745,0.7672883050569906,-2.2959119485559483,0.12364842086104626,-0.8582149563910699,-2.4634108548107982,1.7130730089660553,7.269855142324287,-3.8771367412289997,1.9457861908717042,0.8097368247354226,3.1691060834889906,0.32229220314190615
614.4372085829034,-456.6362811250384,-1669.1578317914566,-68.32079789902232,-2.1210898021213818,0.0,-322.9371037888652,-2.7682183781294674,0.7400539894852073,0.9802769433743443,0.6824413200704553,2.6794797405139223,2.3808692937050133,-0.10408200090822264,-13.281762231297343,0.06295631797545988,-1.1949744915313107,-0.24540654578312307,-10.001255802130869,2.016215995236815,-3.485497117890955,10.315048136820568,-6.7123246796919975,-6.737960633694905,-15.976696660214289
-90.07025276230559,201.14536641905153,1170.1738418900256,-924.2279188879672,9.365462243528535,0.0,-274.5284053527143,-1.79652821541702,0.5468580060806708,2.321023791429709,-1.5377897965204086,0.749849491699428,-1.5491906367931976,14.4369253490279,-3.0778303184116758,-1.0165968892889374,-2.1733377527923383,3.5226451670319094,3.1702414644855645,4.471733981275418,-4.433338434141009,-11.614245818083822,-1.019691647414545,1.8273901925366545,-2.859628090991922
1392.3502476253805,1191.786033937174,1144.9072364721603,69.18961553057878,14.00271010277367,0.0,-281.7462517123043,-3.4320729262547096,-0.061071455354620274,-1.4695796490169968,-0.7570673115549056,2.0919814021501852,38.03566572910272,-1.707932472101647,0.9693662245596582,1.0576943838807746,-3.172355848620229,-2.087855975730614,1.9783396487139915,9.989633112474785,-10.81269079902436,-1.2714318049085966,7.526082411501932,2.46410952062339,-4.165312130643651
-244.89032114213828,-718.6501179346321,-752.8395957728324,1092.9110626489824,-4.796821405802993,0.0,-326.3317457642621,2.7018826137319945,0.6584729840539301,1.484087011232401,2.66360249589015,8.735954096136044,0.6795057459331195,0.7579897695261105,0.7851835636846278,-8.807917903796024,-1.0613956453998377,-2.98649904803008,4.280638380488226,43.10064347182511,-0.9412223228308101,-3.5267639159737074,-1.2328447578485895,-2.6607613713720597,-6.46416113773271
1688.7910344845993,345.78490716348415,1097.3011407263064,1022.7278526849357,-0.23447387502745418,0.0,-272.0922200040577,-16.054027144740715,-17.220587678062493,-0.3161249736150814,-1.3365102639820272,5.596435994154072,3.436708083220648,1.3244917267022698,-0.6242424684835988,0.32235227067688915,-4.504987995644055,-4.21945967644198,3.3794415541314056,0.6889282384508121,40.30262091188731,5.605586420144355,0.37441336947997844,19.66797399753269,-1.146343800660035
-1674.282026183248,1299.1525477686403,3894.3057487992182,-51.59176787916912,-11.477159481709062,0.0,-252.67809860878964,24.854275568070122,-0.6184039165816987,10.879263609349762,-12.746794084701847,1.3065133290161026,-1.9210810559271438,10.33345345061536,3.293030296527743,3.4507005343090245,-11.034143694390552,-9.459221792135104,11.60912989253352,-0.12173535136496168,-6.451938345913105,1.8053990298782852,-3.2818347127397094,69.84444339926263,-2.8259404496087974
372.5606757413116,-517.9365661391112,-820.7778077956397,528.0876160603505,-7.754761892820719,0.0,-313.08473368895307,-0.0996081309653215,0.7541653675574123,1.4282974925827432,-0.27490379015663696,5.61486502425891,0.6548714389694335,0.19404663546010634,1.7649510764794298,-4.048686883400338,23.54063026648163,-3.6115870530240035,-17.513763251376762,1.8402764906914395,-3.5707461732438066,5.373538495202756,-5.365625264899375,-0.9123255601121977,-1.3346893817043866
1358.2111384499585,527.8392678333544,-389.01389486160866,922.3416334667655,5.7881167370614754,0.0,-280.97703076191993,-18.168179927107023,0.26180461576278813,-1.257906634533838,9.165967731606294,13.674893331458144,-0.6052002848114427,-0.7357432225485439,4.203816289691342,1.8140196807358608,-7.546458909717753,-7.948441079591038,-29.72214273619134,6.614475973551159,-7.199245212283491,8.96002713917848,0.0804419679828448,-9.17762511975829,-10.920448120944046
244.14383262806822,-529.9586607598468,-2059.4267714292155,1002.0352740199419,0.17981400518515878,0.0,-296.36558124752827,6.695561445880645,0.8363373995446177,6.070313058910934,-48.86994864423186,6.626303452221695,1.7452425631770676,-1.5133877820487358,3.681785736323821,3.931580027349121,-4.262282625236968,-2.5817979920770417,3.6692112255171456,-4.8619259094644605,-3.2671975825926443,-14.432990018229459,0.09965086226847082,-1.7767883313464754,-1.9160105346832321
-757.377359510825,-223.86791865114944,1020.2958268379754,505.28168419654094,-6.848909536284176,0.0,-293.2314820987118,7.843120836671072,0.9389226856399333,3.4002013760542837,0.12786352081124636,1.844042850451222,-10.382093876529476,0.7175060674196865,-2.168945259311839,0.49747303527643877,-2.667027701429637,-6.767817035087055,1.763239634369564,-20.662752297086953,-2.9402842002627247,1.2195167361230719,-3.2898396060906907,3.591739150977147,-1.393347175251062
1078.7703795032098,-1047.426702137008,-2169.211457199649,-611.9192102493123,2.15715438837051,0.0,-284.5589154271923,12.35353166784198,0.7314702159204869,1.0697152173583635,0.6243416807995869,1.601652268950143,1.1424327939381667,-1.1429123688417602,-32.438738494712084,1.393416174854093,-1.8827081185649908,-1.2666333496171813,6.71191263335685,55.600885874763314,-1.7315420797538381,1.3106887351506098,5.518646954072224,-15.770148111771116,29.969796258198688
37.05497827827754,-421.0952996637728,2614.5880478408376,-936.6052611488161,-15.073168984018047,0.0,-280.75160986878643,5.096841569497998,-0.32689631339179587,6.48121819066992,0.6611094315410659,1.1791052075069102,1.1211259686371853,42.11846149982261,0.10770041856078755,-1.350491437962965,0.2244896192930561,-2.293214235779512,2.3247035370063096,5.363736867368089,-9.284186361798344,-22.025327813472522,-1.5876112640750244,10.770185300749807,-2.5918450558956434
-1970.1649522183684,-672.9225206577725,-443.3755329123638,-905.4792075670393,-4.9832566574124675,0.0,-334.53131031608365,-1.7697814864879635,10.783248467116476,2.567654901029992,0.20256033564182846,-7.086726865733857,-0.25034173132931736,1.5291929865736331,3.0753113592944636,3.2375297866065225,-0.5363839866786551,-6.700047983891692,-4.771985891140293,-0.3853257893426665,-9.084678980189322,-2.0944036407989834,5.386465777784897,12.251499497861777,35.8099945987768
1879.14011160512,-647.5916647775791,-819.9091623453427,-129.01039307613968,-13.705568094196417,0.0,2580.6484286725436,3.7037352783045203,0.5700531484576676,-0.4484686174802539,6.43686285514458,9.333653540241938,1.5695967102328425,-0.03532571235236517,3.2266720337277484,-25.733435283245907,-0.8253241689325232,13.01910690621783,6.013281641254859,4.0464568181807,2.8552511891499113,-2.41857253429281,1.064133571001149,-10.48562882278989,10.276439371290568
835.5184290026248,-334.17167884771385,-431.2423140015596,-1025.9610707586119,-14.091034954467965,0.0,-323.7564027054687,7.737730284574447,-8.636891301085443,1.5168861944617071,-0.3781442394881795,0.31530282488106304,1.4823590292443012,-2.0006721351588506,0.7228689123976402,-1.0226665638696424,-1.1785343445611405,5.483396931480165,3.7086697430067113,-17.49149549009806,-20.52494452819371,3.824781242380678,-0.9811690607143989,6.67660070468633,-0.49051374280646315
-419.86734627928695,256.30500603317915,-812.3952506376796,-474.2622132076854,-34.663490712569455,0.0,-304.9232674134349,9.688803121217745,0.895789536888641,1.2903680775837,-2.45827668640319,-1.8783427579685679,-24.342430094645117,0.9085649889990554,1.7753120062567416,0.38407959244095086,-1.8617552503061003,-11.492895144328708,1.2527609533407187,-44.239917583647326,-15.78167773952467,3.6192995203782625,-7.108411716398388,14.53557022388536,-5.725602523587116
77.69959912484373,457.41636706455853,3833.5022186809642,-514.1840741795468,23.32465999385084,0.0,-253.5113291926305,-8.164299933988016,-5.165322566314487,14.001679238430748,-22.757368973114076,1.5335519389057404,0.7627864154563588,8.269858369459438,9.333397015194961,6.645130165005798,-1.7393317534805999,19.612135075134738,2.532432833679903,-10.377465732381955,2.5968559229093247,12.034508448412367,0.22629077285995036,74.42442368728807,-1.4807801978063313
1689.599548920635,56.064036973827626,1121.8565342328602,1017.2661464946752,0.02560295139778392,0.0,-277.35081496314234,-2.4958919817305203,1.0024640762561536,-1.2484894472051187,2.7131068554607722,1.9600873076350034,2.33533050754221,-35.51367808460387,-0.8689018926469209,-2.4185825449695484,-2.472390372020532,2.655358055873023,5.135278802379766,0.6365360192080862,-3.1581866162469088,-3.506312642856433,0.4551279825679515,-1.4789460266499261,-1.5609719277238594
2100.945835806125,-78.99511433727774,-1123.0131637041713,-798.9004846045418,-19.627115447909844,0.0,-294.67736222265097,-9.424983364973237,-4.993775866438484,-0.19777405740496057,-0.15883361815092065,0.1455474819720481,2.7782798687922754,-1.0147981723617483,3.0214482524987254,-1.415026838588527,-0.3439400429290058,4.126443739880864,7.288579314212831,-28.744629222469726,-4.893528753244928,1.2722478704990434,-1.2873210961296846,-0.2645999925371331,18.023516792694764
-1870.3605175082266,542.7010744991114,2660.998989078177,-433.86292994958836,9.714071278648095,0.0,2778.692038312669,6.95828790443269,-4.386526325707146,-2.4842263760017835,-2.470791712734919,4.322911490254075,-4.461709442269211,-1.4064086690097222,-12.438319673045896,5.286458616959381,-1.9127499783996547,-2.219384647342021,2.6559825740032363,0.993388067941752,-5.715710541082088,4.887026371154189,-1.5465014266917687,16.922310999040867,-10.22012293005986
680.1850552449939,958.3647406702053,1243.6415630871788,-1019.072476842935,-24.493030205552984,0.0,-321.702186823437,8.442569620119711,2.6009161777184033,0.06309577141202638,-1.2470465611731787,0.02260906771572118,-2.53560184915068,24.36308904173571,0.6452377048638762,0.5049083894758509,-1.1480386002225786,17.736581637661484,2.3411635797203108,-60.329460435775175,-23.81037793246538,-5.820772515689097,0.3245814370885248,-3.1978095416175383,40.588790735270805
-1605.3668428786868,-18.200130501871573,3931.01047346817,-918.7455640425565,2.866207527744518,0.0,-262.35949147447525,4.718962308561177,1.5101404710607385,11.87090342681534,-14.631858334101299,1.7500959788060368,0.2690835915738089,-27.22421229414892,-3.155015934603922,2.835159137696878,1.4931842907797974,3.3762803250883455,-5.451785403088195,10.884918153566101,-12.171765891910752,-6.546895858536191,-3.044278834663053,60.3152763620474,0.01902740479963989
1174.3650891191483,-291.4398397081889,-764.3089981240182,-490.93957809962154,-10.09763703312059,0.0,-314.37985497040944,-0.9189339578476682,0.9365639420883216,1.388220323669759,0.73171426606212,2.3049798323278403,1.6792139072256025,-0.6334474231355973,2.8349506591189164,-0.8597081634278095,-1.160275590481664,-1.3188845144327312,3.126882715721887,2.553492882521407,31.324000976046346,2.7620877257608045,-1.8369369374194817,-3.316379614403633,3.1471214719147302
-1278.85325973262,-96.35837655689045,2535.91842712745,474.0855785783455,7.2632099425366805,0.0,-295.66938232530265,-10.552187423478577,-8.185306133856903,-0.44490622691506543,0.9234206160724022,3.8099590497656948,4.712214878534237,0.3961386488830511,-3.454347600206903,0.8557341571986701,1.495224740822801,-2.839397018515852,2.087087968295258,12.507883155195596,-2.652647814728909,6.1824273194335655,0.25609861726276484,-0.17511686837520915,-1.7294995552253158
1454.9968132276013,-292.4846389803476,-782.6935674198015,-906.7097820866384,-8.795372238500097,0.0,-308.3610751030624,-1.9906537253245178,-7.339907409910498,1.2965633510351027,0.28350532522066396,0.4128240332746705,1.3838391798272685,1.1892936708930355,5.487667653056507,-1.746097790831587,-1.0006069710125383,-1.5207770074367832,3.853258391079901,4.951339806425742,20.460448144658923,3.663386037268954,-0.9454120977799275,-10.020967159979326,4.961387014985237
1859.0239348323037,-112.96967329769423,-1581.7175345278365,-859.4075346903427,-15.78247121986556,0.0,2533.962808033553,7.348780969181808,0.46375382357905937,-0.7277426008168073,4.489988361149851,4.107673665105946,1.602905988936231,7.396928265389317,2.3341451068418926,-2.096158523808645,-0.6450727589936829,16.95111929810316,4.776296867046481,11.765584743329752,-4.316565481533229,-3.768004379301638,-21.189447926406135,6.489469407085621,11.228324534458222
-1514.5638329777785,-1205.5347034621445,1267.8882997909893,-49.274771404195384,37.27701888059359,0.0,-260.12707094433813,-3.0523238343410477,3.597164386530098,6.28641386207541,-0.6740903392623026,6.111690995847545,1.402979163158615,5.114475631058222,-0.23932561462307206,0.12703823488497587,-0.7033686374206823,2.4586864094909355,9.050568917221229,-15.44734792832947,-8.580376462634984,-44.202984814709296,-1.3267573394962917,-8.85030988384342,126.18752695012937
587.6243864347188,158.94051149286247,3932.8228425373513,-532.6391601578198,-7.519273740438904,0.0,-262.6299577112651,-13.069665257700281,1.5586432032517246,-145.8822148065307,-15.966926446230639,0.3432164258742206,-0.4273957043179217,7.546373234644985,-6.495696079794907,7.640934174346254,0.2615785244379476,-4.97849514047818,1.567189424582306,0.789218100848751,-0.011977772453763462,3.509458689162782,2.6053653904845415,21.687936513348944,22.316107864294565
-435.1569308407943,610.8287994259998,-371.2685895893838,-921.4081682318379,13.515738635015174,0.0,-310.5764441894529,-1.3909294643771417,0.08655726152551822,0.634790090220878,-1.1731564033672879,2.0120558222842173,-1.656824249205009,0.11030682660774443,2.721988720362321,0.9560548851451339,-1.861868056463185,5.492424792518675,3.248766606891509,13.592374610407424,-18.739632298239723,-4.644918258038281,1.9817892079375463,-6.44763418679307,-3.71416504511027
1743.5528117820145,1531.791226507707,418.78525309904353,-15.64275868742904,-9.41884891456845,0.0,-282.69394079639255,-4.367570709685837,1.3742233669431365,1.2096989817517214,-0.47162922570236454,-0.1494724927817443,0.12427763101123754,-1.1909759223510676,-21.425392790087987,4.905802891263157,-1.0141932279437267,-0.2600008272079143,1.7775916864120052,13.373312895346336,46.243828505825036,-2.462278941444128,-6.187401497041526,-44.04176634178367,8.508250998946224
1298.84995823931,282.01890361065256,-2283.4662849200486,-571.1907768071903,-91.24369982104392,0.0,-279.04099611525356,11.144429468187477,0.4114052230346815,0.24278233509011335,-1.385457691038347,2.0370693349021147,2.220501096226724,-0.26645430763949296,-40.881303659614325,-0.8189261324850157,-2.096724083737578,-2.568311759179477,5.212332917310888,9.107242635515565,-5.532012192228598,11.529202208463413,-4.231375326781713,-6.172478840187067,-0.5854356036704454
-103.14543313445823,-9.11927621803664,-724.6192933167096,-113.28638868334185,-6.412632594169359,0.0,-287.5271672526241,-1.4775753502284337,0.4579581472186582,0.2436377483360903,-0.7086272925046044,1.7050524850662947,5.474958584394753,-4.18319757515333,0.42519389767204524,-0.43813688321975985,-2.7926457212609224,1.733395469407279,3.5817775112528545,12.394343308891745,-2.296953951845593,0.9216701334145914,-4.75257781700807,-0.5791633948160702,-1.339853955858995
-896.3111359479193,1777.2612797588251,-1656.9999050142674,656.1611528769711,-4.244731646644687,0.0,-284.8498937344727,10.051490311858156,0.19467595162934262,-2.397493143299928,-1.7769838545341026,2.0828236701739256,-2.173131474617611,1.5591928161757764,-0.10846542158017203,2.1831873874399643,-0.7227256042983828,0.5238019365422781,1.922552031737799,16.045069574833814,-2.8253465436603364,-0.7192866721726969,0.8819429205333432,-3.5150130010427727,-1.9273377432855772
656.4235270784154,126.97959974804749,1027.32730195316,412.26433664629894,6.27353949736272,0.0,-313.9898732788314,-2.2379953485773796,0.6509546250617414,-0.08660698927618021,-0.5365388705296215,4.1169007683363095,-1.2473856179809413,-0.3289007233610348,0.9107508428336243,-0.2585187266735101,-6.460033204499647,-2.1408067478569777,1.9017807618626357,2.2158740134356933,-3.8785927550395933,4.4727272855632,-0.20239383361287888,-0.8771383649665425,7.986650011307693
683.1359131140381,-2.441084710229691,-1854.1479896484755,1121.8565556681012,-1.2260656534378143,0.0,-285.4840834345298,33.72284605984969,0.40989510243139715,0.2998850330114401,-20.494368105069118,8.583150257518874,1.5764646763444268,4.609570691310854,0.9903046932207282,0.17766388509451192,0.7466436040049356,-6.234134658181297,2.5329876413820367,-77.39917524276221,-3.5186227553517666,7.633757539363338,-0.3816396930043905,-2.654222949693353,-3.9410872544476927
-1363.633006332305,-706.3731104840937,-2139.9653705083983,-920.0103491829174,0.10590977461409384,0.0,-303.6208510295888,-1.8325930222564524,0.565606711033749,1.2670550079403957,1.9206086615820133,1.251621007890849,-0.4377810074296783,-1.9583139065426702,0.8639346528173598,2.7119734021206723,-6.046968012091875,-4.430296687431412,-36.94346345260003,-8.396590574075862,-4.259933077661916,-6.1345721960153785,3.7306244364777026,-1.6208852787610524,-3.346216210193861
-851.5579582221068,-322.2383295555479,-375.97716083724936,402.95328729961807,2.3788489605688334,0.0,-297.44481390713025,-0.2768066038238742,0.8905474164026548,1.5252807475444294,-0.38316493252652506,2.4809101464061083,0.811670673335596,-2.7988675494735396,-1.177383579579679,0.49013314249526674,-1.090937562308027,9.338416792045294,1.7071584959330302,-1.675860698174111,-2.0441550458534583,2.7882664189803053,-2.4080301535516715,6.452946787595654,4.824237009803434
2154.5842455333936,954.8284559274844,-815.9518571691335,-871.9876690739062,20.171624540631118,0.0,-296.62570454623597,11.76697291204295,0.07477197453681704,-3.043688149607602,-0.8239146524647487,-0.20768925806223526,-1.4080279621747482,32.76786892631993,2.3452398895470874,6.385047010023668,-0.7635596578131111,-1.4638785286177731,9.779045175557526,-70.37154084275332,-14.932623903636813,6.362646040502808,-0.9867025910930209,-25.437220128295433,7.238054997572468
835.259871745732,90.25271837350667,-1610.3789962710534,556.6963441774111,-0.8148550744173481,0.0,2752.6364009513436,6.648117752549502,0.31800820205598046,0.25271923826180637,-36.405667885443044,3.7956883589143224,-6.12961648833195,3.8493282461277003,0.2295142904627535,1.1648805170683745,-3.259102189371006,0.8424427692378295,3.4550928841471746,4.070320793760479,19.159631438571715,4.256694048073807,-0.8309952605793403,2.372409178539487,-9.824400145516053
1176.9794355960705,-77.13412245049776,390.3807051026208,-362.73004595426676,-1.3255510966271404,0.0,2824.248158538353,2.57969779990528,0.7252797336367568,-2.728557707006403,6.21792262776209,6.167729751789009,-0.6236470241870518,10.919096524983381,1.3922940347290753,0.0620003396938401,-3.171287685172625,4.93139166346296,9.95814496710578,17.33847106198083,14.564958829836016,-1.5441563206965647,-1.4026484575520874,2.4383699069823312,-5.851305589594992
1053.5081176359333,-170.7462675099745,-1623.09850699787,802.6020402496636,17.046204688242483,0.0,2558.8329157135363,31.57690425818061,1.767292866006788,0.4872050516657439,9.74320549256305,-71.18859180872774,-0.8542110239143367,5.308637108412623,1.0747806455331892,0.1977224411610407,-0.4792806088376746,-1.0169439948558567,-21.07796220722212,0.7280226058016717,-4.646128141625003,-0.24168004772548143,-0.4513076303679634,1.8585357757489775,-5.46226775007276
1383.0475817552874,801.7845495663701,370.87864348826866,5.5612464354587425,-2.552687177854664,0.0,-268.66360868339115,2.168833922633605,-10.79118731340569,-0.5274377365707282,-1.1915281935446542,2.1506619378386187,-1.2778567959819083,-1.1302631434667403,5.8048258659209,2.870542545845116,-6.807939327040054,3.171588079267826,1.9022326576062116,8.190345373072164,30.745497225183392,-5.219033921444762,0.058117863845443055,-14.743382430309193,-1.0440293892392933
-1502.2023393583966,42.724516963521886,2582.297505991633,-962.7864112002413,-25.012311240405346,0.0,-285.5596649631599,16.788939614312817,2.662200430768918,0.5576408124383105,-0.8378206891053724,2.5962919785533685,4.324339866778215,-4.1497113766853255,-34.266306791916946,3.3746880468576412,0.9305142109729848,-20.400065514362634,2.920588562028051,-71.72927178614952,-13.527179229543242,-11.56978770338925,-9.245509834765224,-7.753582745215555,-8.219429354894558
-458.9802832979373,324.147541064497,-1182.5522091659982,1048.053354100756,0.5332823798113248,0.0,-296.979376991696,49.44447053722119,0.5838175929905018,0.07081232637157486,-1.2828540063422658,6.783000587207358,-15.931962563527222,5.713709429484083,0.564075271972986,0.4364269965547539,-0.17364410426521257,5.552730926444072,-7.1513640038699595,-1.7781840758723384,3.14830306114508,-0.23874238977306939,-1.1099323052224155,0.7368357950332295,-5.889511748152268
1463.3676384595126,928.4697054549276,2555.6632692699563,-402.5499322553953,10.888671613687436,0.0,2686.9557030475507,23.717030071008633,-3.8307306930769065,35.60117967626541,3.3729154132868056,6.228807209655861,-2.97392734804605,-0.8379428742804182,4.39841124244746,12.787596672408148,-1.415501353302412,23.056160282764633,4.857346756079994,6.961357367077121,-6.040042597118477,-4.492905201752048,2.4176579924618404,-15.35148971460053,-7.85070283005832
-1845.4055364372573,46.19127023986348,2702.6630117593654,975.8418593238229,7.373318025400654,0.0,2731.7165588136218,-1.4984447786463588,-72.48158640791446,0.8705764053265715,-2.4894641145028302,5.450714808528096,-6.202188812669859,1.8577708565173783,-2.944695901010723,2.2947674452359883,-1.1836761519121224,-22.66461595557134,2.181918503865034,-1.1952764076563291,7.27968275386819,9.925591021995652,-1.0422977238658284,-0.43571269055855444,38.64968673352233
-1660.1487270929167,889.2341391248411,-2279.8609867436166,496.8548478953587,13.581570144476135,0.0,-301.02043589563203,7.17079254336835,-0.07366326651199635,-1.8876637096339004,-0.2571533790555628,2.5684405672587247,17.552417751968147,2.545002577636562,8.170818430054998,1.3352561154954021,-2.0468579817455255,4.8955035104395455,1.718004889725242,6.013354146305739,-10.837261318469281,-2.874134442687684,-28.774822914944973,-2.150475942355037,11.106670731258253
-1434.445107942769,-366.3654052784869,286.7970552575349,-65.30603173196542,1.242496207971042,0.0,-315.6135375707078,-1.006957580845436,-4.2747597880951,1.1046533450626883,-0.3634901598025254,1.46186855161633,1.172940841200181,-0.4205861192249968,2.8558313686713115,0.08478275366974264,-1.6322925943990083,1.8832310303726343,-8.683820218857054,1.3358467103880907,-5.86016188316943,5.322490030154225,-3.369549564438072,-2.5709471545770226,-1.538163997982667
688.9544685969274,64.72757632963311,361.34064697583796,958.0691979188481,-59.39175733878529,0.0,-289.4744241078563,12.692632706663584,0.7659333207749893,-0.08866552934559305,0.40427790526884516,8.144875523170702,0.41623731755828314,2.817297973176406,-0.20882866512327572,-0.301750623155415,-3.947966819751698,-4.307564916175641,1.5194726281039344,7.01868378149078,24.77955007159811,-1.1777535947286482,0.03891593510882582,4.917603084112228,-3.1920228170955487
1606.5705453484413,386.3401385045497,-367.04573652278805,1054.322185090753,1.595562015708411,0.0,-296.03600296065656,-35.92981209714282,0.7374487985088599,0.11835509830002514,-1.0962561986907138,11.316595343647062,2.3346964933967214,1.9339728709818902,6.725497804705205,-0.06230486926350972,-7.580093836031491,-10.358599787681724,3.1990152191728374,-31.616622262366988,-5.193948732290215,4.360205532917219,-0.048631976181010866,-11.212401134623835,38.37563306407971
-1574.937423110688,-168.8722764763491,-741.8960140042138,974.0051571765323,0.09280845646260755,0.0,-317.6629338344268,0.04733773974843735,5.064285455627487,4.120230753748071,-7.3435341742135645,8.332885780348416,0.4587998112293415,-1.2239824633734564,1.014025118559249,0.21812807797316075,-0.62211753209571,7.536897895672282,5.410782785653874,-2.7121589400963217,1.4226827136865567,11.388517383555952,1.1299427156172583,-1.774777719382394,29.87566925014002
-773.6223426243089,359.4742994088916,1036.203745028134,401.52390245436527,9.088592943578952,0.0,-278.9184264577805,1.2616400381528465,-12.543160004662395,2.079431037638477,-2.8945236731727393,3.9204957194067904,0.9815872549888747,1.4633623930451094,-3.229282889598192,0.5280464096660955,-4.928626956340617,3.4536578610316018,1.319690278504183,-0.942293733390438,60.17855651729009,8.648742000885047,0.4570440188171854,0.8218504769990845,-1.2266758731559997
637.8220317920089,-420.1203420523753,4073.6826099913674,1029.3773832061108,-4.421050780066974,0.0,-275.18050427343974,16.419496369127618,1.8534192663329723,11.094221699766882,-1.9432700640139722,7.31160824032238,3.2008699108618397,7.072270297793019,-2.097213982357663,0.5602501244109095,6.904050074516371,-3.435064667393646,34.92252324125925,-2.665490649619365,1.5660055762391538,8.274661471125514,-4.796239027272656,0.9238751531312793,-12.018873778314417
-1262.760704043087,-373.58523458931995,3957.5986661418806,-968.6725613041192,-7.5397835373713535,0.0,-286.64627560619994,-8.25223026364241,2.069111247870295,4.7025396454162784,-9.016129575566968,-31.082240784845787,-2.576064402807826,3.7835717477772945,-2.821687847492125,3.5979398922331733,1.200978740517034,13.241973056555885,5.16376814843654,-3.360081520849132,-2.9131370571727273,6.417687624407736,12.574347430359703,-13.751673105044517,-4.810096933577924
-1568.0840711415226,-94.48070182613776,-1165.974486755066,-405.5608283066578,-13.612369973024407,0.0,-319.3234866057198,-3.0950923488772717,4.333228538488347,0.6883025173345424,1.0877631449729208,-2.159223685510772,4.097648034664084,2.947465311810498,1.4356655034264416,-0.6421495773992798,-0.27661679998257627,5.754253454422391,6.343520010181502,8.341194504560704,3.6588136243252136,-1.2374304544287424,-0.32223295358009585,10.128173570407414,28.984262046100536
-729.8438168843713,1068.2506122277994,-1821.9784772094672,503.77390971839856,-9.060051066509997,0.0,-303.21245010697436,9.142821139290579,-0.1393723666419641,-2.2986863935339676,-2.1871438577416833,3.796035504311769,-2.037760382588669,1.3368895769023497,1.755467538990715,1.3223265021881507,-2.0669582747887807,-2.1510019304621566,1.7715075137082326,12.011760692816114,-8.632170943647887,2.564747043489184,26.188770127782075,-3.3301994690778782,-2.676739930921905
-310.67240808207526,-896.978204179433,410.1416971264725,453.56372220958303,-7.9283284324102175,0.0,-298.8979771509297,-2.134350143165568,0.5250716391100309,-14.370770428115824,1.0941522924379237,5.120595653580445,-0.28064531266839887,0.04113253525433244,-0.1628853187870734,0.576977714407821,-2.545862114313357,0.9583079187711413,-7.719556757246543,-7.818131401445986,-0.7152388131866115,18.589727985392365,-5.9494426371818525,4.563289914288881,8.543546492172966
303.35187028039445,-205.17946165767205,1183.5012209185393,-412.1902882421486,11.360454464595893,0.0,2794.0126569191107,2.725728682252995,2.22260422051199,0.06113440356323173,8.570454121378086,2.1580253825127604,-2.5505312331279772,9.416540025096783,0.9263486090743414,0.46090660096945746,-4.2640667187892705,-21.87776072154267,10.860419209109223,2.1731304153092488,-0.26316968074063823,-7.490198129623128,-1.598608325465731,2.638435386144136,-11.252787867613467
-925.3595240437221,-145.9851880159334,-1635.297356987245,-892.5214289327844,-11.731179589803672,0.0,-306.7820082533657,-2.8929898338871087,0.3806012146499943,1.9997128520255025,-5.502999419655681,1.5091132365519422,1.2869577052504053,0.3703382624150808,3.109581077595877,-0.9299834159935165,-0.5081676038722714,1.3964563362509013,8.231652268219321,3.2527743052842335,-3.222602201303041,4.39623029409753,-1.2081224919524602,-2.787156091326352,0.23353996011732386
537.789712352853,-99.3881753026992,-2235.4695404110325,950.6691360222856,8.491036571471342,0.0,-292.1401004571055,4.714738260875204,0.4668560474854939,4.729793278041407,-33.999382444063784,11.021900273709084,1.3792508234069683,-1.0498106519295236,3.332730384043487,0.8922631022415076,0.6338544342717201,-4.462238856626908,2.339959595970458,4.180568363711254,-2.800941287526524,9.482189277064723,-24.491316007595824,-1.5306182781003304,5.87378624207782
-905.6692269797753,-769.6955327861277,2475.0552664337674,959.9879839915997,-58.44315403732063,0.0,-295.3330781501661,17.42225283190979,-3.42555523454355,0.943825699311182,0.7838317836824855,5.7782502757569825,-0.34657416675745634,-2.747807565124254,-1.495444374756143,1.1828639440764375,2.0949342695233177,-3.9619726146216636,1.8878102124035314,-7.0445323992904285,-2.4123998830759126,11.799639649868846,-7.8426799937898934,5.504165977272462,-8.952074916962408
280.3221716326232,604.3689385119147,-776.1301969468193,-1001.3120226552402,-5.578324606400154,0.0,-311.45097359691204,4.305474262772895,0.1373836858113701,1.0422924900349269,-2.7933785532817414,1.3696988852108765,0.59664184048104,5.1263875099383425,0.4062492079115914,-0.032146309981545926,-1.129488357247481,7.43475313923829,2.4408910031400106,-25.61431035761017,-24.20635093737085,-3.222256860989522,0.33987279423501193,9.923249002765997,-5.579307381348503
-931.6470887951365,1160.7885843289944,955.3758863714263,484.2214350705439,-8.749649271683625,0.0,-300.62693323385434,22.456998445375984,-5.411379893616174,0.26607395962274566,-2.936659957307501,0.9612143023930685,0.4764085001952483,0.9245787076300837,1.9156998426755167,0.9942954535533212,-1.2495511105352475,-12.391620462517052,1.8366503905234643,-57.13305605426463,-2.4247489109285976,-8.69240414855601,-1.9326221051401131,-3.461436381755226,8.348467112608587
-1489.3870797306508,-78.06782461506728,-2112.0201295502466,-406.53097844107094,6.83349577680977,0.0,-300.8345537386081,1.5677018000921938,1.0105070593344363,1.079433169876009,-0.3949801709172369,-12.918254589700682,4.258642947975261,-1.5147396769495747,8.893318715634129,0.45368527669310243,-0.45714893446414684,9.984941036043825,2.3727702515135234,-11.335774452830975,-4.270252080032057,-2.741632321642397,4.640208058263951,-2.7856304566914463,-3.130656287954333
345.57952178709485,495.38007438463416,1118.0205511390684,418.68301486309673,-3.041947943099498,0.0,-310.7166469266064,2.7841160601771993,0.25169986424085494,-0.10173910438230413,-2.0014458167507154,2.53737507032008,-2.394489005773657,0.41206569979206376,-29.516231493167325,1.5109956410295324,-6.888622508125028,-2.964054791399033,2.0026599004691668,11.078812506283942,-7.766467411335154,-3.5610410991752324,16.082485367775874,-7.093890415823629,12.448523255173466
1864.4842801098296,-1268.2997082168363,-1776.3424421909112,490.0695766694473,-2.9271118234655664,0.0,-279.09512700360557,-10.158566871010448,0.6030076041200786,-0.1252807610044367,-0.34807805206187725,1.760115867085488,-0.48829793793484,-0.38777666030738084,1.2187158944073875,6.805772898386772,1.9931439439753758,14.075217642766741,1.9590000908699492,-7.109510634267472,-2.1373400547874977,5.820084531985378,-1.415185033293017,9.656551487957726,21.56870752039329
1846.3617021665282,-564.3778928261067,-2187.0575190858076,-954.801366978578,20.398017678642656,0.0,-285.9026108017092,-4.625072171841663,1.0526823535104501,0.45430979684864403,0.29544898091756633,0.26261072986233486,2.5695433820633578,2.489641591125984,7.871409878065194,-18.181385889922616,-4.649293468966211,-16.220756833301902,4.3181707816645805,-4.9818291158890196,-12.434596316726893,-0.24810674089915213,15.244486610794675,9.011273747409616,10.9910988857199
-118.23527540802623,-319.5173207534664,-450.0323178517368,-956.2212509306405,18.474101104551433,0.0,-295.70982048060887,-4.637281209110384,0.7864699188122501,1.2278163067962853,-0.052266712684679084,2.3815833644458984,1.853763247830697,-2.026744697998327,3.277299945288492,-2.570315905647343,-1.5375635683343745,-4.386348777799185,4.094672558433211,-18.18526476964647,-4.4442901875857705,0.17231451037874712,-0.9299635223207028,-1.8628965076931887,3.5645149772856555
-1926.8011104033856,-173.3768107785573,-267.675682774033,-409.0207980815157,10.955637297447861,0.0,2863.9942243307432,2.601975533367851,-36.21051026183066,0.7807450357200393,5.335206088754711,6.829489922140257,-2.9563606906342295,7.005814057261511,-0.38702146999447234,2.0701962728318932,0.24971332361723886,4.0891683869127675,4.020039037203114,0.6167999836910951,7.434006428299441,5.605418577035539,4.984791561162397,8.92464410273034,-5.614957535940143
1763.148980457621,551.984257710905,2519.557751044456,-938.2865041101354,6.569615130108015,0.0,2633.568058883203,21.18882696062527,-3.3835962611583263,-2.3274503727310543,0.59431257339213,6.149688152389621,-2.404465033765203,-1.675059204022501,-21.95174660162548,6.641010948285668,1.1528262596307552,9.2137195896697,-61.01321686220279,6.774132624211734,-8.578050051156508,1.0846205374707636,2.6356702928468465,0.9104500970456348,-22.065560236593175
-1271.4765367196094,5.168659814138778,-1098.2828080042607,-358.1812230654153,-13.65958715961262,0.0,-323.76627968379614,-6.626147768615284,0.6224889583621106,0.26279832426204763,-0.6907810301774109,1.5959510968587363,4.35438257057107,0.2688929709548769,0.736541660959585,17.516115396786393,-0.6425801268374085,2.019858922879246,-5.856980240949496,14.042419485164432,-0.9357251777525083,2.156198050485558,1.2251039644020418,-2.3740570234514005,-3.386493533802731
-850.2516556712176,-396.30268967421637,-1625.2022401320698,-899.5700908184173,-15.737206701459066,0.0,-309.00832117796637,-0.6008900762638554,0.8178587715781043,2.1505391072651503,-0.19691522794940144,1.2905839855703245,-15.143812594819739,0.48303005986084213,-0.6798193231022471,-0.8074249270002225,-0.2049388507054502,4.469826356196494,7.771505317480439,3.0387799996937126,-19.36850310387909,1.0378069577889395,-0.5488841127182555,4.664025024328729,0.8760240104758674
22.676261307953546,612.4132621180205,-1072.8716121001985,499.66141811737054,5.575026437007902,0.0,-311.97642629123465,6.55042741407903,-0.043250095630417054,0.29486568614283964,-1.2877367906700035,-34.15757734265952,1.4092245756321222,1.1278593387797782,-0.46579174010180924,0.6036931317785297,-2.5041234808523796,-2.575015085281149,1.0247278978812056,3.094250570792954,-5.761240696580389,1.2567723323687103,-0.004025475905838051,3.7059133167506437,-2.98091392066882
939.5019234454846,-121.83032018893903,-2211.0751201084518,967.4337078388179,20.58666986877801,0.0,-290.81442832417986,-6.179535527143922,-22.906445440140445,4.56420108517481,3.933988974791576,12.35043871640299,0.3140699384313069,1.8693925752072016,9.277542244044595,1.3380967597157825,-3.090105949590136,3.7178173358851296,4.869416901000456,-1.179612311388263,-2.8763168938022945,1.3160524958524042,9.316575208283178,6.51277359938138,0.3157380685987174
-286.7340337646822,-1128.6422869231292,-397.5218846296567,1147.9427713470297,-5.007102524702273,0.0,-306.3554447984653,-31.240943010938913,0.4369760755076045,-36.32023310231803,1.1033560849125077,9.95595511136401,0.01698334941597184,-5.70393823125182,0.5839152375228565,1.3731664917273905,-1.2828513929847112,-16.919330554843135,2.179764986262499,-23.214150540775098,-1.5047366436913354,13.088647537582117,-1.4059480395898278,0.9765710706712663,-15.231575403434563
-1955.4889091864834,220.5292851692979,-498.0586072694045,-982.8480078077476,6.966380255639902,0.0,-330.53802720969804,2.70428822800244,6.894165833297439,0.7174731410976012,-1.1482012612327854,1.057032118922663,33.2619313530371,-1.661578822359707,3.7548678393736434,3.3982811916808617,-1.0811344302276003,-2.4559256302552748,-7.239072674454911,9.17249331493859,-4.337401541882564,-6.155167467465935,-4.024524750321242,-8.690348165260524,-10.849173558753279
-360.4393801948875,910.2156830260503,2562.5267849710453,-902.949306677107,18.0294667771306,0.0,-310.6641002162769,-9.02846157075425,29.41176397602043,1.3179409818375427,-1.9863563263500463,1.6022915383950156,-1.563238140228807,-0.3800203643875313,5.560970012859601,1.5023604450678185,0.46330399433931524,-13.667593824957384,3.8260185126025257,17.47260294636651,88.43366663587501,-8.589685365284554,0.22180979649233235,-12.714899895974442,-2.1918164462795295
-977.6369310972817,-213.3029545220622,268.04841356314745,-404.7715031321619,-9.588100224165782,0.0,2630.2389876350303,2.817443518068539,2.235470400028215,-4.716953151960485,4.191481398151427,3.4613610063976568,-3.3255840963102603,12.846403026990158,-2.173560159666737,-16.99649213254779,-1.4523329514448595,-30.092522368096375,7.121611625205459,3.8468055452985697,-1.6195690576876067,-1.4388588245154508,-5.134901821388278,4.4727814021935695,32.46705246912567
-1075.6075819335026,-357.3293470022693,-1961.4591701802196,468.3384012647653,0.04501751932569246,0.0,2645.379417207625,4.496740166828702,0.5384740310979986,0.7154790586544858,3.588353281775857,7.002185057372533,-1.6404732221951672,6.903330756808329,-2.180028874522184,-31.38089571813302,-1.3554894669728013,-21.108583301273327,5.325454424235869,1.0658024668172985,-0.5483875588733326,4.613976360382678,-7.513187622186269,-2.2560531597245004,1.7789074401149583
1336.0144992635132,-111.60481568985763,-1575.5197205834218,-883.5189472812144,-8.188857107119958,0.0,-287.812915018583,-3.145937271224041,0.6113966707841842,-18.11491074997411,-0.08166311931473817,-0.025365246910734718,-0.6244014597734953,1.9249358545609603,1.6572167484849987,-1.1123239314526063,-0.554206237428784,2.6811744416479275,6.100020910614794,3.27991195120419,-15.302614667283349,-14.281744505824067,0.1554387283810577,-3.024968531768281,0.37076239461983634
-379.50631316548646,885.8780688955784,3949.1802077565912,-413.3822949877477,-23.40570775103371,0.0,-283.5928418343039,-23.912138399904,-7.195588499644799,12.50949703062027,-22.4633259306214,1.4515869719012164,6.385758791004183,12.966378010799026,-1.7699894173448556,3.296845550192324,-1.9992055843789398,31.38947597754146,9.480008339678124,-6.450922996307402,5.164267142687924,1.2512212613326879,-1.649582996933389,-24.548360745757094,-1.5779068417831383
511.1149560295781,-709.8461016690537,-364.2314023088249,938.1250130936734,-3.6082353772174165,0.0,-319.1477545920201,-20.104099316155192,0.5577690294194722,5.364035577179134,-13.368296637290753,15.209199811447105,0.2840281862540255,-3.584368941917011,1.1914101129531909,0.7455592661291777,-4.280378357719477,-11.396190008036712,4.839834610626801,-4.962155693659933,-3.409135115697706,3.933790255337834,-0.6278245695567196,0.11601242106951393,-7.793198530049912
-1400.0954358756549,-344.16559036210197,-814.9398655458251,-62.629773819262894,-3.9594004581678637,0.0,-336.3855409074987,3.018146056114579,0.9004513695296562,-12.836641350974062,1.9494504831358244,1.2542339087943568,1.5774715593140543,0.28313994038628465,1.362336745773336,0.4934353294262421,-0.8551919994902009,-1.52421502739962,1.4938310864087345,1.2108871049930892,15.229914552465452,15.502607698150218,-3.2722049631672365,3.9715504081908626,-1.305719556209398
1074.793767396809,-230.8239209673338,-1178.5633220463708,-453.1164657776841,-6.741023522260529,0.0,-306.94409694319546,-2.1256880017669992,0.939163586659902,0.8279737212214955,-46.90116039230886,1.2354892739999042,3.551936578909434,0.2826417500048553,4.863385213659548,-0.6863332456041655,-1.1450210282060909,-2.8450214201374733,2.9126699936608937,1.0999294977756182,-2.307735621576594,-55.0997836421734,-0.73511983206636,7.271449352196958,-5.264976736706652
241.85899000891172,110.6485811653899,-421.32304937787177,1079.7127567873488,6.578616066380331,0.0,-299.5887039784659,17.786653384855825,1.0122992235398303,3.4242620422288788,7.512047100347255,8.410055639342566,-32.125908756305016,2.5857623641665617,3.4675437243878835,0.15821766868366532,-3.463371409266408,-3.042634051741876,5.496564093326578,11.713702383793752,-2.707152115736643,10.704059554124015,-1.1353137030453717,4.169185180188373,-8.206422058439182
-2096.7152868689764,-338.5738415869197,-1932.0264217073563,443.04099543733486,1.1657105173993303,0.0,-300.3328490007064,-4.871664964280364,2.688359090871683,1.373688030433001,-1.313839175920466,2.4548160889386827,2.4337165824581923,-4.058843791904479,0.7917809175084015,2.532028426396595,-1.0352720746862019,-0.10099362571103151,1.7597456539370617,-7.463524756020012,-4.476533246712789,7.612439781038396,-0.8864871339775634,-2.52422555276061,-3.1947091530084943
487.7496124222129,904.1433851256431,-1572.0403239400025,-948.2886895216106,17.099045899053987,0.0,-319.3633164929526,5.605499593774149,0.310093767015772,12.017289839208113,0.45889905115144436,-2.1457903148698296,-2.031424604006128,-0.7913827074578039,4.109902884850355,0.7803507015270815,-0.7250580016314561,2.6652239763458434,4.254098307354063,6.336342661830997,-19.16510121041135,-8.926030266776511,-0.40641630705037496,-6.02572257698812,-2.9458965703529696
985.4563813997529,173.5282562576835,-1619.9651696735637,-444.22807487127255,15.724727756676646,0.0,2694.94604896187,7.313936791345362,0.30210885166506,1.7404002477393847,2.5427973253610747,2.5329039932645903,-6.151971091859737,-5.861610215671558,3.0363566665579422,-2.5598111663364427,-1.7966676168495292,2.269998402464519,-22.19102360493859,8.49870868024708,-16.354617187481796,0.8208822182236358,-7.42380222724284,-0.36588927780390207,-5.852753933847433
-634.2073508685141,487.2768672671486,3903.1555545387046,-395.4922124883523,17.378383263148617,0.0,-286.2864348685789,18.478145687239998,-7.581635546635264,12.109745406512005,-23.451255681356695,2.0119659729307453,7.183452189983227,8.373450275223112,-31.804740664207294,5.038403840669165,-1.7057119481284355,-16.375962456633484,8.27736924773209,-0.3371580228328583,6.0824337930024726,0.9793710807424264,-4.859991864254195,-11.770501056091815,1.6985408980966241
-1887.3354667397298,375.50247169837274,-2198.824770860342,-834.4426193171162,4.47340871557005,0.0,-316.06567317977795,-3.0843658553423032,3.7324567743785564,1.0029995566747785,-1.2784870223228193,-0.5043267230717355,26.925752443872952,0.5969564053505275,6.917994240424097,-0.32051585325355547,-2.05353396726797,-0.22648992275769667,43.97419170905782,4.20863206446329,-15.390359219502447,-4.594583612005037,2.190638089643903,15.52087440162474,-7.244263428170451
-960.1160730907094,-1120.629366002253,3964.050097731606,1096.9012905752375,-15.947977665037596,0.0,-295.6780206864009,11.238140470748515,0.6334406954155898,15.012699733472864,-0.6579396541500426,5.373132897010598,0.5726042556808133,9.101817047291183,10.885674015846355,1.000976046826206,2.5509970171182617,-2.554705958527766,-0.5856316865549953,-13.596917475177943,2.2211986214389063,-31.507927435615603,-11.399883661226415,11.113608784062102,-31.418780166368087
986.7319646349965,1217.977217814855,1229.068391663047,-936.4439860395107,35.9517859573943,0.0,-297.5778857442966,4.21013642681801,0.8967125901931817,0.26142086649423224,-0.10239871143081583,0.08121226004153857,-2.3473659847904704,-2.0182265840507303,0.01575457240354427,-0.13904558830471458,-0.6755282925951527,-5.165738662275384,-21.451159286491254,12.590268247112844,-23.343613355180178,3.234580759593735,-4.148039753566784,-1.3050501127387641,22.32474367586063
-924.6551829631201,-487.3570688907359,1164.785159270519,977.1760316768834,4.975530695461615,0.0,-283.64917708912577,-10.620990475140232,0.8557574238393593,1.1000253092501686,2.4641092136170752,-36.10595906959809,0.9793336460232548,-5.125832948406078,0.12039783794117453,1.111284934683984,-1.0240784227169695,-4.212642451481544,1.4303801329199517,-1.4271512602717404,14.47130146915681,-0.1787861397531112,-2.952195695533608,0.6094072138478868,-3.405081576529654
1099.6371054796818,-223.44020934661788,2413.9917150766178,-45.925357958524444,-5.905880636549472,0.0,-290.43613172061936,2.7550286386814187,-0.04633566878400278,0.9184498674031716,-0.7867444900519004,2.600035030887442,2.007714530321398,-0.8303776409110482,0.9279088875009569,1.16514997552537,10.448564708136884,-3.8049678295551757,2.2763897932892876,-15.572192911262025,-11.01051724915829,7.793155572449509,-3.303516182687391,14.23847046424087,-2.047207322345387
-426.55472844005567,491.4342511825627,336.1058948593366,947.9397188858526,4.077554995767157,0.0,-324.61543051597715,19.961922661991704,1.1444254584531588,-0.9472632272502093,-0.9279117810880215,4.74297332369471,0.8098223105006275,8.832828080242745,12.81078280239576,0.5332703593331866,-3.320938004912472,9.155115580545658,2.799904488843337,2.246535039749014,-3.948934611522382,5.570711079294084,0.506877626270615,-5.8318162156336335,45.08221231356175
1902.3765820574183,-63.62647541851137,-340.11297176245364,-513.25120037263,-28.092297090833174,0.0,-287.89037297377456,-4.368361867459251,0.6558147955393432,11.63654210298805,0.04930977258559501,0.8141873313523591,2.8610511232656695,-3.1336502553800116,2.11894693397951,-2.7679924987728395,-0.7019497536530276,2.3163050507028773,1.6931321306463216,7.4393267866673725,-3.14572187731952,-0.9616250382213857,6.069046866630253,-8.644787166076847,13.018213472194544
534.054124069299,-1200.5382995255864,-1206.2593066248085,1132.1914732502307,-5.528911610041255,0.0,-302.5259365002163,27.287393247736446,0.5588163000715187,1.5566164612110986,1.4747489275570642,9.993475655916098,0.7619550592539202,1.247427864942425,0.4746616980648971,1.245977437989924,6.830018392796275,-11.30166420204204,1.1639230470338766,-11.579666427471546,-3.914133657756964,-0.7660978063259389,-1.2473250055150558,0.6946540735444929,-9.228664552824727
1129.4907047750112,1057.6904691042507,1207.0787857760329,88.03594052848322,-10.226724047255528,0.0,-291.4954775143364,-3.205040550404778,0.09050394702251949,0.0078086358037769855,5.907527211863635,-8.3355566326279,-0.8521604077033861,-1.5266091798584713,4.0658344065908505,1.0954538829705838,-3.584742933851971,1.4714539402113538,1.811158023423933,4.105956084267233,-16.445198958566678,-3.3621729347650433,-0.036795403687094635,-35.30450202383046,-4.123021022731077
2023.9623428904804,635.9276217679255,-2226.825476270711,-951.2868632400092,16.12361207371162,0.0,-271.32926152455053,12.333307592330316,-3.289443991771342,-0.4018514623815481,-0.6376668170091606,-3.3507279498691083,-0.5146666611585596,0.49116989462336336,1.8075788516429774,3.869178974484806,-2.611510280186215,-3.0494418695950607,13.857908754077124,-1.332667609157374,-8.263320807226098,2.8862109006367866,14.48255085767877,3.2423420344912457,-45.685385686662435
1600.2483748624263,816.2733747807106,344.0303519319098,385.09663468314625,12.096075734989629,0.0,-282.8472601463486,2.8696497656637567,0.15994257716169621,-3.051844488656844,-0.0010116168133309199,3.5145611545071582,-1.481252774510652,0.9227406237582089,5.989928549774414,5.93040627536311,-6.11740838696611,-0.29809478268563055,1.7770415230313605,9.282786215096353,-7.388031003859839,24.9736198533109,-1.9559304855113302,-28.3062686653528,-1.6368069205856268
-993.6557843963565,401.1591896104974,245.87772962424705,-132.81497233863269,12.453448924612566,0.0,-308.1040447607437,-3.7972569751788314,0.9286815276059669,0.239361795559661,-1.408012544394415,0.13122385158429098,1.3027892701775863,2.059432439368584,8.545605242554341,0.5718139159408999,-1.6204163792051212,-3.264536025316292,3.035073003597225,7.034212608834373,-6.061431400444649,5.7794847308406165,-0.24205769146931672,27.820311222517578,14.994144711504712
222.99668951616252,-169.49419765443525,456.1520989293958,-965.1650111157262,1.9787351525581736,0.0,2648.3943448650384,0.030997361288151344,0.619939912170198,-7.0614874784311095,0.4346221252840369,-1.3952101422638383,-3.834442105317735,-76.69211963804682,-2.614455780101067,0.3268644308819526,-1.5762662454063423,-12.83588161580537,5.595263774245367,6.811415522003811,-9.427486280707772,-11.841352757768336,3.0170381996660898,-0.6813382562991167,-7.374650322020225
-511.7895863926027,-327.5678361122618,-409.5145247675552,454.1039160255943,5.794754730093682,0.0,-308.4651757913158,-1.179891026135649,0.7173549378884438,1.8730372223266465,-0.5002993077736702,-35.44115756251103,0.9623451604341741,0.2534007727779183,-0.7510460632472371,0.5912283494578974,-2.631164892981774,10.886577516878441,2.1196317478165767,-0.09590893877233447,-2.2730934591241105,-0.03753601978580529,-0.586368345874338,8.608492697895278,-4.102658633124316
-828.8920759023911,-585.2315767719485,-1628.7060475174342,-70.65993196417398,-5.704578977075761,0.0,-322.6276272584834,1.4512941290634287,0.9654457179643482,-64.77588910509101,1.4274060096688679,0.29307990356060587,3.8576100594083154,1.2321855366860035,2.7879928670514067,0.7581452017051883,-0.9244426769916906,-0.4864956723478387,2.2800033065496916,1.683331568570721,-4.298049403566211,-73.47152272582194,-0.3894415059955176,7.464560218172529,3.2295609564771444
254.895664507908,369.3293488824957,2533.453320836146,1023.6030763164789,9.804155612883664,0.0,-275.09034722305506,-4.884774674201157,-0.2996351308482254,-0.8293618906744856,-1.568548564696073,-31.91012449070731,0.08491951844380052,-2.3238946912339142,-1.9103727436086364,2.1373149418391657,0.7970684933141352,23.095943639374333,2.065617486326845,2.182095270190126,-7.61633331077227,14.847558744773167,2.685819129975885,19.959788558954447,-12.450568443725054
1806.8858161269366,-191.52041691552654,355.78926866240374,-455.9960213928053,-8.671546568011257,0.0,-297.9627525514312,0.4505189978356743,0.8270227827679535,0.6708419104099975,0.2660020047640381,1.061792313314918,4.582154169887822,10.10955342172526,3.9764670521221155,-2.1635266267675624,-0.566025142687561,-0.10911994569832503,1.6549803871093856,7.326770538324463,-4.1993949882187,-3.000803551157326,-1.986773935451239,9.168261507133899,1.2024716758137135
-1588.9804753197268,-307.3536156186965,-428.36851743696786,-930.8613434873049,-11.364631670745107,0.0,-357.9815878187736,2.0912732283929794,3.4851246832405995,1.9642057661850587,-0.2060002013937355,1.7909594389011048,0.45484736379372215,-2.8124675692405092,-3.899940960970799,-0.7993608170469658,-0.6347458443631521,12.643640512041504,4.133730521928414,-24.52251100841423,-8.691987537532864,11.034876359790141,-2.1374359933714735,-4.077105462375134,-7.258420688525526
521.5136611185015,612.8276853900852,-1235.8699984586904,891.5772761630064,-1.095019741139256,0.0,-307.7486303897815,-7.164549527870106,1.1211859016554298,-1.1205666419705702,-3.1902716154019806,7.4548519161225295,-0.6915895787101243,-0.19756271584567722,4.040276498171766,1.0614671369106303,-3.050229630595605,7.022057549692438,1.7999406672287275,14.670394042314856,33.689548285181196,-1.7482515522792708,-0.05212747846548989,-3.7146020880970383,-3.308958522034297
2101.9630093663995,-196.12615332154192,2476.9584297170572,-900.1271541246952,5.2166587474776716,0.0,-264.61088428000795,11.557182361361425,-0.0056918207789044455,-2.830015917442911,0.3655807446440582,11.429261506180211,1.1004906229837537,-4.713387644495208,-1.2200792154074453,3.215811980059702,3.1871463249153966,16.35687083454902,-71.53827235982399,11.33422596600318,-3.6849672700018936,5.9145827510933024,-1.0345507910542469,-2.2814042434542476,15.94625725919638
1145.9318801458119,-675.1113025582702,1098.4359071573715,465.83520073097526,10.389627279485907,0.0,-310.1674687008648,6.546719572205538,0.849069416941971,-24.226829437232077,0.2522607281694949,5.213185208943963,-1.3989283539073134,-0.04315334431826666,2.590857352478942,0.778635095560008,-4.229378496325319,4.4088725668566235,3.3561333458072786,-5.38128727438233,33.054654759852895,2.7333974601905293,-1.5454593835156114,-0.12473354812460402,14.000415820468332
184.48908700733327,-644.4260906289073,-1181.7301371783983,-890.4714628433996,-10.78089098346462,0.0,-309.6439349807563,-1.3200192269170035,0.686854376518376,6.610429071867967,-3.1829782395210975,2.31304475795398,1.141794570923904,-0.19440214073288403,4.877500357678381,-1.9611590778358456,-0.8600393634089709,8.767740916240273,3.0788833516002243,-1.1928361216490806,-9.263339515183931,25.975705995631834,-1.1050372799898207,-1.5593176197604492,-2.0112131500246564
1079.2234263043656,359.9556144592228,-1609.1901546073782,-445.97955568472923,-4.8439762296758335,0.0,2727.957251313652,4.47643045294394,1.3901633987660849,-0.3391834110221769,4.839647772411202,5.133666512797667,-3.5535524162225074,1.002612943006181,3.3310183476122277,1.3015809967970273,40.492493612788174,-2.1749521005815384,10.829368850426993,4.138672264001655,28.091966878938713,6.583369643502716,-1.7685305148582962,-1.559518829145607,-0.34575547079005275
356.33062564887484,-159.79891151598818,2420.1457308192416,-80.85836895648538,-18.980655800643763,0.0,-285.27909046512104,0.027799508884612602,-1.9422230317366704,-4.080644590925163,0.5955057032869315,1.4557706139292805,-0.20706518939673302,-2.928538020686733,-3.307734367593059,1.3773890460716132,-1.625415171485511,-3.7839132288704698,3.6880929559283824,8.983467973649466,-6.049921638351116,14.495543998507577,-5.933434831217467,-4.091844234064543,-2.668321928332581
-563.3423279383871,-208.36705253132496,-2341.8758243974544,399.0104615349098,-144.01747002246702,0.0,-297.9525092740127,21.307263772927875,-4.327582269047745,1.485439865399893,0.1663840670986366,4.809674175475121,0.5813907200987464,-0.24867922991487393,2.0288448440433036,0.3916739381593719,-1.073365117660212,1.2566340382034427,2.6732008002866023,-13.687873360070231,0.8607873370574346,1.8882026146791127,-3.909711439562084,-2.3602050727267154,1.534061269062753
-421.44667220160585,-313.3874129505947,332.321688950011,-55.32515091786726,-1.356331914127677,0.0,-304.2341805792664,-1.8647805729843205,-5.504912473424429,0.11428797781518296,0.2510914705177588,1.2139773711655002,1.9370408689653598,0.7725477496269119,-0.3463592711862315,1.8193528205959122,-3.1645200027843354,0.16409013130045016,2.032781225990946,0.98023556074134,-1.9181623096644267,1.4342443296651264,5.4845024826471835,-1.195728841467193,-1.2440819220715957
-1643.2666719416595,488.4075418039688,-423.96423721321133,-1056.0177359791248,-1.9583824962828775,0.0,-344.1392802377701,2.9546487611692505,-0.006086522104033276,0.4338188308687114,-1.2723462262364504,1.1282522800437524,-5.929614002269863,-0.3972152818579547,6.411807087006319,-1.4515756801690003,-1.321609705086022,-10.947787774781315,2.3446800653257593,7.963891277172741,-17.31098751675294,-0.8539734582481768,-0.18447364451938536,-8.692149393217164,-10.275795030217187
1168.4510937971088,623.1258873481407,-1804.0398928573043,543.6297272385784,-1.0336650824350715,0.0,2603.72392490119,6.331807632127151,1.0839202183899856,-0.25246914016570293,4.367948927628556,4.775230990336988,-6.674026716282033,2.1330101220736597,2.08290505887647,-15.349013045199014,-3.7910346488009035,-1.6207763560118063,8.132132385912382,2.6538331261013366,21.607269534569703,0.15568866511569202,1.16467296678525,-1.9509865146740697,-2.4020939747028485
-2095.638064250576,-394.0626162233169,966.2928440668309,-51.039536530738296,16.588018060542172,0.0,2662.773506380597,-2.940361434459577,3.280232097595481,16.977693377446744,5.20455803848965,4.073251906117102,-0.12317751485218496,6.899596907371409,2.55573423758192,4.659102199548836,0.3152789161377766,7.073302641027539,-3.9657968309074136,3.364531290111415,-2.5431912914301473,11.325982212888755,2.1303980469075614,0.28880573454367,-11.532062966023434
-1750.456417915327,-1084.138669090873,-2105.0444168162394,-874.3003918032636,3.1724469556576134,0.0,-290.89683295566584,2.36183993725979,4.861938940630742,1.512354946367573,-0.5068660107360439,0.4979173465189014,-0.26241839056238775,-4.306609656234605,-0.7520267701001961,4.791371165984169,-2.767550719367224,2.0265629492768715,22.60585602379098,-5.621127914004032,-11.437167508445029,-10.400091843461459,4.874937560931256,-22.72867409319472,43.68751050343095
2138.1324045860206,89.20078672274494,414.8883645458115,-855.7786843703706,-11.445490299757948,0.0,-283.3068244085511,0.6571918958747288,-5.334940946016879,-2.679445005351179,-0.9669044107919423,-0.32490882472511745,-0.17200783990010982,-4.900059291745968,2.3943996065398703,-0.3675141559097366,-0.5758460319343764,2.6563589410381137,-9.140322242388708,7.768414772137072,-4.376798611081917,-0.36989994293421163,-1.56044566503245,0.1348334226336381,13.883332278789943
1550.602771011879,25.530445125074223,-433.24083323471643,414.3984667708274,-8.153454777046186,0.0,-281.5221305249905,1.8144588904713281,0.9599925750808027,-0.22793515845544013,1.2182003231100604,3.937980670135506,2.5739208977634163,2.9595491486465693,0.8104775821133613,-3.616200822100996,-2.4985944301128575,-2.695784504745837,1.6601057699234993,3.163847344686832,16.26564264383635,7.496117513429895,0.4592733137499356,14.817466275217093,-1.82779758277612
992.330995475012,-236.74395922736002,-2134.666687518919,-916.7843414443386,1.7222851514145403,0.0,-299.38547652924836,7.619148253589999,0.4784864883994445,0.6196937253769126,1.417041540351693,-1.1851260830157413,0.5316120821939334,-1.0209146609283821,6.38592684438983,1.1057239947277737,-5.242995789969614,-5.216131035153656,11.881010284021524,-2.526874698587039,61.903426939547366,1.1190474076481438,2.5522797837378226,-4.801487095759696,1.1677939488157012
1933.6884166965806,-55.852188680377665,-1177.8644823023346,-94.06017000162836,-8.536188656100544,0.0,-294.9656554458833,-7.675460769069329,0.4214390344593007,-1.3756649401895538,-0.15357178369668653,1.5812314532136955,2.8869549525212763,-1.501139625298245,2.5619825575488813,1.0183593938510151,-0.6699274464045811,5.834846038411905,-29.97143626920096,3.85930037936049,-2.651973018998652,3.063286471122686,-1.9024693919292408,1.4707707267601087,17.483790289828697
1617.065553665828,-744.5570369198333,-1575.8345327546926,-75.97868709142305,-1.57868215968761,0.0,-288.4357970684335,7.686151361250444,-5.021856873065489,0.5716304001045567,-0.10893675048993481,3.034721882227143,2.6850810459960264,0.47731728083851116,3.8406033793407164,3.73495998125299,-0.9304679882792439,-0.8889602254092441,1.6432385978398067,34.9872253359349,-1.6898694077899046,6.3982614066827965,-0.8207145370940554,-2.8396242562924163,5.3320901934755724
-395.90561712466973,-268.6309896179117,-1571.6979568605184,-88.74272698025126,21.21888460751255,0.0,-311.3857508283642,-3.365490991788599,0.5822572851721854,1.3486181395492756,0.8436937324623892,0.9994195502025095,-18.31774225110258,1.1904254939031031,4.061900505861364,0.22285118917366548,-1.1469736033681155,-2.6366552990989307,2.761598886630569,-19.940987617001134,0.4203453352519092,1.6738289774443844,-0.10806513525522418,-3.373997341407806,3.0105851742837806
1663.4530195867537,130.9894069856262,1236.3252210050323,10.804453199275857,6.761710114492249,0.0,2584.7574020469638,2.781857421263075,0.4717389808536114,-2.6945944952326077,-2.2988990254524206,5.517362208743191,-5.272509375545591,-3.988372755707706,2.634450166179729,6.615339656899225,-5.638556734672406,-3.826848711235974,-1.0422674047165619,2.2524039431703895,-1.7364775645448414,1.4021198318030685,4.339255295684106,-3.1531553199388296,-7.068589073604272
1046.2504621470807,38.254955375547866,-1664.3369159847339,-506.8700182610446,-6.375567393332859,0.0,-305.1563913297247,-4.889460313091096,0.5597777377567056,-0.2831982838779686,2.86353451328484,2.192343075362432,1.8955342949620952,0.11533060456202221,-27.23573056916152,-0.6647755832920894,-0.6694916212138458,-2.6212910635149744,3.6701317335476817,22.28954863849167,21.07581976713941,1.2079506753244975,-5.432998192195477,-4.610598289255964,0.36013899284350703
-1213.9525429663759,549.3191455835716,-395.6300218915181,-908.6338089602405,6.660744893285206,0.0,-331.5089764277998,-13.14488461489763,2.2464098477977377,0.6077401050298509,-2.338643522385934,1.1757296536966793,12.169773524629157,1.6859016425872964,-0.33403493514214566,0.7506495367046928,-0.9315587950796704,4.0584697123276765,3.451965912727811,8.319260699195693,110.2039040702317,-0.7463452435211979,-1.2619835240231432,30.642235941834656,-0.7397458504437056
325.79617240906833,604.5395963903629,-1105.0974149351064,553.4730204149234,2.4039420819776827,0.0,-311.6919663367585,-5.510069141535342,-4.115605661018381,2.382747404694035,2.3168686379486183,3.751644034885935,2.5038465762559334,0.3995525708737199,3.482416874504774,0.9072187837541161,-2.614283392502672,-2.337246882820781,1.1974427286707057,0.6890197507286345,-4.910047408117499,-8.067595802721057,-0.03201749539626386,-1.6421966277154212,-3.3946674374531924
1084.7221028653826,-908.832703563933,-1840.6964839054233,-928.0563971975901,-13.906081759200182,0.0,-305.0444635005664,-7.049992652737145,0.9879683954175975,1.6117931445315787,0.8383668720872601,1.99567308179422,-0.38600134484251014,-0.6532813621061845,-36.412559503755446,-1.3184280711526986,-0.5860298006448346,11.874557983227342,6.019530991222934,-3.8895983599433257,-6.479030032292851,4.6422019432179935,-4.425199776111146,0.1166424755914258,-15.438675363354553
374.7195883261626,412.198912439968,-1839.909982620498,-1020.2391508384591,-14.546860834943018,0.0,-293.48275762362476,-5.531406444945938,0.46397272966794456,0.5587588761754939,-1.031422875065049,1.5102177042695202,-1.4177307401228585,-0.7424475554744182,1.7203726552035945,2.419363570198221,-1.0376837009750666,3.927022495511848,-27.33278430462845,9.182262792620874,-19.068853350544842,-7.298357851245205,1.1366970604420716,-3.490822123734534,-2.36395949600272
985.7694531557917,33.434417236696454,-1212.4243405148807,1013.503896125241,0.8147701506210742,0.0,-284.828426086327,42.58726192081423,0.6323816504341211,-0.014223373849785777,-0.5010981382976828,7.716478879970919,1.3286567823221436,3.9354840849510206,0.9513681391561486,-0.24376630194691196,-0.2078774822753282,6.1728902400973995,-10.989845942299388,12.33203929638102,-4.143461881741338,8.437591429215137,0.09562320945309935,5.113246244186296,-4.421861550466155
1201.1540507883535,-257.35269072186594,-315.5607431712662,-459.87712727988674,17.565571540307985,0.0,-297.8554993749809,-8.289504002633414,0.9570005892992477,0.9488380518972948,0.46508697389878895,1.4055531612579037,2.507135536120294,-12.730994711443888,0.9979101976445114,-2.652143708378545,-3.012594350300615,-2.789936737730972,3.4590474897146017,-14.338231268480564,-7.018766717379546,4.818924544574636,-0.7765828434011693,4.789960139455643,-1.3543315127418214
-1329.0750755691429,-326.30408831473596,1132.85899372818,-947.7951604224378,32.60169750000321,0.0,-283.8711690765766,-3.3115205957071496,0.95025601828883,1.330041401772392,-0.5257097076103809,-0.1267828990866172,1.413905473674308,0.227677086395875,-2.9454981691437747,-1.4121979231491468,-0.9617903444968686,11.871620175322578,5.7089452527060525,-23.036519973021715,-17.004870607890258,-0.18248220938689796,2.133731819455865,6.846775609396793,-1.3339663939958823
-880.1322406242739,189.44437379044626,371.0867757473017,-878.0911413498953,-10.116189368326076,0.0,-296.99764754771945,-4.212451391189882,0.6132882626455398,0.6187168315145333,-1.0372945799048585,-12.60782528426766,-0.5187160679260534,0.0910005777319029,1.3789568905317617,-1.6579510530919457,-1.0034411239741452,-2.222457490819234,-18.493218343846483,4.987678502367109,-3.3841303109738217,-16.029325034328846,-1.1133865930808255,-3.9982882529201444,-4.324281945917589
292.7352162704982,415.9683407297646,-1149.163428298596,1060.9733389864668,-6.0856000751231685,0.0,-290.98048965708415,51.8608201624392,0.5812253391263413,-1.1241527246854426,-1.4267943954079885,7.195028972959772,1.821325045794112,9.4717227871742,0.09614097750727216,0.34832417433634544,-2.0592619863391723,6.78950984656521,2.0674143134191327,1.0611895233028583,-6.230055756749929,14.400524206684642,-0.4633238884771217,1.7675888833284477,-5.6262827730061336
-101.78777929172973,805.1523850742641,-358.73180209266195,487.70519324406735,3.5753393380303162,0.0,-317.60412137969246,-0.8910264018258104,-0.01388220388106001,-0.12890123523343405,-2.800930937098078,3.775959432195943,-3.7144470741930586,0.8219834588452015,2.668700102080994,1.1154849029970995,-6.527934290161509,2.687025567083117,-11.707543449641793,2.0413051786294223,-6.06321243081828,-2.2078312135073053,-1.558970081511622,-3.148145141034278,-4.166511694062627
-686.6287867549956,588.0247633253978,3836.228169131073,-411.1253539585546,-7.896356484491135,0.0,-283.38211634369367,2.1722253800876095,-5.454902258578497,-100.80413492410172,-29.308145484006573,1.663220883412379,0.19926084248533787,5.616090575719533,0.5274711839410321,3.6198478663459173,-1.7841419521283013,13.926562053170256,3.307272028773515,13.37830659727154,4.561728227638567,5.17032156747317,-5.003965425394533,-7.456323917875598,-3.912944624458309
19.04758375355774,641.4652916988383,-1525.9665937102739,-463.535369255363,-8.951359326994654,0.0,-299.45744013580054,-1.046837859385657,-12.73094434702493,0.3862227725963255,-2.0279520882164928,1.8825802793308617,-1.7404061082797102,0.9470468070662589,6.244782932777769,1.0523166879831087,-0.987625021255749,-1.881854630671942,2.606096438977479,10.767187805970472,23.483086105242098,-2.7758322688830974,-0.18949032533488616,-3.9130781270819126,-5.074498409482749
-1621.5639682866577,5.139745066507495,3926.688296817349,-953.5545009209795,2.3311832555808056,0.0,-264.7729623616574,-0.4346365419335621,2.618903700227689,13.21104295062951,-12.782478692049981,-1.527889691939844,-1.1663628168845581,-62.79284939737656,-2.455448499972199,2.615711483804642,0.792431034070536,27.987835286852114,2.815957411115101,3.1234358479898154,-17.511220180749522,-2.3541504308197054,0.7079096409489073,28.12212629468518,-3.0907882115095573
432.6475974164147,591.3067043178777,-814.9822125994339,-986.3315788757671,-16.506441028432384,0.0,-319.2293641220674,-10.036578044275188,0.06438419676202344,0.7422231496995045,-2.5240792337279476,0.24195519824808936,13.567014103565434,-1.217176822069875,6.247535345796993,0.7541185923561919,-2.072548528282797,-5.361538708864348,2.7519353828175244,-89.28871337326026,-21.023194011736074,-3.6579592054015007,-3.3770424668418353,-10.193252235118509,-12.640721904251965
1900.684450301811,-1073.4502887676424,2539.566863094553,-571.3931245040945,-18.477842982041388,0.0,-268.76808657637326,21.267047635376375,-1.8053760470967037,-0.8851820994839157,-0.3520481004727831,3.905280192959187,-1.5884269537331528,-3.1634988782220264,-0.023941252054094718,4.009209406580355,1.8885639547039073,-0.7268000839992705,2.9874396429097456,-3.1223778499512154,1.0986217454335252,2.340379085825779,24.000946440589274,12.138360677295916,8.24708196066161
-300.20311914215813,-219.40045033123957,272.45038690122897,-438.166534027475,-8.888367136204597,0.0,-305.54658093652074,-4.840213326939399,0.658591462136943,2.324661732087051,-0.057791762886607485,1.4641737621245472,1.5796811078380406,-1.2210931941985659,12.392028813201941,-0.49833927471305495,-2.509063028994314,30.9419538593007,3.8310271074882083,-6.739221244046942,-2.324691361290516,6.575002707581781,-2.2155156200713444,-4.709855286108493,-0.47637070968661627
235.4569912952167,-774.5030828202573,-1196.2186794799923,519.5174303037811,-6.7581176861938905,0.0,-318.0913123675186,-4.6025458222901845,0.26641915719200365,0.15580991603554523,1.3362331354387202,6.543890179450644,1.2505659045544293,-0.1319424415398748,2.4048486550885038,-12.912810630609796,-2.514119629957226,1.9021701479705377,0.4712524457138871,-7.015578623945297,-3.4597434866895016,3.8112169861742737,5.503632766028073,-0.31797744971403524,-1.61903178338662
565.7531537679414,-318.75056500961193,3514.6769407215766,-1165.367743848977,-17.08137395279317,0.0,2555.1058751007367,8.078750608790225,4.589163373111693,0.2002367969610223,2.0970699153405206,6.415790915223517,-2.6729664113032987,12.215994310881944,-1.137574197485638,-0.15468538915290408,-3.435686881309702,30.706087192423528,14.691907460324202,-1.4812616765703939,38.43500766386832,2.9321848160610644,-8.800825342688157,-4.943690996760907,-8.818291010200385
1103.3001793757035,-219.6729444212664,-1847.7528770921888,912.1993628220758,3.3876638506998487,0.0,2716.5660523592123,9.811158127784248,2.171726251019685,0.1944020500144525,11.90537388467807,14.774267404183613,0.9862493219109966,8.495424678590805,0.21156765415563064,1.8686246904137194,7.284865839314634,8.957717336537629,12.263147865374693,-5.821204180818915,-4.309894434816479,3.35223865607012,-0.76382149952174,4.7003961902907205,26.840339922303777
-1363.9734441731205,6.1922483383354034,-1145.798411967625,-841.2465123154082,4.951516833392437,0.0,-333.73305332116155,13.828419859880873,3.477301123167829,2.9657321098256237,4.141098557857352,-1.0326789303469874,-17.63847411243444,0.7098766703692746,6.062044927469986,-0.326784565807318,-0.30970249981623255,-1.7733387077728247,3.3354854803327476,20.956849558441757,0.301597365462161,72.9371711405215,-4.026295545873702,-1.3625875625521577,-3.3080751647607602
